# pragma once

const unsigned char modelWeights[] = {
  0x20, 0x00, 0x00, 0x00, 0x54, 0x46, 0x4c, 0x33, 0x00, 0x00, 0x00, 0x00,
  0x14, 0x00, 0x20, 0x00, 0x1c, 0x00, 0x18, 0x00, 0x14, 0x00, 0x10, 0x00,
  0x0c, 0x00, 0x00, 0x00, 0x08, 0x00, 0x04, 0x00, 0x14, 0x00, 0x00, 0x00,
  0x1c, 0x00, 0x00, 0x00, 0x8c, 0x00, 0x00, 0x00, 0x0c, 0x01, 0x00, 0x00,
  0x7c, 0x72, 0x00, 0x00, 0x8c, 0x72, 0x00, 0x00, 0x84, 0x8e, 0x00, 0x00,
  0x03, 0x00, 0x00, 0x00, 0x01, 0x00, 0x00, 0x00, 0x04, 0x00, 0x00, 0x00,
  0x22, 0x8d, 0xff, 0xff, 0x0c, 0x00, 0x00, 0x00, 0x1c, 0x00, 0x00, 0x00,
  0x3c, 0x00, 0x00, 0x00, 0x0f, 0x00, 0x00, 0x00, 0x73, 0x65, 0x72, 0x76,
  0x69, 0x6e, 0x67, 0x5f, 0x64, 0x65, 0x66, 0x61, 0x75, 0x6c, 0x74, 0x00,
  0x01, 0x00, 0x00, 0x00, 0x04, 0x00, 0x00, 0x00, 0x68, 0xff, 0xff, 0xff,
  0x14, 0x00, 0x00, 0x00, 0x04, 0x00, 0x00, 0x00, 0x08, 0x00, 0x00, 0x00,
  0x6f, 0x75, 0x74, 0x70, 0x75, 0x74, 0x5f, 0x30, 0x00, 0x00, 0x00, 0x00,
  0x01, 0x00, 0x00, 0x00, 0x04, 0x00, 0x00, 0x00, 0x0e, 0x8e, 0xff, 0xff,
  0x04, 0x00, 0x00, 0x00, 0x0c, 0x00, 0x00, 0x00, 0x6b, 0x65, 0x72, 0x61,
  0x73, 0x5f, 0x74, 0x65, 0x6e, 0x73, 0x6f, 0x72, 0x00, 0x00, 0x00, 0x00,
  0x03, 0x00, 0x00, 0x00, 0x5c, 0x00, 0x00, 0x00, 0x2c, 0x00, 0x00, 0x00,
  0x04, 0x00, 0x00, 0x00, 0xb8, 0xff, 0xff, 0xff, 0x18, 0x00, 0x00, 0x00,
  0x04, 0x00, 0x00, 0x00, 0x13, 0x00, 0x00, 0x00, 0x43, 0x4f, 0x4e, 0x56,
  0x45, 0x52, 0x53, 0x49, 0x4f, 0x4e, 0x5f, 0x4d, 0x45, 0x54, 0x41, 0x44,
  0x41, 0x54, 0x41, 0x00, 0xdc, 0xff, 0xff, 0xff, 0x17, 0x00, 0x00, 0x00,
  0x04, 0x00, 0x00, 0x00, 0x13, 0x00, 0x00, 0x00, 0x6d, 0x69, 0x6e, 0x5f,
  0x72, 0x75, 0x6e, 0x74, 0x69, 0x6d, 0x65, 0x5f, 0x76, 0x65, 0x72, 0x73,
  0x69, 0x6f, 0x6e, 0x00, 0x08, 0x00, 0x0c, 0x00, 0x08, 0x00, 0x04, 0x00,
  0x08, 0x00, 0x00, 0x00, 0x16, 0x00, 0x00, 0x00, 0x04, 0x00, 0x00, 0x00,
  0x13, 0x00, 0x00, 0x00, 0x6d, 0x69, 0x6e, 0x5f, 0x72, 0x75, 0x6e, 0x74,
  0x69, 0x6d, 0x65, 0x5f, 0x76, 0x65, 0x72, 0x73, 0x69, 0x6f, 0x6e, 0x00,
  0x19, 0x00, 0x00, 0x00, 0x6c, 0x71, 0x00, 0x00, 0x64, 0x71, 0x00, 0x00,
  0x4c, 0x71, 0x00, 0x00, 0x30, 0x71, 0x00, 0x00, 0xfc, 0x70, 0x00, 0x00,
  0x5c, 0x70, 0x00, 0x00, 0x8c, 0x69, 0x00, 0x00, 0xbc, 0x68, 0x00, 0x00,
  0xec, 0x2b, 0x00, 0x00, 0x4c, 0x2b, 0x00, 0x00, 0xbc, 0x02, 0x00, 0x00,
  0x2c, 0x02, 0x00, 0x00, 0xfc, 0x00, 0x00, 0x00, 0xf4, 0x00, 0x00, 0x00,
  0xec, 0x00, 0x00, 0x00, 0xe4, 0x00, 0x00, 0x00, 0xdc, 0x00, 0x00, 0x00,
  0xd4, 0x00, 0x00, 0x00, 0xcc, 0x00, 0x00, 0x00, 0xc4, 0x00, 0x00, 0x00,
  0xbc, 0x00, 0x00, 0x00, 0xb4, 0x00, 0x00, 0x00, 0x94, 0x00, 0x00, 0x00,
  0x74, 0x00, 0x00, 0x00, 0x04, 0x00, 0x00, 0x00, 0x16, 0x8f, 0xff, 0xff,
  0x04, 0x00, 0x00, 0x00, 0x60, 0x00, 0x00, 0x00, 0x0c, 0x00, 0x00, 0x00,
  0x08, 0x00, 0x0e, 0x00, 0x08, 0x00, 0x04, 0x00, 0x08, 0x00, 0x00, 0x00,
  0x10, 0x00, 0x00, 0x00, 0x28, 0x00, 0x00, 0x00, 0x00, 0x00, 0x06, 0x00,
  0x08, 0x00, 0x04, 0x00, 0x06, 0x00, 0x00, 0x00, 0x04, 0x00, 0x00, 0x00,
  0x01, 0x00, 0x00, 0x00, 0xeb, 0x03, 0x00, 0x00, 0x0c, 0x00, 0x18, 0x00,
  0x14, 0x00, 0x10, 0x00, 0x0c, 0x00, 0x04, 0x00, 0x0c, 0x00, 0x00, 0x00,
  0xae, 0xef, 0xf4, 0x8c, 0x8e, 0x32, 0xf1, 0x41, 0x02, 0x00, 0x00, 0x00,
  0x02, 0x00, 0x00, 0x00, 0x04, 0x00, 0x00, 0x00, 0x06, 0x00, 0x00, 0x00,
  0x32, 0x2e, 0x31, 0x39, 0x2e, 0x30, 0x00, 0x00, 0x82, 0x8f, 0xff, 0xff,
  0x04, 0x00, 0x00, 0x00, 0x10, 0x00, 0x00, 0x00, 0x00, 0x00, 0x00, 0x00,
  0x00, 0x00, 0x00, 0x00, 0x00, 0x00, 0x00, 0x00, 0x00, 0x00, 0x00, 0x00,
  0x9e, 0x8f, 0xff, 0xff, 0x04, 0x00, 0x00, 0x00, 0x10, 0x00, 0x00, 0x00,
  0x31, 0x2e, 0x31, 0x34, 0x2e, 0x30, 0x00, 0x00, 0x00, 0x00, 0x00, 0x00,
  0x00, 0x00, 0x00, 0x00, 0x60, 0x74, 0xff, 0xff, 0x64, 0x74, 0xff, 0xff,
  0x68, 0x74, 0xff, 0xff, 0x6c, 0x74, 0xff, 0xff, 0x70, 0x74, 0xff, 0xff,
  0x74, 0x74, 0xff, 0xff, 0x78, 0x74, 0xff, 0xff, 0x7c, 0x74, 0xff, 0xff,
  0x80, 0x74, 0xff, 0xff, 0xde, 0x8f, 0xff, 0xff, 0x04, 0x00, 0x00, 0x00,
  0x20, 0x01, 0x00, 0x00, 0xab, 0xa9, 0x9e, 0xf3, 0xf5, 0x2e, 0x73, 0x7f,
  0x1d, 0x01, 0x3f, 0x0c, 0x25, 0x62, 0xd8, 0x8e, 0x87, 0x81, 0xe8, 0x04,
  0x17, 0x34, 0x37, 0x26, 0x9f, 0x8c, 0x81, 0x81, 0xc6, 0x0a, 0xed, 0xd6,
  0x2b, 0x31, 0x44, 0x1d, 0x55, 0xed, 0xd2, 0xe2, 0x31, 0x57, 0xaf, 0xaa,
  0x7f, 0x0b, 0xc2, 0x28, 0x34, 0x88, 0x0e, 0x1f, 0x81, 0x40, 0x7f, 0x56,
  0x37, 0xd0, 0x28, 0x84, 0x33, 0x10, 0x34, 0x5c, 0xe3, 0xc8, 0x32, 0x28,
  0x99, 0x46, 0x25, 0x81, 0xe8, 0x81, 0x1c, 0x25, 0x56, 0x3e, 0x30, 0xbb,
  0x0c, 0x68, 0x30, 0x6b, 0x40, 0x54, 0x07, 0xa0, 0x81, 0xd7, 0x81, 0xcd,
  0xb5, 0xfb, 0xb7, 0x09, 0x54, 0xa9, 0xc1, 0x81, 0x84, 0xec, 0x13, 0x34,
  0x01, 0x53, 0x41, 0x0e, 0x34, 0x41, 0x88, 0x20, 0x38, 0x9a, 0x13, 0x41,
  0x81, 0x52, 0x81, 0x3b, 0xd3, 0x3c, 0x36, 0x3b, 0xd4, 0xf0, 0xa6, 0xaa,
  0x8b, 0xb1, 0x81, 0xcb, 0x4a, 0x44, 0x06, 0x36, 0xef, 0x42, 0x09, 0x3c,
  0x40, 0x81, 0xa4, 0x87, 0x81, 0xcd, 0x2c, 0xfd, 0x29, 0x31, 0x9f, 0xb2,
  0x4f, 0x26, 0x8e, 0x81, 0x43, 0xd4, 0x1f, 0xdb, 0x52, 0x6f, 0xca, 0x24,
  0x37, 0x81, 0xd5, 0x33, 0x2f, 0x1e, 0x50, 0xfd, 0x03, 0x2f, 0x1a, 0xd8,
  0x3e, 0x8e, 0xa6, 0x81, 0x30, 0x39, 0xd3, 0xf3, 0x10, 0xa1, 0x14, 0x03,
  0x81, 0x00, 0x00, 0x00, 0x00, 0x00, 0x00, 0x00, 0x00, 0x00, 0x72, 0x7f,
  0x76, 0xe0, 0xb8, 0x9b, 0xb2, 0xdc, 0xe1, 0xf7, 0xa4, 0x81, 0xb0, 0x03,
  0xbf, 0x2e, 0x1a, 0x51, 0xd2, 0x81, 0xf8, 0x0e, 0x05, 0x4c, 0x21, 0x3d,
  0xe5, 0x23, 0x24, 0x1d, 0x3e, 0xfe, 0x30, 0x81, 0x9b, 0x82, 0xc5, 0xf9,
  0x8d, 0x81, 0xa7, 0xbd, 0x60, 0x13, 0x6b, 0x5a, 0xcd, 0x81, 0xb6, 0xd0,
  0xbf, 0x92, 0xf8, 0x95, 0xf3, 0xd7, 0x81, 0xb8, 0xa6, 0x0b, 0xe3, 0x26,
  0x54, 0x23, 0xca, 0xf8, 0x19, 0xab, 0xda, 0x9d, 0x81, 0xdc, 0x7f, 0x18,
  0x35, 0x24, 0x3a, 0x70, 0xfe, 0xc3, 0x6f, 0x1b, 0xb4, 0x2c, 0x36, 0xd5,
  0x03, 0xd6, 0x81, 0xdc, 0x0a, 0x91, 0xff, 0xff, 0x04, 0x00, 0x00, 0x00,
  0x80, 0x00, 0x00, 0x00, 0x8c, 0xe3, 0xff, 0xff, 0xe6, 0x0a, 0x00, 0x00,
  0xc0, 0x94, 0xff, 0xff, 0x5b, 0xf3, 0xff, 0xff, 0x12, 0x9b, 0xff, 0xff,
  0xe0, 0x02, 0x00, 0x00, 0x14, 0x87, 0xff, 0xff, 0x93, 0xfe, 0xff, 0xff,
  0x3a, 0xe5, 0xff, 0xff, 0x32, 0x87, 0xff, 0xff, 0x28, 0x52, 0x00, 0x00,
  0x5e, 0xf1, 0xff, 0xff, 0x60, 0x00, 0x00, 0x00, 0x67, 0xbb, 0xff, 0xff,
  0xdd, 0x52, 0x00, 0x00, 0xb9, 0xb2, 0xff, 0xff, 0x8e, 0x1a, 0x00, 0x00,
  0x6a, 0xf0, 0xff, 0xff, 0x41, 0xc1, 0xff, 0xff, 0x45, 0xbe, 0xff, 0xff,
  0xe8, 0x01, 0x00, 0x00, 0x60, 0xda, 0xdf, 0xe8, 0xdf, 0xef, 0xff, 0xff,
  0xac, 0x20, 0x00, 0x00, 0x78, 0xc5, 0xff, 0xff, 0x84, 0xbf, 0xff, 0xff,
  0xab, 0x74, 0x00, 0x00, 0xf4, 0x42, 0x00, 0x00, 0xb4, 0x39, 0x00, 0x00,
  0xa2, 0x4b, 0x00, 0x00, 0xf8, 0x1e, 0xff, 0xff, 0xb3, 0x20, 0x00, 0x00,
  0x96, 0x91, 0xff, 0xff, 0x04, 0x00, 0x00, 0x00, 0x80, 0x28, 0x00, 0x00,
  0xd8, 0xc4, 0x00, 0x07, 0xe5, 0x52, 0xbc, 0x3c, 0xf5, 0x94, 0x44, 0x09,
  0x66, 0x0e, 0x1f, 0xeb, 0x4b, 0xf3, 0x1d, 0x00, 0x2c, 0x00, 0xc6, 0x1e,
  0x15, 0xe6, 0x08, 0xfb, 0x22, 0x29, 0xef, 0x29, 0xfc, 0x08, 0x00, 0x08,
  0xd9, 0x2b, 0xe9, 0x6f, 0xff, 0xe1, 0x37, 0x12, 0x7f, 0x17, 0x21, 0x05,
  0x4a, 0xfb, 0xeb, 0x01, 0x0b, 0x00, 0xca, 0x11, 0x0c, 0xee, 0x08, 0xf0,
  0x1d, 0x13, 0xf9, 0x0c, 0xfb, 0x16, 0x00, 0x08, 0xdb, 0x20, 0xe1, 0x70,
  0xfc, 0xf5, 0x42, 0x18, 0x78, 0x19, 0x21, 0x16, 0x24, 0x18, 0xe5, 0x00,
  0x14, 0x00, 0xe1, 0x1c, 0xf6, 0x0e, 0x12, 0xf6, 0x2a, 0x2c, 0xea, 0x31,
  0xbb, 0x14, 0xf9, 0xd5, 0xf6, 0x2e, 0xb2, 0x3c, 0xb9, 0xb3, 0x04, 0xc8,
  0x61, 0xf5, 0xff, 0x10, 0x20, 0xd7, 0x1a, 0xfc, 0x20, 0x00, 0xc7, 0xf8,
  0x13, 0x0b, 0xfa, 0xc1, 0x02, 0xf9, 0xc7, 0x05, 0xdb, 0x36, 0xf2, 0xed,
  0xe5, 0x2b, 0xc0, 0x5a, 0xd4, 0xcd, 0x00, 0xe8, 0x62, 0x0b, 0x04, 0xfd,
  0x0e, 0xf3, 0x03, 0xee, 0xfd, 0x00, 0xcc, 0x01, 0x1f, 0x06, 0xfe, 0xc4,
  0xfd, 0xec, 0xe6, 0xe8, 0xe3, 0x42, 0xf0, 0xfa, 0x11, 0x21, 0xd9, 0x72,
  0xdf, 0xfc, 0x0a, 0xf3, 0x7c, 0x0a, 0x11, 0xfc, 0xef, 0xfa, 0xea, 0xe4,
  0x22, 0x00, 0xe6, 0xf9, 0x14, 0xf3, 0x10, 0xcc, 0x10, 0x04, 0xd6, 0x11,
  0xe1, 0x49, 0x01, 0xe6, 0xdb, 0x28, 0xc1, 0x46, 0xe6, 0xe2, 0x02, 0xdd,
  0x56, 0x06, 0xf4, 0xee, 0x1e, 0xe1, 0xfb, 0xff, 0x3f, 0x00, 0x1b, 0xcc,
  0xfd, 0xe4, 0xfb, 0xeb, 0xf5, 0x17, 0xd9, 0x3d, 0xdf, 0x4f, 0xe7, 0xd9,
  0xf0, 0x20, 0xd0, 0x6b, 0xe1, 0xf0, 0xf5, 0xd0, 0x72, 0x02, 0xf0, 0xdc,
  0x15, 0xf4, 0xef, 0xfc, 0x1b, 0x00, 0x1e, 0xcd, 0x07, 0xe3, 0xf8, 0xf8,
  0xf4, 0x10, 0xd9, 0x30, 0xdb, 0x36, 0xf9, 0xdb, 0xf1, 0x11, 0xe0, 0x74,
  0xff, 0xf7, 0xfd, 0xe4, 0x66, 0x02, 0xf9, 0xf0, 0x04, 0xf7, 0xed, 0x00,
  0x14, 0x00, 0x1a, 0xcd, 0xf9, 0xd9, 0x03, 0xfe, 0x03, 0x1c, 0xda, 0x43,
  0x00, 0x00, 0x00, 0x00, 0x00, 0x00, 0x00, 0x00, 0x00, 0x00, 0x00, 0x00,
  0x00, 0x00, 0x00, 0x00, 0x00, 0x00, 0x00, 0x00, 0x00, 0x00, 0x00, 0x00,
  0x00, 0x00, 0x00, 0x00, 0x00, 0x00, 0x00, 0x00, 0x00, 0x00, 0x00, 0x00,
  0x00, 0x00, 0x00, 0x00, 0x00, 0x00, 0x00, 0x00, 0x00, 0x00, 0x00, 0x00,
  0x00, 0x00, 0x00, 0x00, 0x00, 0x00, 0x00, 0x00, 0x00, 0x00, 0x00, 0x00,
  0x00, 0x00, 0x00, 0x00, 0x00, 0x00, 0x00, 0x00, 0x00, 0x00, 0x00, 0x00,
  0x00, 0x00, 0x00, 0x00, 0x00, 0x00, 0x00, 0x00, 0x00, 0x00, 0x00, 0x00,
  0x00, 0x00, 0x00, 0x00, 0x00, 0x00, 0x00, 0x00, 0x00, 0x00, 0x00, 0x00,
  0x00, 0x00, 0x00, 0x00, 0x00, 0x00, 0x00, 0x00, 0x00, 0x00, 0x00, 0x00,
  0x00, 0x00, 0x00, 0x00, 0x00, 0x00, 0x00, 0x00, 0x00, 0x00, 0x00, 0x00,
  0x00, 0x00, 0x00, 0x00, 0x00, 0x00, 0x00, 0x00, 0x00, 0x00, 0x00, 0x00,
  0x00, 0x00, 0x00, 0x00, 0x00, 0x00, 0x00, 0x00, 0x00, 0x00, 0x00, 0x00,
  0x00, 0x00, 0x00, 0x00, 0x00, 0x00, 0x00, 0x00, 0x00, 0x00, 0x00, 0x00,
  0x00, 0x00, 0x00, 0x00, 0x00, 0x00, 0x00, 0x00, 0x00, 0x00, 0x00, 0x00,
  0x00, 0x00, 0x00, 0x00, 0x00, 0x00, 0x00, 0x00, 0x00, 0x00, 0x00, 0x00,
  0x00, 0x00, 0x00, 0x00, 0x00, 0x00, 0x00, 0x00, 0x00, 0x00, 0x00, 0x00,
  0x00, 0x00, 0x00, 0x00, 0x00, 0x00, 0x00, 0x00, 0x00, 0x00, 0x00, 0x00,
  0x00, 0x00, 0x00, 0x00, 0x00, 0x00, 0x00, 0x00, 0x00, 0x00, 0x00, 0x00,
  0x00, 0x00, 0x00, 0x00, 0x00, 0x00, 0x00, 0x00, 0x00, 0x00, 0x00, 0x00,
  0x00, 0x00, 0x00, 0x00, 0x00, 0x00, 0x00, 0x00, 0x00, 0x00, 0x00, 0x00,
  0x00, 0x00, 0x00, 0x00, 0x00, 0x00, 0x00, 0x00, 0x00, 0x00, 0x00, 0x00,
  0x00, 0x00, 0x00, 0x00, 0x00, 0x00, 0x00, 0x00, 0x00, 0x00, 0x00, 0x00,
  0x00, 0x00, 0x00, 0x00, 0x00, 0x00, 0x00, 0x00, 0x00, 0x00, 0x00, 0x00,
  0x00, 0x00, 0x00, 0x00, 0x00, 0x00, 0x00, 0x00, 0x00, 0x00, 0x00, 0x00,
  0x00, 0x00, 0x00, 0x00, 0x00, 0x00, 0x00, 0x00, 0x00, 0x00, 0x00, 0x00,
  0x00, 0x00, 0x00, 0x00, 0x00, 0x00, 0x00, 0x00, 0x00, 0x00, 0x00, 0x00,
  0x00, 0x00, 0x00, 0x00, 0x00, 0x00, 0x00, 0x00, 0x00, 0x00, 0x00, 0x00,
  0x00, 0x00, 0x00, 0x00, 0x00, 0x00, 0x00, 0x00, 0x00, 0x00, 0x00, 0x00,
  0x00, 0x00, 0x00, 0x00, 0x00, 0x00, 0x00, 0x00, 0x00, 0x00, 0x00, 0x00,
  0x00, 0x00, 0x00, 0x00, 0x00, 0x00, 0x00, 0x00, 0x00, 0x00, 0x00, 0x00,
  0x00, 0x00, 0x00, 0x00, 0x00, 0x00, 0x00, 0x00, 0x00, 0x00, 0x00, 0x00,
  0x00, 0x00, 0x00, 0x00, 0x00, 0x00, 0x00, 0x00, 0x00, 0x00, 0x00, 0x00,
  0x00, 0x00, 0x00, 0x00, 0x00, 0x00, 0x00, 0x00, 0x00, 0x00, 0x00, 0x00,
  0x00, 0x00, 0x00, 0x00, 0x00, 0x00, 0x00, 0x00, 0x00, 0x00, 0x00, 0x00,
  0x00, 0x00, 0x00, 0x00, 0x00, 0x00, 0x00, 0x00, 0x00, 0x00, 0x00, 0x00,
  0x00, 0x00, 0x00, 0x00, 0x00, 0x00, 0x00, 0x00, 0x00, 0x00, 0x00, 0x00,
  0x00, 0x00, 0x00, 0x00, 0x00, 0x00, 0x00, 0x00, 0x00, 0x00, 0x00, 0x00,
  0x00, 0x00, 0x00, 0x00, 0x00, 0x00, 0x00, 0x00, 0x00, 0x00, 0x00, 0x00,
  0x00, 0x00, 0x00, 0x00, 0x00, 0x00, 0x00, 0x00, 0x00, 0x00, 0x00, 0x00,
  0x00, 0x00, 0x00, 0x00, 0x00, 0x00, 0x00, 0x00, 0x00, 0x00, 0x00, 0x00,
  0x00, 0x00, 0x00, 0x00, 0x00, 0x00, 0x00, 0x00, 0x00, 0x00, 0x00, 0x00,
  0x00, 0x00, 0x00, 0x00, 0x00, 0x00, 0x00, 0x00, 0x00, 0x00, 0x00, 0x00,
  0x00, 0x00, 0x00, 0x00, 0x00, 0x00, 0x00, 0x00, 0x00, 0x00, 0x00, 0x00,
  0x00, 0x00, 0x00, 0x00, 0x00, 0x00, 0x00, 0x00, 0x00, 0x00, 0x00, 0x00,
  0x00, 0x00, 0x00, 0x00, 0x00, 0x00, 0x00, 0x00, 0x00, 0x00, 0x00, 0x00,
  0x00, 0x00, 0x00, 0x00, 0x00, 0x00, 0x00, 0x00, 0x00, 0x00, 0x00, 0x00,
  0x00, 0x00, 0x00, 0x00, 0x00, 0x00, 0x00, 0x00, 0x00, 0x00, 0x00, 0x00,
  0x00, 0x00, 0x00, 0x00, 0x00, 0x00, 0x00, 0x00, 0x00, 0x00, 0x00, 0x00,
  0x45, 0x3f, 0x00, 0x0d, 0x35, 0xa9, 0xdc, 0xa0, 0xf9, 0x52, 0x20, 0x22,
  0x92, 0xf8, 0x30, 0xf2, 0xda, 0x2b, 0x1f, 0xfb, 0xa8, 0x00, 0x2e, 0x27,
  0x16, 0x06, 0x22, 0x0c, 0x15, 0xfe, 0xed, 0x15, 0x3c, 0x36, 0x00, 0x0e,
  0x28, 0xd5, 0xed, 0xdc, 0x02, 0x56, 0x16, 0x21, 0xbf, 0x01, 0x11, 0xf0,
  0xe6, 0x2e, 0x38, 0xff, 0xb6, 0x00, 0x2c, 0x2b, 0x0b, 0xf0, 0x01, 0xd5,
  0x03, 0xf8, 0xf7, 0x06, 0x25, 0x0c, 0x00, 0x05, 0x37, 0xcd, 0xfc, 0xfe,
  0xf0, 0x65, 0x03, 0x0b, 0xde, 0xf9, 0x10, 0xef, 0xec, 0x1e, 0x0e, 0xfc,
  0x9e, 0x00, 0x3e, 0x19, 0x17, 0xef, 0xf9, 0xaf, 0x02, 0xda, 0xf4, 0xfa,
  0x22, 0x1e, 0xeb, 0xdf, 0x32, 0xc2, 0x06, 0x05, 0x3e, 0x13, 0x05, 0x05,
  0xdd, 0x04, 0x06, 0x83, 0xec, 0x16, 0x13, 0xee, 0xba, 0x00, 0x5f, 0xea,
  0xfe, 0x99, 0xec, 0xf8, 0xfa, 0xf6, 0xf0, 0x14, 0x10, 0x32, 0xec, 0xdb,
  0x29, 0xdf, 0xf8, 0x24, 0x2b, 0x24, 0xfd, 0xfe, 0xe0, 0xfa, 0xf1, 0x81,
  0xfa, 0x29, 0x02, 0xf5, 0xc4, 0x00, 0x58, 0xea, 0xea, 0xad, 0xfe, 0xba,
  0xf4, 0x05, 0xfc, 0x1e, 0x2d, 0x46, 0xef, 0xfc, 0x2f, 0xdf, 0x01, 0x3c,
  0x1c, 0x3e, 0xe2, 0xfa, 0xf7, 0xff, 0xf4, 0x99, 0xfc, 0x4c, 0x0a, 0xec,
  0xb2, 0x00, 0x69, 0xf3, 0xf8, 0xc5, 0xfa, 0xb0, 0xf3, 0xee, 0xd4, 0x1d,
  0x42, 0xf8, 0xfe, 0x2b, 0x23, 0xc6, 0x0e, 0xef, 0x2f, 0xff, 0x0f, 0x0c,
  0xd4, 0xfb, 0x1c, 0x07, 0x12, 0x5c, 0x42, 0xf9, 0xdb, 0x00, 0x5b, 0x32,
  0xed, 0xf1, 0x17, 0x02, 0x16, 0x10, 0xf0, 0x15, 0x4e, 0xef, 0xfb, 0x1d,
  0x06, 0xdc, 0xea, 0x0e, 0x46, 0x01, 0x13, 0x20, 0xfd, 0xfc, 0x16, 0xee,
  0xfd, 0x52, 0x3a, 0x06, 0xf9, 0x00, 0x47, 0x2a, 0xe6, 0xf8, 0x09, 0xf0,
  0x0a, 0x1e, 0x07, 0x18, 0x47, 0xfb, 0x1d, 0x05, 0x05, 0xfe, 0xfc, 0x2b,
  0x25, 0x22, 0x1c, 0x18, 0x05, 0xff, 0x04, 0xf6, 0xf2, 0x5b, 0xef, 0x17,
  0xd5, 0x00, 0x52, 0x25, 0xe5, 0x03, 0x06, 0xe5, 0x06, 0x18, 0xec, 0x08,
  0x00, 0x00, 0x00, 0x00, 0x00, 0x00, 0x00, 0x00, 0x00, 0x00, 0x00, 0x00,
  0x00, 0x00, 0x00, 0x00, 0x00, 0x00, 0x00, 0x00, 0x00, 0x00, 0x00, 0x00,
  0x00, 0x00, 0x00, 0x00, 0x00, 0x00, 0x00, 0x00, 0x00, 0x00, 0x00, 0x00,
  0x00, 0x00, 0x00, 0x00, 0x00, 0x00, 0x00, 0x00, 0x00, 0x00, 0x00, 0x00,
  0x00, 0x00, 0x00, 0x00, 0x00, 0x00, 0x00, 0x00, 0x00, 0x00, 0x00, 0x00,
  0x00, 0x00, 0x00, 0x00, 0x00, 0x00, 0x00, 0x00, 0x00, 0x00, 0x00, 0x00,
  0x00, 0x00, 0x00, 0x00, 0x00, 0x00, 0x00, 0x00, 0x00, 0x00, 0x00, 0x00,
  0x00, 0x00, 0x00, 0x00, 0x00, 0x00, 0x00, 0x00, 0x00, 0x00, 0x00, 0x00,
  0x00, 0x00, 0x00, 0x00, 0x00, 0x00, 0x00, 0x00, 0x00, 0x00, 0x00, 0x00,
  0x00, 0x00, 0x00, 0x00, 0x00, 0x00, 0x00, 0x00, 0x00, 0x00, 0x00, 0x00,
  0x00, 0x00, 0x00, 0x00, 0x00, 0x00, 0x00, 0x00, 0x00, 0x00, 0x00, 0x00,
  0x00, 0x00, 0x00, 0x00, 0x00, 0x00, 0x00, 0x00, 0x00, 0x00, 0x00, 0x00,
  0x00, 0x00, 0x00, 0x00, 0x00, 0x00, 0x00, 0x00, 0x00, 0x00, 0x00, 0x00,
  0x00, 0x00, 0x00, 0x00, 0x00, 0x00, 0x00, 0x00, 0x00, 0x00, 0x00, 0x00,
  0x00, 0x00, 0x00, 0x00, 0x00, 0x00, 0x00, 0x00, 0x00, 0x00, 0x00, 0x00,
  0x00, 0x00, 0x00, 0x00, 0x00, 0x00, 0x00, 0x00, 0x00, 0x00, 0x00, 0x00,
  0x00, 0x00, 0x00, 0x00, 0x00, 0x00, 0x00, 0x00, 0x00, 0x00, 0x00, 0x00,
  0x00, 0x00, 0x00, 0x00, 0x00, 0x00, 0x00, 0x00, 0x00, 0x00, 0x00, 0x00,
  0x00, 0x00, 0x00, 0x00, 0x00, 0x00, 0x00, 0x00, 0x00, 0x00, 0x00, 0x00,
  0x00, 0x00, 0x00, 0x00, 0x00, 0x00, 0x00, 0x00, 0x00, 0x00, 0x00, 0x00,
  0x00, 0x00, 0x00, 0x00, 0x00, 0x00, 0x00, 0x00, 0x00, 0x00, 0x00, 0x00,
  0x00, 0x00, 0x00, 0x00, 0x00, 0x00, 0x00, 0x00, 0x00, 0x00, 0x00, 0x00,
  0x00, 0x00, 0x00, 0x00, 0x00, 0x00, 0x00, 0x00, 0x00, 0x00, 0x00, 0x00,
  0x00, 0x00, 0x00, 0x00, 0x00, 0x00, 0x00, 0x00, 0x00, 0x00, 0x00, 0x00,
  0x00, 0x00, 0x00, 0x00, 0x00, 0x00, 0x00, 0x00, 0x00, 0x00, 0x00, 0x00,
  0x00, 0x00, 0x00, 0x00, 0x00, 0x00, 0x00, 0x00, 0x00, 0x00, 0x00, 0x00,
  0x00, 0x00, 0x00, 0x00, 0x00, 0x00, 0x00, 0x00, 0x00, 0x00, 0x00, 0x00,
  0x00, 0x00, 0x00, 0x00, 0x00, 0x00, 0x00, 0x00, 0x00, 0x00, 0x00, 0x00,
  0x00, 0x00, 0x00, 0x00, 0x00, 0x00, 0x00, 0x00, 0x00, 0x00, 0x00, 0x00,
  0x00, 0x00, 0x00, 0x00, 0x00, 0x00, 0x00, 0x00, 0x00, 0x00, 0x00, 0x00,
  0x00, 0x00, 0x00, 0x00, 0x00, 0x00, 0x00, 0x00, 0x00, 0x00, 0x00, 0x00,
  0x00, 0x00, 0x00, 0x00, 0x00, 0x00, 0x00, 0x00, 0x00, 0x00, 0x00, 0x00,
  0x00, 0x00, 0x00, 0x00, 0x00, 0x00, 0x00, 0x00, 0x00, 0x00, 0x00, 0x00,
  0x00, 0x00, 0x00, 0x00, 0x00, 0x00, 0x00, 0x00, 0x00, 0x00, 0x00, 0x00,
  0x00, 0x00, 0x00, 0x00, 0x00, 0x00, 0x00, 0x00, 0x00, 0x00, 0x00, 0x00,
  0x00, 0x00, 0x00, 0x00, 0x00, 0x00, 0x00, 0x00, 0x00, 0x00, 0x00, 0x00,
  0x00, 0x00, 0x00, 0x00, 0x00, 0x00, 0x00, 0x00, 0x00, 0x00, 0x00, 0x00,
  0x00, 0x00, 0x00, 0x00, 0x00, 0x00, 0x00, 0x00, 0x00, 0x00, 0x00, 0x00,
  0x00, 0x00, 0x00, 0x00, 0x00, 0x00, 0x00, 0x00, 0x00, 0x00, 0x00, 0x00,
  0x00, 0x00, 0x00, 0x00, 0x00, 0x00, 0x00, 0x00, 0x00, 0x00, 0x00, 0x00,
  0x00, 0x00, 0x00, 0x00, 0x00, 0x00, 0x00, 0x00, 0x00, 0x00, 0x00, 0x00,
  0x00, 0x00, 0x00, 0x00, 0x00, 0x00, 0x00, 0x00, 0x00, 0x00, 0x00, 0x00,
  0x00, 0x00, 0x00, 0x00, 0x00, 0x00, 0x00, 0x00, 0x00, 0x00, 0x00, 0x00,
  0x00, 0x00, 0x00, 0x00, 0x00, 0x00, 0x00, 0x00, 0x00, 0x00, 0x00, 0x00,
  0x00, 0x00, 0x00, 0x00, 0x00, 0x00, 0x00, 0x00, 0x00, 0x00, 0x00, 0x00,
  0x00, 0x00, 0x00, 0x00, 0x00, 0x00, 0x00, 0x00, 0x00, 0x00, 0x00, 0x00,
  0x00, 0x00, 0x00, 0x00, 0x00, 0x00, 0x00, 0x00, 0x00, 0x00, 0x00, 0x00,
  0x00, 0x00, 0x00, 0x00, 0x00, 0x00, 0x00, 0x00, 0x00, 0x00, 0x00, 0x00,
  0x00, 0x00, 0x00, 0x00, 0x00, 0x00, 0x00, 0x00, 0x00, 0x00, 0x00, 0x00,
  0x00, 0x00, 0x00, 0x00, 0x00, 0x00, 0x00, 0x00, 0x00, 0x00, 0x00, 0x00,
  0x00, 0x00, 0x00, 0x00, 0x00, 0x00, 0x00, 0x00, 0x00, 0x00, 0x00, 0x00,
  0x00, 0x00, 0x00, 0x00, 0x00, 0x00, 0x00, 0x00, 0x00, 0x00, 0x00, 0x00,
  0x00, 0x00, 0x00, 0x00, 0x00, 0x00, 0x00, 0x00, 0x00, 0x00, 0x00, 0x00,
  0x00, 0x00, 0x00, 0x00, 0x00, 0x00, 0x00, 0x00, 0x00, 0x00, 0x00, 0x00,
  0x00, 0x00, 0x00, 0x00, 0x00, 0x00, 0x00, 0x00, 0x00, 0x00, 0x00, 0x00,
  0x00, 0x00, 0x00, 0x00, 0x00, 0x00, 0x00, 0x00, 0x00, 0x00, 0x00, 0x00,
  0x00, 0x00, 0x00, 0x00, 0x00, 0x00, 0x00, 0x00, 0x00, 0x00, 0x00, 0x00,
  0x00, 0x00, 0x00, 0x00, 0x00, 0x00, 0x00, 0x00, 0x00, 0x00, 0x00, 0x00,
  0x00, 0x00, 0x00, 0x00, 0x00, 0x00, 0x00, 0x00, 0x00, 0x00, 0x00, 0x00,
  0x00, 0x00, 0x00, 0x00, 0x00, 0x00, 0x00, 0x00, 0x00, 0x00, 0x00, 0x00,
  0x00, 0x00, 0x00, 0x00, 0x00, 0x00, 0x00, 0x00, 0x00, 0x00, 0x00, 0x00,
  0x00, 0x00, 0x00, 0x00, 0x00, 0x00, 0x00, 0x00, 0x00, 0x00, 0x00, 0x00,
  0x00, 0x00, 0x00, 0x00, 0x00, 0x00, 0x00, 0x00, 0x00, 0x00, 0x00, 0x00,
  0x00, 0x00, 0x00, 0x00, 0x00, 0x00, 0x00, 0x00, 0x00, 0x00, 0x00, 0x00,
  0x00, 0x00, 0x00, 0x00, 0x00, 0x00, 0x00, 0x00, 0x00, 0x00, 0x00, 0x00,
  0x00, 0x00, 0x00, 0x00, 0x00, 0x00, 0x00, 0x00, 0x00, 0x00, 0x00, 0x00,
  0x00, 0x00, 0x00, 0x00, 0x00, 0x00, 0x00, 0x00, 0x00, 0x00, 0x00, 0x00,
  0x00, 0x00, 0x00, 0x00, 0x00, 0x00, 0x00, 0x00, 0x00, 0x00, 0x00, 0x00,
  0x00, 0x00, 0x00, 0x00, 0x00, 0x00, 0x00, 0x00, 0x00, 0x00, 0x00, 0x00,
  0x00, 0x00, 0x00, 0x00, 0x00, 0x00, 0x00, 0x00, 0x00, 0x00, 0x00, 0x00,
  0x00, 0x00, 0x00, 0x00, 0x00, 0x00, 0x00, 0x00, 0x00, 0x00, 0x00, 0x00,
  0x00, 0x00, 0x00, 0x00, 0x00, 0x00, 0x00, 0x00, 0x00, 0x00, 0x00, 0x00,
  0x00, 0x00, 0x00, 0x00, 0x00, 0x00, 0x00, 0x00, 0x00, 0x00, 0x00, 0x00,
  0x00, 0x00, 0x00, 0x00, 0x00, 0x00, 0x00, 0x00, 0x00, 0x00, 0x00, 0x00,
  0x00, 0x00, 0x00, 0x00, 0x00, 0x00, 0x00, 0x00, 0x00, 0x00, 0x00, 0x00,
  0x00, 0x00, 0x00, 0x00, 0x00, 0x00, 0x00, 0x00, 0x00, 0x00, 0x00, 0x00,
  0x00, 0x00, 0x00, 0x00, 0x00, 0x00, 0x00, 0x00, 0x00, 0x00, 0x00, 0x00,
  0x00, 0x00, 0x00, 0x00, 0x00, 0x00, 0x00, 0x00, 0x00, 0x00, 0x00, 0x00,
  0x00, 0x00, 0x00, 0x00, 0x00, 0x00, 0x00, 0x00, 0x00, 0x00, 0x00, 0x00,
  0x00, 0x00, 0x00, 0x00, 0x00, 0x00, 0x00, 0x00, 0x00, 0x00, 0x00, 0x00,
  0x00, 0x00, 0x00, 0x00, 0x00, 0x00, 0x00, 0x00, 0x00, 0x00, 0x00, 0x00,
  0x00, 0x00, 0x00, 0x00, 0x00, 0x00, 0x00, 0x00, 0x00, 0x00, 0x00, 0x00,
  0x00, 0x00, 0x00, 0x00, 0x00, 0x00, 0x00, 0x00, 0x00, 0x00, 0x00, 0x00,
  0x00, 0x00, 0x00, 0x00, 0x00, 0x00, 0x00, 0x00, 0x00, 0x00, 0x00, 0x00,
  0x00, 0x00, 0x00, 0x00, 0x00, 0x00, 0x00, 0x00, 0x00, 0x00, 0x00, 0x00,
  0x00, 0x00, 0x00, 0x00, 0x00, 0x00, 0x00, 0x00, 0x00, 0x00, 0x00, 0x00,
  0x00, 0x00, 0x00, 0x00, 0x00, 0x00, 0x00, 0x00, 0x00, 0x00, 0x00, 0x00,
  0x00, 0x00, 0x00, 0x00, 0x00, 0x00, 0x00, 0x00, 0x00, 0x00, 0x00, 0x00,
  0x00, 0x00, 0x00, 0x00, 0x00, 0x00, 0x00, 0x00, 0x00, 0x00, 0x00, 0x00,
  0x00, 0x00, 0x00, 0x00, 0x00, 0x00, 0x00, 0x00, 0x00, 0x00, 0x00, 0x00,
  0x00, 0x00, 0x00, 0x00, 0x00, 0x00, 0x00, 0x00, 0x00, 0x00, 0x00, 0x00,
  0x00, 0x00, 0x00, 0x00, 0x00, 0x00, 0x00, 0x00, 0x00, 0x00, 0x00, 0x00,
  0x00, 0x00, 0x00, 0x00, 0x00, 0x00, 0x00, 0x00, 0x00, 0x00, 0x00, 0x00,
  0x00, 0x00, 0x00, 0x00, 0x00, 0x00, 0x00, 0x00, 0x00, 0x00, 0x00, 0x00,
  0x00, 0x00, 0x00, 0x00, 0x00, 0x00, 0x00, 0x00, 0x00, 0x00, 0x00, 0x00,
  0x00, 0x00, 0x00, 0x00, 0x00, 0x00, 0x00, 0x00, 0x00, 0x00, 0x00, 0x00,
  0x0e, 0x74, 0x00, 0x1e, 0x42, 0xe9, 0x26, 0x35, 0x07, 0x7f, 0x04, 0x19,
  0x1a, 0xff, 0x1d, 0xf2, 0x2a, 0x20, 0x1b, 0x02, 0xde, 0x00, 0x3c, 0x32,
  0x2b, 0x01, 0x27, 0x03, 0x39, 0x12, 0x05, 0xfa, 0x16, 0xf9, 0x00, 0x17,
  0x09, 0xbb, 0xf8, 0x3f, 0xf3, 0x54, 0x06, 0x0e, 0xf0, 0xf6, 0x0f, 0xda,
  0xfe, 0x13, 0x05, 0x00, 0xb8, 0x00, 0x1b, 0x11, 0x1a, 0xe0, 0x23, 0xce,
  0x1e, 0xf2, 0xd2, 0xd4, 0x18, 0x08, 0x00, 0x26, 0x37, 0xa6, 0xf1, 0x07,
  0x03, 0x5b, 0xff, 0x0b, 0xd8, 0x01, 0x1c, 0xf3, 0x3a, 0x28, 0x6d, 0x01,
  0x94, 0x00, 0x1e, 0xff, 0x1b, 0xe2, 0x29, 0xa3, 0x1e, 0xfd, 0xf3, 0xda,
  0xf9, 0x03, 0xdf, 0x29, 0x19, 0xd9, 0x0a, 0x31, 0xe9, 0x50, 0xe1, 0x09,
  0x1c, 0xfb, 0x08, 0x04, 0x2c, 0x0a, 0x11, 0xe3, 0xde, 0x00, 0x0b, 0x18,
  0xfe, 0x10, 0x16, 0xd1, 0x27, 0xe9, 0xf6, 0xe3, 0x1e, 0xff, 0xe6, 0x33,
  0x06, 0xc6, 0xe5, 0x25, 0xe7, 0x23, 0xd4, 0x0f, 0xeb, 0xfc, 0x02, 0xff,
  0xfc, 0x2e, 0x2c, 0xef, 0xca, 0x00, 0xda, 0x1f, 0xf2, 0x0e, 0x2b, 0x96,
  0x11, 0xc7, 0xe5, 0xc4, 0x1b, 0x18, 0xe9, 0x2b, 0xe6, 0xcc, 0xe1, 0xfe,
  0x10, 0x39, 0xeb, 0x0d, 0xe3, 0x08, 0x11, 0x10, 0x0f, 0x0e, 0x7f, 0xeb,
  0xec, 0x00, 0xcb, 0xff, 0xe1, 0x1c, 0x12, 0xb1, 0xfe, 0xe7, 0xf8, 0xe7,
  0x19, 0xcb, 0xff, 0x3e, 0x35, 0xc9, 0xe3, 0x0b, 0x19, 0x13, 0xdd, 0x2f,
  0x03, 0x02, 0x09, 0xea, 0x33, 0x28, 0x35, 0xfb, 0xba, 0x00, 0xdb, 0x32,
  0xfb, 0x06, 0x23, 0xc2, 0x26, 0xc2, 0x02, 0xb1, 0xfd, 0xed, 0x08, 0x3e,
  0x21, 0xc0, 0xeb, 0x1e, 0xfe, 0x18, 0xe4, 0x19, 0x04, 0xf7, 0x08, 0x08,
  0xfb, 0x0e, 0x2a, 0x00, 0xd8, 0x00, 0xe2, 0xfd, 0x04, 0x0d, 0x12, 0xac,
  0xf2, 0xbe, 0x03, 0xba, 0xf0, 0x10, 0xfb, 0x0f, 0x1a, 0xc4, 0xf0, 0xf0,
  0xf4, 0x2a, 0x02, 0xf0, 0xec, 0x06, 0x01, 0xfe, 0x1a, 0xf9, 0x56, 0xfa,
  0xf2, 0x00, 0x01, 0xfa, 0x02, 0x18, 0x08, 0xe8, 0x03, 0xf3, 0x05, 0xe0,
  0x1a, 0x9b, 0x00, 0xf1, 0x1b, 0xab, 0xf4, 0xb8, 0xea, 0xc6, 0x18, 0x0d,
  0xa8, 0x01, 0x1b, 0xa9, 0xcb, 0x01, 0xcf, 0xfd, 0xcf, 0x00, 0xe0, 0x0f,
  0xf7, 0xa2, 0x1c, 0xc5, 0xf8, 0x05, 0xdc, 0x05, 0x24, 0x9f, 0x00, 0x01,
  0x04, 0xc8, 0xd6, 0x87, 0xed, 0x98, 0x14, 0x16, 0x81, 0xff, 0x1a, 0xa9,
  0xde, 0x05, 0xf6, 0xfe, 0xc8, 0x00, 0xdc, 0x0b, 0xf0, 0xa4, 0x13, 0xd4,
  0xf9, 0x08, 0xf1, 0x11, 0x04, 0x82, 0x00, 0xee, 0x1d, 0xf1, 0xe0, 0xb7,
  0xff, 0xab, 0x10, 0x00, 0xc2, 0x03, 0x12, 0xbb, 0xe1, 0xf7, 0xfd, 0x00,
  0xe0, 0x00, 0xdf, 0xfe, 0xef, 0xa9, 0x0d, 0xd0, 0xf4, 0xfd, 0xf8, 0x09,
  0x13, 0x21, 0xf9, 0xdc, 0xf6, 0xc8, 0x18, 0x06, 0x2a, 0x00, 0x20, 0xf6,
  0xe3, 0xfd, 0x23, 0xa7, 0xc9, 0x01, 0xd4, 0xf1, 0xcc, 0x00, 0x44, 0xfb,
  0xfa, 0xd5, 0x22, 0xc8, 0xfa, 0x0f, 0xf6, 0x1e, 0xfe, 0x20, 0xfb, 0xc5,
  0xf3, 0xeb, 0x09, 0xe5, 0x11, 0xf9, 0x24, 0xe5, 0xa7, 0xf3, 0x1d, 0x98,
  0xed, 0xe1, 0xf6, 0xf1, 0xb9, 0x00, 0x2c, 0xee, 0x07, 0xd5, 0x1c, 0xd3,
  0xf9, 0x1e, 0xfa, 0x2d, 0xfa, 0x28, 0xfa, 0xd4, 0xec, 0xff, 0xfd, 0x14,
  0x08, 0x02, 0x19, 0xda, 0x01, 0xf2, 0x1d, 0xaf, 0xf3, 0x12, 0xf4, 0xf1,
  0xe6, 0x00, 0x2d, 0x11, 0xe7, 0xdb, 0x1d, 0xd2, 0x0a, 0x1f, 0xf9, 0x2b,
  0x3b, 0xf2, 0xe3, 0x1c, 0x0d, 0xdb, 0x3a, 0xd1, 0xf9, 0xf3, 0x40, 0x11,
  0xcb, 0xf9, 0x4e, 0xcf, 0xeb, 0x47, 0xf1, 0xf8, 0xe6, 0x00, 0x64, 0x4a,
  0xf7, 0xd2, 0x49, 0xe1, 0x1f, 0x2f, 0x0b, 0x1f, 0x45, 0x03, 0xe8, 0x31,
  0x00, 0xf1, 0x26, 0xd2, 0x24, 0xe1, 0x3e, 0x20, 0xc2, 0x03, 0x4b, 0xd4,
  0x00, 0x45, 0x0a, 0x02, 0xd6, 0x00, 0x68, 0x47, 0xf0, 0xd0, 0x48, 0x00,
  0x1e, 0x3a, 0xf7, 0x28, 0x42, 0x03, 0xf9, 0x2c, 0x17, 0x0b, 0x0b, 0x09,
  0x32, 0x0c, 0x40, 0x1a, 0x08, 0x05, 0x45, 0xe7, 0x18, 0x51, 0x05, 0x02,
  0xf3, 0x00, 0x61, 0x4a, 0xfe, 0xf4, 0x42, 0x01, 0x2c, 0x3d, 0xfd, 0x27,
  0x17, 0xdd, 0x00, 0xf0, 0x34, 0x2c, 0x09, 0x21, 0x19, 0x16, 0xf5, 0xe8,
  0x0e, 0x0b, 0xe1, 0x0f, 0xc9, 0x12, 0x17, 0x00, 0x22, 0x00, 0x0c, 0xef,
  0xee, 0x15, 0xf5, 0x16, 0xbe, 0xec, 0xfc, 0xf6, 0x11, 0xeb, 0x00, 0xe9,
  0x48, 0x09, 0x04, 0x03, 0x01, 0x32, 0x2b, 0xe7, 0xfa, 0xed, 0xf5, 0xd9,
  0x08, 0x12, 0x14, 0x00, 0x0e, 0x00, 0x1c, 0xee, 0xf2, 0xee, 0xf7, 0x2b,
  0xcb, 0x07, 0xed, 0x09, 0x0c, 0xd4, 0x00, 0xe8, 0x22, 0x6b, 0xf4, 0xed,
  0x07, 0xfe, 0x1b, 0xe3, 0xe0, 0xff, 0xdf, 0xbc, 0x3d, 0x10, 0x01, 0x00,
  0xef, 0x00, 0xff, 0xd0, 0xef, 0xc6, 0xf4, 0x31, 0xd3, 0x12, 0xf7, 0x2d,
  0x2c, 0xfc, 0x14, 0x11, 0x1f, 0xf6, 0x1f, 0x0e, 0x2e, 0xf4, 0xb6, 0x26,
  0x09, 0xfc, 0xd6, 0xf8, 0x13, 0x40, 0xcb, 0x22, 0xee, 0x00, 0xf2, 0x1e,
  0x06, 0x18, 0xe7, 0xb9, 0xcc, 0xe3, 0x26, 0xe7, 0x2d, 0xfd, 0x18, 0x20,
  0x2e, 0xfb, 0xfc, 0xff, 0x23, 0x0d, 0xdc, 0x27, 0x02, 0x04, 0xfb, 0x14,
  0x27, 0x30, 0xe3, 0x23, 0xf6, 0x00, 0xf3, 0x0b, 0xfe, 0x1e, 0xf1, 0xd2,
  0xde, 0xf0, 0x15, 0xe4, 0x18, 0xf3, 0x30, 0x13, 0x23, 0x1f, 0xf8, 0xf7,
  0x2b, 0x0d, 0xe5, 0x1e, 0xfd, 0xfb, 0xe5, 0x0c, 0x2b, 0x26, 0xd7, 0x0e,
  0xfe, 0x00, 0xf7, 0xfd, 0xff, 0x22, 0xe6, 0x13, 0xd7, 0x1a, 0x07, 0xe3,
  0xd1, 0x09, 0x00, 0xce, 0xe9, 0x06, 0x00, 0xca, 0xd7, 0xcf, 0x0e, 0xdc,
  0x81, 0xfb, 0x0f, 0xe5, 0xd5, 0xc1, 0xdf, 0x00, 0xf5, 0x00, 0xd7, 0xfa,
  0xff, 0xe6, 0xe1, 0xfc, 0xef, 0x11, 0x07, 0x00, 0xd3, 0x1c, 0x00, 0xf4,
  0xfa, 0xe8, 0xf5, 0xd3, 0xd7, 0xbe, 0x09, 0xd5, 0xc4, 0xf6, 0x0c, 0xdd,
  0xba, 0xd0, 0xd2, 0x00, 0x01, 0x00, 0xdd, 0xff, 0x01, 0xf0, 0xf6, 0x03,
  0x09, 0x1e, 0x08, 0x14, 0x06, 0x20, 0x00, 0xfa, 0x29, 0x01, 0xfc, 0xb1,
  0xea, 0xb6, 0x17, 0x05, 0x93, 0xf8, 0x2d, 0xe2, 0xc7, 0xf7, 0xd9, 0xfe,
  0xf0, 0x00, 0xcd, 0x2c, 0xff, 0xf5, 0xfb, 0x21, 0xfd, 0x2f, 0x0e, 0x1a,
  0x00, 0x00, 0x00, 0x00, 0x00, 0x00, 0x00, 0x00, 0x00, 0x00, 0x00, 0x00,
  0x00, 0x00, 0x00, 0x00, 0x00, 0x00, 0x00, 0x00, 0x00, 0x00, 0x00, 0x00,
  0x00, 0x00, 0x00, 0x00, 0x00, 0x00, 0x00, 0x00, 0x00, 0x00, 0x00, 0x00,
  0x00, 0x00, 0x00, 0x00, 0x00, 0x00, 0x00, 0x00, 0x00, 0x00, 0x00, 0x00,
  0x00, 0x00, 0x00, 0x00, 0x00, 0x00, 0x00, 0x00, 0x00, 0x00, 0x00, 0x00,
  0x00, 0x00, 0x00, 0x00, 0x00, 0x00, 0x00, 0x00, 0x00, 0x00, 0x00, 0x00,
  0x00, 0x00, 0x00, 0x00, 0x00, 0x00, 0x00, 0x00, 0x00, 0x00, 0x00, 0x00,
  0x00, 0x00, 0x00, 0x00, 0x00, 0x00, 0x00, 0x00, 0x00, 0x00, 0x00, 0x00,
  0x00, 0x00, 0x00, 0x00, 0x00, 0x00, 0x00, 0x00, 0x00, 0x00, 0x00, 0x00,
  0x00, 0x00, 0x00, 0x00, 0x00, 0x00, 0x00, 0x00, 0x00, 0x00, 0x00, 0x00,
  0x00, 0x00, 0x00, 0x00, 0x00, 0x00, 0x00, 0x00, 0x00, 0x00, 0x00, 0x00,
  0x00, 0x00, 0x00, 0x00, 0x00, 0x00, 0x00, 0x00, 0x00, 0x00, 0x00, 0x00,
  0x00, 0x00, 0x00, 0x00, 0x00, 0x00, 0x00, 0x00, 0x00, 0x00, 0x00, 0x00,
  0x00, 0x00, 0x00, 0x00, 0x00, 0x00, 0x00, 0x00, 0x00, 0x00, 0x00, 0x00,
  0x00, 0x00, 0x00, 0x00, 0x00, 0x00, 0x00, 0x00, 0x00, 0x00, 0x00, 0x00,
  0x00, 0x00, 0x00, 0x00, 0x00, 0x00, 0x00, 0x00, 0x00, 0x00, 0x00, 0x00,
  0x00, 0x00, 0x00, 0x00, 0x00, 0x00, 0x00, 0x00, 0x00, 0x00, 0x00, 0x00,
  0x00, 0x00, 0x00, 0x00, 0x00, 0x00, 0x00, 0x00, 0x00, 0x00, 0x00, 0x00,
  0x00, 0x00, 0x00, 0x00, 0x00, 0x00, 0x00, 0x00, 0x00, 0x00, 0x00, 0x00,
  0x00, 0x00, 0x00, 0x00, 0x00, 0x00, 0x00, 0x00, 0x00, 0x00, 0x00, 0x00,
  0x00, 0x00, 0x00, 0x00, 0x00, 0x00, 0x00, 0x00, 0x00, 0x00, 0x00, 0x00,
  0x00, 0x00, 0x00, 0x00, 0x00, 0x00, 0x00, 0x00, 0x00, 0x00, 0x00, 0x00,
  0x00, 0x00, 0x00, 0x00, 0x00, 0x00, 0x00, 0x00, 0x00, 0x00, 0x00, 0x00,
  0x00, 0x00, 0x00, 0x00, 0x00, 0x00, 0x00, 0x00, 0x00, 0x00, 0x00, 0x00,
  0x00, 0x00, 0x00, 0x00, 0x00, 0x00, 0x00, 0x00, 0x00, 0x00, 0x00, 0x00,
  0x00, 0x00, 0x00, 0x00, 0x00, 0x00, 0x00, 0x00, 0x00, 0x00, 0x00, 0x00,
  0x00, 0x00, 0x00, 0x00, 0x00, 0x00, 0x00, 0x00, 0x00, 0x00, 0x00, 0x00,
  0x00, 0x00, 0x00, 0x00, 0x00, 0x00, 0x00, 0x00, 0x00, 0x00, 0x00, 0x00,
  0x00, 0x00, 0x00, 0x00, 0x00, 0x00, 0x00, 0x00, 0x00, 0x00, 0x00, 0x00,
  0x00, 0x00, 0x00, 0x00, 0x00, 0x00, 0x00, 0x00, 0x00, 0x00, 0x00, 0x00,
  0x00, 0x00, 0x00, 0x00, 0x00, 0x00, 0x00, 0x00, 0x00, 0x00, 0x00, 0x00,
  0x00, 0x00, 0x00, 0x00, 0x00, 0x00, 0x00, 0x00, 0x00, 0x00, 0x00, 0x00,
  0x00, 0x00, 0x00, 0x00, 0x00, 0x00, 0x00, 0x00, 0x00, 0x00, 0x00, 0x00,
  0x00, 0x00, 0x00, 0x00, 0x00, 0x00, 0x00, 0x00, 0x00, 0x00, 0x00, 0x00,
  0x00, 0x00, 0x00, 0x00, 0x00, 0x00, 0x00, 0x00, 0x00, 0x00, 0x00, 0x00,
  0x00, 0x00, 0x00, 0x00, 0x00, 0x00, 0x00, 0x00, 0x00, 0x00, 0x00, 0x00,
  0x00, 0x00, 0x00, 0x00, 0x00, 0x00, 0x00, 0x00, 0x00, 0x00, 0x00, 0x00,
  0x00, 0x00, 0x00, 0x00, 0x00, 0x00, 0x00, 0x00, 0x00, 0x00, 0x00, 0x00,
  0x00, 0x00, 0x00, 0x00, 0x00, 0x00, 0x00, 0x00, 0x00, 0x00, 0x00, 0x00,
  0x00, 0x00, 0x00, 0x00, 0x00, 0x00, 0x00, 0x00, 0x00, 0x00, 0x00, 0x00,
  0x00, 0x00, 0x00, 0x00, 0x00, 0x00, 0x00, 0x00, 0x00, 0x00, 0x00, 0x00,
  0x00, 0x00, 0x00, 0x00, 0x00, 0x00, 0x00, 0x00, 0x00, 0x00, 0x00, 0x00,
  0x00, 0x00, 0x00, 0x00, 0x00, 0x00, 0x00, 0x00, 0x00, 0x00, 0x00, 0x00,
  0x00, 0x00, 0x00, 0x00, 0x00, 0x00, 0x00, 0x00, 0x00, 0x00, 0x00, 0x00,
  0x00, 0x00, 0x00, 0x00, 0x00, 0x00, 0x00, 0x00, 0x00, 0x00, 0x00, 0x00,
  0x00, 0x00, 0x00, 0x00, 0x00, 0x00, 0x00, 0x00, 0x00, 0x00, 0x00, 0x00,
  0x00, 0x00, 0x00, 0x00, 0x00, 0x00, 0x00, 0x00, 0x00, 0x00, 0x00, 0x00,
  0x00, 0x00, 0x00, 0x00, 0x00, 0x00, 0x00, 0x00, 0x00, 0x00, 0x00, 0x00,
  0x00, 0x00, 0x00, 0x00, 0x00, 0x00, 0x00, 0x00, 0x00, 0x00, 0x00, 0x00,
  0x00, 0x00, 0x00, 0x00, 0x00, 0x00, 0x00, 0x00, 0x00, 0x00, 0x00, 0x00,
  0x00, 0x00, 0x00, 0x00, 0x00, 0x00, 0x00, 0x00, 0x00, 0x00, 0x00, 0x00,
  0x00, 0x00, 0x00, 0x00, 0x00, 0x00, 0x00, 0x00, 0x00, 0x00, 0x00, 0x00,
  0x00, 0x00, 0x00, 0x00, 0x00, 0x00, 0x00, 0x00, 0x00, 0x00, 0x00, 0x00,
  0x00, 0x00, 0x00, 0x00, 0x00, 0x00, 0x00, 0x00, 0x00, 0x00, 0x00, 0x00,
  0x00, 0x00, 0x00, 0x00, 0x00, 0x00, 0x00, 0x00, 0x00, 0x00, 0x00, 0x00,
  0x00, 0x00, 0x00, 0x00, 0x00, 0x00, 0x00, 0x00, 0x00, 0x00, 0x00, 0x00,
  0x00, 0x00, 0x00, 0x00, 0x00, 0x00, 0x00, 0x00, 0x00, 0x00, 0x00, 0x00,
  0x00, 0x00, 0x00, 0x00, 0x00, 0x00, 0x00, 0x00, 0x00, 0x00, 0x00, 0x00,
  0x00, 0x00, 0x00, 0x00, 0x00, 0x00, 0x00, 0x00, 0x00, 0x00, 0x00, 0x00,
  0x00, 0x00, 0x00, 0x00, 0x00, 0x00, 0x00, 0x00, 0x00, 0x00, 0x00, 0x00,
  0x00, 0x00, 0x00, 0x00, 0x00, 0x00, 0x00, 0x00, 0x00, 0x00, 0x00, 0x00,
  0x00, 0x00, 0x00, 0x00, 0x00, 0x00, 0x00, 0x00, 0x00, 0x00, 0x00, 0x00,
  0x00, 0x00, 0x00, 0x00, 0x00, 0x00, 0x00, 0x00, 0x00, 0x00, 0x00, 0x00,
  0x00, 0x00, 0x00, 0x00, 0x00, 0x00, 0x00, 0x00, 0x00, 0x00, 0x00, 0x00,
  0x00, 0x00, 0x00, 0x00, 0x00, 0x00, 0x00, 0x00, 0x00, 0x00, 0x00, 0x00,
  0x00, 0x00, 0x00, 0x00, 0x00, 0x00, 0x00, 0x00, 0x00, 0x00, 0x00, 0x00,
  0x00, 0x00, 0x00, 0x00, 0x00, 0x00, 0x00, 0x00, 0x00, 0x00, 0x00, 0x00,
  0x00, 0x00, 0x00, 0x00, 0x00, 0x00, 0x00, 0x00, 0x00, 0x00, 0x00, 0x00,
  0x00, 0x00, 0x00, 0x00, 0x00, 0x00, 0x00, 0x00, 0x00, 0x00, 0x00, 0x00,
  0x00, 0x00, 0x00, 0x00, 0x00, 0x00, 0x00, 0x00, 0x00, 0x00, 0x00, 0x00,
  0x00, 0x00, 0x00, 0x00, 0x00, 0x00, 0x00, 0x00, 0x00, 0x00, 0x00, 0x00,
  0x00, 0x00, 0x00, 0x00, 0x00, 0x00, 0x00, 0x00, 0x00, 0x00, 0x00, 0x00,
  0x00, 0x00, 0x00, 0x00, 0x00, 0x00, 0x00, 0x00, 0x00, 0x00, 0x00, 0x00,
  0x00, 0x00, 0x00, 0x00, 0x00, 0x00, 0x00, 0x00, 0x00, 0x00, 0x00, 0x00,
  0x00, 0x00, 0x00, 0x00, 0x00, 0x00, 0x00, 0x00, 0x00, 0x00, 0x00, 0x00,
  0x00, 0x00, 0x00, 0x00, 0x00, 0x00, 0x00, 0x00, 0x00, 0x00, 0x00, 0x00,
  0x00, 0x00, 0x00, 0x00, 0x00, 0x00, 0x00, 0x00, 0x00, 0x00, 0x00, 0x00,
  0x00, 0x00, 0x00, 0x00, 0x00, 0x00, 0x00, 0x00, 0x00, 0x00, 0x00, 0x00,
  0x00, 0x00, 0x00, 0x00, 0x00, 0x00, 0x00, 0x00, 0x00, 0x00, 0x00, 0x00,
  0x00, 0x00, 0x00, 0x00, 0x00, 0x00, 0x00, 0x00, 0x00, 0x00, 0x00, 0x00,
  0x00, 0x00, 0x00, 0x00, 0x00, 0x00, 0x00, 0x00, 0x00, 0x00, 0x00, 0x00,
  0x00, 0x00, 0x00, 0x00, 0x00, 0x00, 0x00, 0x00, 0x00, 0x00, 0x00, 0x00,
  0x00, 0x00, 0x00, 0x00, 0x00, 0x00, 0x00, 0x00, 0x00, 0x00, 0x00, 0x00,
  0x00, 0x00, 0x00, 0x00, 0x00, 0x00, 0x00, 0x00, 0x00, 0x00, 0x00, 0x00,
  0x00, 0x00, 0x00, 0x00, 0x00, 0x00, 0x00, 0x00, 0x00, 0x00, 0x00, 0x00,
  0x00, 0x00, 0x00, 0x00, 0x00, 0x00, 0x00, 0x00, 0x00, 0x00, 0x00, 0x00,
  0x00, 0x00, 0x00, 0x00, 0x00, 0x00, 0x00, 0x00, 0x00, 0x00, 0x00, 0x00,
  0x00, 0x00, 0x00, 0x00, 0x00, 0x00, 0x00, 0x00, 0x00, 0x00, 0x00, 0x00,
  0x00, 0x00, 0x00, 0x00, 0x00, 0x00, 0x00, 0x00, 0x00, 0x00, 0x00, 0x00,
  0x00, 0x00, 0x00, 0x00, 0x00, 0x00, 0x00, 0x00, 0x00, 0x00, 0x00, 0x00,
  0x00, 0x00, 0x00, 0x00, 0x00, 0x00, 0x00, 0x00, 0x00, 0x00, 0x00, 0x00,
  0x00, 0x00, 0x00, 0x00, 0x00, 0x00, 0x00, 0x00, 0x00, 0x00, 0x00, 0x00,
  0x00, 0x00, 0x00, 0x00, 0x00, 0x00, 0x00, 0x00, 0x00, 0x00, 0x00, 0x00,
  0x00, 0x00, 0x00, 0x00, 0x00, 0x00, 0x00, 0x00, 0x00, 0x00, 0x00, 0x00,
  0x00, 0x00, 0x00, 0x00, 0x00, 0x00, 0x00, 0x00, 0x00, 0x00, 0x00, 0x00,
  0x00, 0x00, 0x00, 0x00, 0x00, 0x00, 0x00, 0x00, 0x00, 0x00, 0x00, 0x00,
  0xfc, 0x2d, 0x00, 0xff, 0x1c, 0xc1, 0x0a, 0xf7, 0xff, 0x47, 0xec, 0xff,
  0xd5, 0xfd, 0xe2, 0x08, 0xe0, 0xf8, 0x22, 0xfa, 0xe6, 0x00, 0x23, 0xe9,
  0x01, 0x0b, 0xe8, 0x0e, 0xe3, 0xf2, 0x09, 0xf4, 0xfd, 0x2f, 0x00, 0xfa,
  0x1d, 0xe5, 0x0c, 0xf8, 0x0c, 0x59, 0xe6, 0xf8, 0xcd, 0x05, 0xdc, 0x06,
  0x07, 0xee, 0x21, 0xfa, 0xe9, 0x00, 0x37, 0xec, 0x05, 0x0f, 0xe6, 0x15,
  0xee, 0xf2, 0x08, 0xfa, 0xeb, 0x3b, 0x00, 0x02, 0x0b, 0x00, 0x16, 0x17,
  0x07, 0x55, 0xd7, 0xf1, 0xfe, 0x02, 0xce, 0x20, 0x22, 0xf9, 0x33, 0xfe,
  0xfd, 0x00, 0x41, 0xe7, 0x08, 0x10, 0xd5, 0x14, 0xd8, 0xe7, 0x18, 0xfb,
  0xf6, 0x04, 0x00, 0xea, 0x29, 0xbc, 0x20, 0x11, 0xf9, 0x13, 0x0a, 0xfd,
  0xe8, 0x01, 0xfd, 0xde, 0xde, 0xd3, 0xff, 0x00, 0xeb, 0x00, 0x17, 0xf4,
  0x04, 0xe4, 0xfc, 0x13, 0xf3, 0x0d, 0x07, 0x06, 0xcf, 0xf1, 0x00, 0xe9,
  0x21, 0xe7, 0x14, 0x15, 0xf5, 0x0f, 0x08, 0xef, 0xd8, 0xfd, 0xf7, 0xd2,
  0x07, 0xde, 0x06, 0x00, 0xe5, 0x00, 0x11, 0xf5, 0x15, 0xd4, 0xfe, 0x05,
  0xfa, 0x10, 0x10, 0x14, 0xe6, 0xe2, 0x00, 0x28, 0x0c, 0xf3, 0x1b, 0x05,
  0xfb, 0xfb, 0xf9, 0x06, 0xd8, 0xf2, 0xf1, 0xd7, 0x28, 0xf9, 0x2b, 0xfe,
  0xeb, 0x00, 0x1c, 0xfe, 0x18, 0xe5, 0xfc, 0x15, 0xfe, 0x0a, 0x05, 0x0e,
  0xf5, 0x26, 0x21, 0xf3, 0x32, 0xbb, 0x04, 0xe5, 0xce, 0x56, 0x10, 0xee,
  0xd3, 0xfa, 0x23, 0x6e, 0xf4, 0x10, 0x04, 0x16, 0x99, 0x00, 0xe5, 0x2a,
  0xf7, 0x7f, 0x22, 0x08, 0x24, 0x04, 0x24, 0xf8, 0x1f, 0x33, 0x21, 0x24,
  0x23, 0xd6, 0x0e, 0xda, 0xf1, 0x4c, 0x11, 0x15, 0xb9, 0xff, 0x2a, 0x6c,
  0x0e, 0x1a, 0x1a, 0x1f, 0x9a, 0x00, 0xce, 0x2f, 0xf0, 0x7b, 0x33, 0x01,
  0x26, 0x05, 0x1b, 0xfd, 0x07, 0x2a, 0x26, 0x1e, 0x0f, 0x03, 0x06, 0x03,
  0x0b, 0x50, 0x1a, 0x0e, 0xf2, 0xf9, 0x22, 0x64, 0x1a, 0xf6, 0x28, 0x15,
  0xbc, 0x00, 0xd5, 0x1b, 0xf2, 0x77, 0x22, 0xfc, 0x19, 0xf9, 0x1a, 0x01,
  0x00, 0x00, 0x00, 0x00, 0x00, 0x00, 0x00, 0x00, 0x00, 0x00, 0x00, 0x00,
  0x00, 0x00, 0x00, 0x00, 0x00, 0x00, 0x00, 0x00, 0x00, 0x00, 0x00, 0x00,
  0x00, 0x00, 0x00, 0x00, 0x00, 0x00, 0x00, 0x00, 0x00, 0x00, 0x00, 0x00,
  0x00, 0x00, 0x00, 0x00, 0x00, 0x00, 0x00, 0x00, 0x00, 0x00, 0x00, 0x00,
  0x00, 0x00, 0x00, 0x00, 0x00, 0x00, 0x00, 0x00, 0x00, 0x00, 0x00, 0x00,
  0x00, 0x00, 0x00, 0x00, 0x00, 0x00, 0x00, 0x00, 0x00, 0x00, 0x00, 0x00,
  0x00, 0x00, 0x00, 0x00, 0x00, 0x00, 0x00, 0x00, 0x00, 0x00, 0x00, 0x00,
  0x00, 0x00, 0x00, 0x00, 0x00, 0x00, 0x00, 0x00, 0x00, 0x00, 0x00, 0x00,
  0x00, 0x00, 0x00, 0x00, 0x00, 0x00, 0x00, 0x00, 0x00, 0x00, 0x00, 0x00,
  0x00, 0x00, 0x00, 0x00, 0x00, 0x00, 0x00, 0x00, 0x00, 0x00, 0x00, 0x00,
  0x00, 0x00, 0x00, 0x00, 0x00, 0x00, 0x00, 0x00, 0x00, 0x00, 0x00, 0x00,
  0x00, 0x00, 0x00, 0x00, 0x00, 0x00, 0x00, 0x00, 0x00, 0x00, 0x00, 0x00,
  0x00, 0x00, 0x00, 0x00, 0x00, 0x00, 0x00, 0x00, 0x00, 0x00, 0x00, 0x00,
  0x00, 0x00, 0x00, 0x00, 0x00, 0x00, 0x00, 0x00, 0x00, 0x00, 0x00, 0x00,
  0x00, 0x00, 0x00, 0x00, 0x00, 0x00, 0x00, 0x00, 0x00, 0x00, 0x00, 0x00,
  0x00, 0x00, 0x00, 0x00, 0x00, 0x00, 0x00, 0x00, 0x00, 0x00, 0x00, 0x00,
  0x00, 0x00, 0x00, 0x00, 0x00, 0x00, 0x00, 0x00, 0x00, 0x00, 0x00, 0x00,
  0x00, 0x00, 0x00, 0x00, 0x00, 0x00, 0x00, 0x00, 0x00, 0x00, 0x00, 0x00,
  0x00, 0x00, 0x00, 0x00, 0x00, 0x00, 0x00, 0x00, 0x00, 0x00, 0x00, 0x00,
  0x00, 0x00, 0x00, 0x00, 0x00, 0x00, 0x00, 0x00, 0x00, 0x00, 0x00, 0x00,
  0x00, 0x00, 0x00, 0x00, 0x00, 0x00, 0x00, 0x00, 0x00, 0x00, 0x00, 0x00,
  0x00, 0x00, 0x00, 0x00, 0x00, 0x00, 0x00, 0x00, 0x00, 0x00, 0x00, 0x00,
  0x00, 0x00, 0x00, 0x00, 0x00, 0x00, 0x00, 0x00, 0x00, 0x00, 0x00, 0x00,
  0x00, 0x00, 0x00, 0x00, 0x00, 0x00, 0x00, 0x00, 0x00, 0x00, 0x00, 0x00,
  0x2b, 0x98, 0x00, 0xf0, 0x20, 0xb5, 0xda, 0xc8, 0xe1, 0xab, 0x0f, 0x06,
  0xae, 0x04, 0x30, 0xbd, 0xaf, 0x25, 0x1a, 0xfe, 0xa6, 0x00, 0xc8, 0x15,
  0x0e, 0xb6, 0x20, 0xd3, 0x0f, 0x02, 0xc1, 0x02, 0x0d, 0x9f, 0x00, 0x07,
  0x1d, 0xa6, 0xcf, 0xbd, 0xec, 0xac, 0x11, 0x19, 0xa2, 0x06, 0x17, 0xbb,
  0xd1, 0xf8, 0x02, 0xff, 0xb7, 0x00, 0xbd, 0xf0, 0x12, 0xb2, 0x07, 0xb6,
  0x08, 0xf1, 0xcf, 0x07, 0x13, 0x81, 0x00, 0xf8, 0x18, 0xe8, 0xdf, 0xbf,
  0xfe, 0xc7, 0x07, 0x03, 0xd0, 0x08, 0xf8, 0xc4, 0xe0, 0x03, 0x1b, 0x01,
  0xdd, 0x00, 0xe3, 0x00, 0xf1, 0xb3, 0x05, 0xa5, 0xf1, 0xe4, 0xd8, 0x0b,
  0x19, 0x17, 0xf5, 0xe4, 0x07, 0xba, 0x1b, 0x01, 0x13, 0x01, 0xf3, 0xf4,
  0xf3, 0x06, 0xf7, 0x95, 0xbe, 0xec, 0x13, 0xf2, 0xb5, 0x00, 0x30, 0xfb,
  0xdf, 0xc3, 0x18, 0xb4, 0xfa, 0xe3, 0x08, 0x13, 0xd7, 0x15, 0xf5, 0x9c,
  0xf0, 0xd3, 0x22, 0x26, 0x1a, 0x14, 0x02, 0xcb, 0xc8, 0x04, 0x15, 0x94,
  0xd5, 0x08, 0xf7, 0xf1, 0xaf, 0x00, 0x2e, 0xde, 0xdf, 0xcc, 0x05, 0xae,
  0xf8, 0xe6, 0xf1, 0x1e, 0x0a, 0x26, 0xf5, 0xc6, 0xe8, 0xff, 0x11, 0x1b,
  0xfd, 0x26, 0xee, 0xd0, 0xef, 0xf1, 0x0f, 0xa2, 0xdb, 0x0c, 0x28, 0xec,
  0xc1, 0x00, 0x2c, 0xf3, 0xcf, 0xc4, 0x21, 0xb3, 0x09, 0x0b, 0xf0, 0x14,
  0x29, 0xd3, 0xe7, 0x0a, 0x1d, 0xd8, 0x0d, 0xe5, 0x0b, 0xff, 0x27, 0x0f,
  0xe4, 0x02, 0x4b, 0xf0, 0x10, 0x41, 0x30, 0xf5, 0xe1, 0x00, 0x42, 0x50,
  0xeb, 0xfa, 0x2b, 0xcd, 0x30, 0x14, 0x16, 0x0c, 0x52, 0xec, 0xeb, 0x2c,
  0x11, 0xd0, 0xff, 0xda, 0x2c, 0xf9, 0x16, 0x33, 0xbf, 0x1a, 0x3a, 0x09,
  0x0b, 0x77, 0x15, 0xfb, 0xa3, 0x00, 0x40, 0x5b, 0xef, 0x09, 0x40, 0xc7,
  0x24, 0x26, 0xfc, 0xeb, 0x46, 0xf6, 0xea, 0x3b, 0x08, 0x03, 0xf9, 0x0b,
  0x4f, 0x01, 0x31, 0x2e, 0x11, 0x07, 0x56, 0xef, 0x24, 0x44, 0x3b, 0xf0,
  0xf1, 0x00, 0x40, 0x3f, 0xf8, 0x18, 0x30, 0xe1, 0x2d, 0x32, 0xfb, 0x1a,
  0x00, 0x00, 0x00, 0x00, 0x00, 0x00, 0x00, 0x00, 0x00, 0x00, 0x00, 0x00,
  0x00, 0x00, 0x00, 0x00, 0x00, 0x00, 0x00, 0x00, 0x00, 0x00, 0x00, 0x00,
  0x00, 0x00, 0x00, 0x00, 0x00, 0x00, 0x00, 0x00, 0x00, 0x00, 0x00, 0x00,
  0x00, 0x00, 0x00, 0x00, 0x00, 0x00, 0x00, 0x00, 0x00, 0x00, 0x00, 0x00,
  0x00, 0x00, 0x00, 0x00, 0x00, 0x00, 0x00, 0x00, 0x00, 0x00, 0x00, 0x00,
  0x00, 0x00, 0x00, 0x00, 0x00, 0x00, 0x00, 0x00, 0x00, 0x00, 0x00, 0x00,
  0x00, 0x00, 0x00, 0x00, 0x00, 0x00, 0x00, 0x00, 0x00, 0x00, 0x00, 0x00,
  0x00, 0x00, 0x00, 0x00, 0x00, 0x00, 0x00, 0x00, 0x00, 0x00, 0x00, 0x00,
  0x00, 0x00, 0x00, 0x00, 0x00, 0x00, 0x00, 0x00, 0x00, 0x00, 0x00, 0x00,
  0x00, 0x00, 0x00, 0x00, 0x00, 0x00, 0x00, 0x00, 0x00, 0x00, 0x00, 0x00,
  0x00, 0x00, 0x00, 0x00, 0x00, 0x00, 0x00, 0x00, 0x00, 0x00, 0x00, 0x00,
  0x00, 0x00, 0x00, 0x00, 0x00, 0x00, 0x00, 0x00, 0x00, 0x00, 0x00, 0x00,
  0x00, 0x00, 0x00, 0x00, 0x00, 0x00, 0x00, 0x00, 0x00, 0x00, 0x00, 0x00,
  0x00, 0x00, 0x00, 0x00, 0x00, 0x00, 0x00, 0x00, 0x00, 0x00, 0x00, 0x00,
  0x00, 0x00, 0x00, 0x00, 0x00, 0x00, 0x00, 0x00, 0x00, 0x00, 0x00, 0x00,
  0x00, 0x00, 0x00, 0x00, 0x00, 0x00, 0x00, 0x00, 0x00, 0x00, 0x00, 0x00,
  0x00, 0x00, 0x00, 0x00, 0x00, 0x00, 0x00, 0x00, 0x00, 0x00, 0x00, 0x00,
  0x00, 0x00, 0x00, 0x00, 0x00, 0x00, 0x00, 0x00, 0x00, 0x00, 0x00, 0x00,
  0x00, 0x00, 0x00, 0x00, 0x00, 0x00, 0x00, 0x00, 0x00, 0x00, 0x00, 0x00,
  0x00, 0x00, 0x00, 0x00, 0x00, 0x00, 0x00, 0x00, 0x00, 0x00, 0x00, 0x00,
  0x00, 0x00, 0x00, 0x00, 0x00, 0x00, 0x00, 0x00, 0x00, 0x00, 0x00, 0x00,
  0x00, 0x00, 0x00, 0x00, 0x00, 0x00, 0x00, 0x00, 0x00, 0x00, 0x00, 0x00,
  0x00, 0x00, 0x00, 0x00, 0x00, 0x00, 0x00, 0x00, 0x00, 0x00, 0x00, 0x00,
  0x00, 0x00, 0x00, 0x00, 0x00, 0x00, 0x00, 0x00, 0x00, 0x00, 0x00, 0x00,
  0xeb, 0xe0, 0x00, 0xfa, 0x7f, 0xc7, 0xdb, 0x95, 0xf4, 0xd5, 0x14, 0x0b,
  0xa8, 0xff, 0x0e, 0xf8, 0x08, 0xe3, 0xd6, 0x00, 0xb9, 0x00, 0x02, 0x05,
  0x2a, 0xd8, 0x04, 0x08, 0x0c, 0x1d, 0xe4, 0x11, 0xe4, 0xc5, 0x00, 0x15,
  0x50, 0x0e, 0x13, 0x27, 0x14, 0xe5, 0xe7, 0xe8, 0x2c, 0xf9, 0xf9, 0x16,
  0x45, 0xe8, 0x33, 0x00, 0xe5, 0x00, 0xfa, 0xf9, 0x43, 0xf6, 0xf1, 0xfd,
  0x02, 0xff, 0x00, 0xf7, 0xed, 0xe3, 0x00, 0xd2, 0x26, 0xcb, 0x19, 0x39,
  0xdf, 0xdf, 0x03, 0xd3, 0x3c, 0x01, 0xf9, 0x05, 0xd9, 0x02, 0x00, 0x00,
  0xf6, 0x00, 0xea, 0x00, 0x21, 0x09, 0xe6, 0x0b, 0xf9, 0xf7, 0xf1, 0xce,
  0xe2, 0x0f, 0x00, 0xf9, 0x45, 0xd8, 0xd2, 0x93, 0xdd, 0xdd, 0x1b, 0x04,
  0x97, 0x0e, 0x0e, 0xf6, 0x03, 0xcf, 0xcb, 0xfc, 0xb3, 0x00, 0xe1, 0x1e,
  0xfc, 0xfa, 0x03, 0x0f, 0x11, 0x1c, 0xe5, 0x0b, 0xd9, 0xbb, 0x01, 0x2b,
  0x3c, 0x0b, 0xf5, 0x2d, 0x19, 0x04, 0xd6, 0xe9, 0x40, 0xef, 0xe8, 0x11,
  0x47, 0xcd, 0x3e, 0xff, 0xe5, 0x00, 0xea, 0xfa, 0x03, 0xf9, 0xe2, 0xdd,
  0xf6, 0xe5, 0xe5, 0xdf, 0xf7, 0xad, 0x00, 0xcc, 0x2c, 0xb8, 0x02, 0x32,
  0xd9, 0xf7, 0x00, 0xdc, 0x3d, 0x08, 0x02, 0x1f, 0xba, 0xf9, 0x03, 0xfe,
  0xea, 0x00, 0xe0, 0x19, 0x06, 0x0b, 0xec, 0xee, 0xff, 0xe3, 0xd0, 0xbe,
  0xf6, 0x12, 0xf3, 0x0a, 0x31, 0xf1, 0xbf, 0xb8, 0xf5, 0x06, 0x19, 0x0a,
  0xd3, 0x0d, 0x0a, 0x09, 0x0c, 0xe3, 0xe4, 0xe3, 0xa4, 0x00, 0xf1, 0x17,
  0x12, 0x14, 0x04, 0x1e, 0x13, 0x15, 0xe8, 0x0e, 0xf0, 0xf4, 0xc0, 0x21,
  0x02, 0xfd, 0xec, 0x38, 0x19, 0x16, 0xd5, 0xd2, 0x43, 0xea, 0xdb, 0xf2,
  0x3a, 0xd6, 0x2c, 0xb1, 0xae, 0x00, 0xf9, 0xc4, 0x13, 0xfe, 0xe3, 0xda,
  0xee, 0xe7, 0xe2, 0xff, 0x0e, 0xec, 0xc4, 0xcb, 0x02, 0x9f, 0xf8, 0x34,
  0xd0, 0x0b, 0xf7, 0xe1, 0x27, 0xfb, 0xfb, 0xff, 0xc2, 0x02, 0xe3, 0xe1,
  0xe0, 0x00, 0xe3, 0xfe, 0x01, 0xf9, 0xef, 0xcc, 0xeb, 0xd9, 0xdc, 0xd5,
  0xf1, 0xe8, 0x00, 0x09, 0x46, 0xc8, 0xd1, 0x9a, 0xf1, 0xd8, 0x2d, 0x0f,
  0x98, 0x02, 0x28, 0x1f, 0x1d, 0xe4, 0xed, 0xff, 0xba, 0x00, 0xe9, 0xfd,
  0x1a, 0x1d, 0x1e, 0xf2, 0x18, 0x25, 0xe6, 0x19, 0xea, 0xd7, 0x00, 0x29,
  0x3d, 0x04, 0x0a, 0x31, 0x1f, 0xfd, 0xfc, 0xf5, 0x39, 0xfe, 0xf9, 0x20,
  0x59, 0xef, 0x55, 0xfe, 0xeb, 0x00, 0x06, 0xe3, 0x40, 0x0d, 0xf7, 0xbd,
  0xff, 0x00, 0x0c, 0x08, 0xf3, 0xe2, 0x00, 0xd0, 0x25, 0xd9, 0x12, 0x37,
  0xe3, 0x10, 0x14, 0xdc, 0x38, 0x0d, 0x01, 0x0e, 0xd5, 0x13, 0xf9, 0xfe,
  0xf0, 0x00, 0xf5, 0xfa, 0x41, 0xeb, 0xed, 0xfa, 0x02, 0xfe, 0xe8, 0xd2,
  0xe2, 0xe1, 0xfc, 0x10, 0x46, 0xd3, 0xcf, 0x81, 0xef, 0xfc, 0x30, 0x06,
  0x89, 0xff, 0x2d, 0xf3, 0x13, 0xd4, 0xdd, 0xfc, 0xcb, 0x00, 0xd7, 0x14,
  0x28, 0xde, 0x22, 0x0b, 0x1b, 0x2f, 0xe5, 0x1a, 0xdd, 0xa6, 0xfe, 0x27,
  0x48, 0x08, 0x08, 0x31, 0x1b, 0x0a, 0xf5, 0xd9, 0x39, 0xf1, 0xf5, 0x03,
  0x5e, 0xe1, 0x48, 0xfd, 0xe5, 0x00, 0x02, 0xee, 0x07, 0xe7, 0xf4, 0xa7,
  0x01, 0x00, 0x07, 0xf8, 0xf6, 0xb5, 0xff, 0xcd, 0x30, 0xcb, 0x05, 0x2f,
  0xda, 0xf3, 0x13, 0xda, 0x30, 0xff, 0x0f, 0xfc, 0xca, 0x16, 0x02, 0xfe,
  0xee, 0x00, 0xef, 0x16, 0x07, 0xde, 0xfb, 0xb9, 0x05, 0xd9, 0xe2, 0xaf,
  0xe8, 0xda, 0xff, 0x13, 0x19, 0xd7, 0xe8, 0xa3, 0xf3, 0xea, 0x29, 0x0f,
  0xab, 0x08, 0x2d, 0xd3, 0x1a, 0xec, 0xed, 0x04, 0xbc, 0x00, 0xf0, 0x17,
  0x0b, 0xef, 0x24, 0x06, 0x1f, 0x21, 0xdd, 0x07, 0xed, 0xa5, 0x08, 0x29,
  0x17, 0xf8, 0x0c, 0x38, 0x13, 0xff, 0xe3, 0xe8, 0x2d, 0xf4, 0xe5, 0x06,
  0x4f, 0xe6, 0x3b, 0x06, 0xbd, 0x00, 0x0f, 0xc1, 0x01, 0xf0, 0xf5, 0x94,
  0xff, 0xeb, 0x07, 0xe8, 0x01, 0x93, 0xfc, 0xcd, 0x18, 0xa4, 0xfc, 0x34,
  0xd9, 0xfd, 0xe8, 0xdf, 0x2a, 0xfe, 0xf2, 0x0d, 0xcc, 0x21, 0xef, 0xfa,
  0xe2, 0x00, 0xe2, 0xef, 0x08, 0xf3, 0xf2, 0x8f, 0xe1, 0xb3, 0xcc, 0x94,
  0xf0, 0x23, 0x00, 0x0a, 0xc4, 0xc0, 0x11, 0xd0, 0xc7, 0x33, 0xf6, 0xf9,
  0xbb, 0xfc, 0x1a, 0x0a, 0xe2, 0xe7, 0xc4, 0x03, 0xac, 0x00, 0x5f, 0x11,
  0x01, 0x0b, 0x16, 0xe5, 0x15, 0x04, 0xea, 0xff, 0xf0, 0x02, 0x00, 0xfc,
  0xf7, 0x98, 0x10, 0x9a, 0xda, 0x31, 0x04, 0xf4, 0x94, 0xe5, 0x1c, 0x0d,
  0xfe, 0xfa, 0xb6, 0x02, 0x81, 0x00, 0x58, 0x1e, 0x05, 0xfa, 0x22, 0xe3,
  0x26, 0x07, 0x01, 0x07, 0x06, 0x1b, 0x00, 0x0c, 0xe7, 0xd4, 0x0d, 0xd2,
  0x11, 0x43, 0x0d, 0x01, 0xd3, 0xe8, 0x2b, 0x38, 0x0d, 0xfd, 0x0e, 0x05,
  0x02, 0x00, 0x69, 0x1e, 0xf3, 0x23, 0x27, 0xe4, 0x26, 0x0c, 0xf4, 0x0d,
  0x07, 0xba, 0xfa, 0x28, 0xa7, 0xb5, 0xcf, 0xc2, 0xe0, 0x9b, 0xe9, 0x22,
  0xc1, 0xf4, 0x10, 0x3f, 0xcc, 0xfc, 0xcc, 0xfd, 0xae, 0x00, 0x13, 0x2c,
  0xe3, 0x24, 0x19, 0xe1, 0x18, 0xfb, 0xe3, 0xf7, 0x13, 0xc2, 0xf7, 0x29,
  0xcf, 0xe2, 0xe4, 0x95, 0xf5, 0x8f, 0xef, 0x1f, 0xa7, 0xf0, 0x14, 0x54,
  0xec, 0x13, 0xda, 0xf8, 0xbe, 0x00, 0x0f, 0x3b, 0xde, 0x2c, 0x2a, 0xdf,
  0x2d, 0x07, 0xf1, 0x02, 0x2f, 0xfe, 0xef, 0x3b, 0xc8, 0xe4, 0xe1, 0xf6,
  0x13, 0xba, 0xfb, 0x30, 0xf0, 0xfb, 0x2c, 0x4f, 0xf4, 0x17, 0x21, 0xf4,
  0x17, 0x00, 0x1b, 0x4c, 0xe6, 0x29, 0x39, 0xef, 0x2e, 0x19, 0xda, 0x19,
  0x2e, 0xeb, 0x0c, 0x3c, 0xfd, 0xcb, 0xdc, 0xb8, 0x09, 0x9d, 0x09, 0x32,
  0xd1, 0xf4, 0x38, 0x0d, 0xe1, 0x1a, 0xf9, 0x04, 0xe4, 0x00, 0x15, 0x46,
  0x02, 0x04, 0x3a, 0x2a, 0x27, 0x26, 0xd6, 0x18, 0x1e, 0xe9, 0x16, 0x37,
  0x1b, 0xee, 0xea, 0xaf, 0x1b, 0xad, 0x14, 0x36, 0xae, 0xf0, 0x35, 0x03,
  0x1a, 0x38, 0xf0, 0x06, 0x03, 0x00, 0x16, 0x3e, 0x07, 0x0b, 0x38, 0x42,
  0x35, 0x2f, 0xe8, 0x2b, 0x22, 0xf0, 0x0a, 0x4b, 0xff, 0xf9, 0xe8, 0xe1,
  0x3f, 0xc1, 0x21, 0x36, 0xfd, 0xe3, 0x3b, 0x08, 0x29, 0x3e, 0x38, 0x07,
  0x30, 0x00, 0x26, 0x45, 0x10, 0x03, 0x31, 0x46, 0x41, 0x47, 0xec, 0x3c,
  0x00, 0x00, 0x00, 0x00, 0x00, 0x00, 0x00, 0x00, 0x00, 0x00, 0x00, 0x00,
  0x00, 0x00, 0x00, 0x00, 0x00, 0x00, 0x00, 0x00, 0x00, 0x00, 0x00, 0x00,
  0x00, 0x00, 0x00, 0x00, 0x00, 0x00, 0x00, 0x00, 0x00, 0x00, 0x00, 0x00,
  0x00, 0x00, 0x00, 0x00, 0x00, 0x00, 0x00, 0x00, 0x00, 0x00, 0x00, 0x00,
  0x00, 0x00, 0x00, 0x00, 0x00, 0x00, 0x00, 0x00, 0x00, 0x00, 0x00, 0x00,
  0x00, 0x00, 0x00, 0x00, 0x00, 0x00, 0x00, 0x00, 0x00, 0x00, 0x00, 0x00,
  0x00, 0x00, 0x00, 0x00, 0x00, 0x00, 0x00, 0x00, 0x00, 0x00, 0x00, 0x00,
  0x00, 0x00, 0x00, 0x00, 0x00, 0x00, 0x00, 0x00, 0x00, 0x00, 0x00, 0x00,
  0x00, 0x00, 0x00, 0x00, 0x00, 0x00, 0x00, 0x00, 0x00, 0x00, 0x00, 0x00,
  0x00, 0x00, 0x00, 0x00, 0x00, 0x00, 0x00, 0x00, 0x00, 0x00, 0x00, 0x00,
  0x00, 0x00, 0x00, 0x00, 0x00, 0x00, 0x00, 0x00, 0x00, 0x00, 0x00, 0x00,
  0x00, 0x00, 0x00, 0x00, 0x00, 0x00, 0x00, 0x00, 0x00, 0x00, 0x00, 0x00,
  0x00, 0x00, 0x00, 0x00, 0x00, 0x00, 0x00, 0x00, 0x00, 0x00, 0x00, 0x00,
  0x00, 0x00, 0x00, 0x00, 0x00, 0x00, 0x00, 0x00, 0x00, 0x00, 0x00, 0x00,
  0x00, 0x00, 0x00, 0x00, 0x00, 0x00, 0x00, 0x00, 0x00, 0x00, 0x00, 0x00,
  0x00, 0x00, 0x00, 0x00, 0x00, 0x00, 0x00, 0x00, 0x00, 0x00, 0x00, 0x00,
  0x00, 0x00, 0x00, 0x00, 0x00, 0x00, 0x00, 0x00, 0x00, 0x00, 0x00, 0x00,
  0x00, 0x00, 0x00, 0x00, 0x00, 0x00, 0x00, 0x00, 0x00, 0x00, 0x00, 0x00,
  0x00, 0x00, 0x00, 0x00, 0x00, 0x00, 0x00, 0x00, 0x00, 0x00, 0x00, 0x00,
  0x00, 0x00, 0x00, 0x00, 0x00, 0x00, 0x00, 0x00, 0x00, 0x00, 0x00, 0x00,
  0x00, 0x00, 0x00, 0x00, 0x00, 0x00, 0x00, 0x00, 0x00, 0x00, 0x00, 0x00,
  0x00, 0x00, 0x00, 0x00, 0x00, 0x00, 0x00, 0x00, 0x00, 0x00, 0x00, 0x00,
  0x00, 0x00, 0x00, 0x00, 0x00, 0x00, 0x00, 0x00, 0x00, 0x00, 0x00, 0x00,
  0x00, 0x00, 0x00, 0x00, 0x00, 0x00, 0x00, 0x00, 0x00, 0x00, 0x00, 0x00,
  0x00, 0x00, 0x00, 0x00, 0x00, 0x00, 0x00, 0x00, 0x00, 0x00, 0x00, 0x00,
  0x00, 0x00, 0x00, 0x00, 0x00, 0x00, 0x00, 0x00, 0x00, 0x00, 0x00, 0x00,
  0x00, 0x00, 0x00, 0x00, 0x00, 0x00, 0x00, 0x00, 0x00, 0x00, 0x00, 0x00,
  0x00, 0x00, 0x00, 0x00, 0x00, 0x00, 0x00, 0x00, 0x00, 0x00, 0x00, 0x00,
  0x00, 0x00, 0x00, 0x00, 0x00, 0x00, 0x00, 0x00, 0x00, 0x00, 0x00, 0x00,
  0x00, 0x00, 0x00, 0x00, 0x00, 0x00, 0x00, 0x00, 0x00, 0x00, 0x00, 0x00,
  0x00, 0x00, 0x00, 0x00, 0x00, 0x00, 0x00, 0x00, 0x00, 0x00, 0x00, 0x00,
  0x00, 0x00, 0x00, 0x00, 0x00, 0x00, 0x00, 0x00, 0x00, 0x00, 0x00, 0x00,
  0x00, 0x00, 0x00, 0x00, 0x00, 0x00, 0x00, 0x00, 0x00, 0x00, 0x00, 0x00,
  0x00, 0x00, 0x00, 0x00, 0x00, 0x00, 0x00, 0x00, 0x00, 0x00, 0x00, 0x00,
  0x00, 0x00, 0x00, 0x00, 0x00, 0x00, 0x00, 0x00, 0x00, 0x00, 0x00, 0x00,
  0x00, 0x00, 0x00, 0x00, 0x00, 0x00, 0x00, 0x00, 0x00, 0x00, 0x00, 0x00,
  0x00, 0x00, 0x00, 0x00, 0x00, 0x00, 0x00, 0x00, 0x00, 0x00, 0x00, 0x00,
  0x00, 0x00, 0x00, 0x00, 0x00, 0x00, 0x00, 0x00, 0x00, 0x00, 0x00, 0x00,
  0x00, 0x00, 0x00, 0x00, 0x00, 0x00, 0x00, 0x00, 0x00, 0x00, 0x00, 0x00,
  0x00, 0x00, 0x00, 0x00, 0x00, 0x00, 0x00, 0x00, 0x00, 0x00, 0x00, 0x00,
  0x00, 0x00, 0x00, 0x00, 0x00, 0x00, 0x00, 0x00, 0x00, 0x00, 0x00, 0x00,
  0x00, 0x00, 0x00, 0x00, 0x00, 0x00, 0x00, 0x00, 0x00, 0x00, 0x00, 0x00,
  0x00, 0x00, 0x00, 0x00, 0x00, 0x00, 0x00, 0x00, 0x00, 0x00, 0x00, 0x00,
  0x00, 0x00, 0x00, 0x00, 0x00, 0x00, 0x00, 0x00, 0x00, 0x00, 0x00, 0x00,
  0x00, 0x00, 0x00, 0x00, 0x00, 0x00, 0x00, 0x00, 0x00, 0x00, 0x00, 0x00,
  0x00, 0x00, 0x00, 0x00, 0x00, 0x00, 0x00, 0x00, 0x00, 0x00, 0x00, 0x00,
  0x00, 0x00, 0x00, 0x00, 0x00, 0x00, 0x00, 0x00, 0x00, 0x00, 0x00, 0x00,
  0x00, 0x00, 0x00, 0x00, 0x00, 0x00, 0x00, 0x00, 0x00, 0x00, 0x00, 0x00,
  0xf2, 0x21, 0x00, 0xef, 0xc2, 0xc5, 0xd3, 0xba, 0xc5, 0x27, 0xe5, 0x0e,
  0xad, 0xea, 0xed, 0x07, 0xa9, 0xee, 0x81, 0xfb, 0xa8, 0x00, 0x1f, 0xfd,
  0x11, 0x12, 0xf0, 0xf9, 0xe8, 0xf2, 0xda, 0xe5, 0xff, 0x00, 0x00, 0x0a,
  0xda, 0xf7, 0xdd, 0xb3, 0xe0, 0x01, 0xf2, 0x0f, 0x89, 0xe2, 0xfd, 0xf4,
  0xe0, 0x00, 0xc6, 0xfc, 0x9c, 0x00, 0x01, 0xfa, 0x0c, 0xde, 0xf8, 0xeb,
  0xf2, 0x01, 0xde, 0xf8, 0x11, 0x28, 0x00, 0x23, 0x0c, 0xf4, 0xfb, 0xce,
  0x0e, 0x1f, 0xea, 0x17, 0xb3, 0xe7, 0xf8, 0x2b, 0x15, 0x16, 0x0a, 0xfb,
  0xb1, 0x00, 0x29, 0xf0, 0x0d, 0x06, 0xf7, 0xe1, 0xf2, 0x0a, 0xfa, 0x09,
  0x1b, 0xfa, 0x00, 0x1e, 0xfb, 0xd6, 0xae, 0x0a, 0xf7, 0x94, 0xfb, 0x19,
  0xed, 0xe7, 0x08, 0xf9, 0xd0, 0xfb, 0xf7, 0x00, 0xb7, 0x00, 0xfd, 0xff,
  0x03, 0xe4, 0xfb, 0xf6, 0xea, 0x07, 0xc5, 0x03, 0xe6, 0xec, 0x00, 0xf5,
  0xfd, 0x10, 0xc0, 0x00, 0xf8, 0x8f, 0x0b, 0xee, 0xdc, 0xf5, 0x01, 0xe7,
  0xe5, 0xf0, 0x04, 0x00, 0xb2, 0x00, 0xf0, 0xee, 0x0f, 0xe7, 0xfa, 0xf6,
  0xf9, 0x20, 0xcb, 0x24, 0x00, 0x00, 0x00, 0x13, 0xed, 0x0d, 0xec, 0x12,
  0x13, 0x9d, 0x0c, 0x05, 0xf1, 0xf7, 0x0c, 0xbd, 0x1a, 0x29, 0x29, 0xff,
  0xe8, 0x00, 0x13, 0x0a, 0xf9, 0xcc, 0x04, 0x09, 0x16, 0x31, 0xf0, 0x2f,
  0x25, 0xca, 0x24, 0x44, 0x0a, 0xf9, 0xbf, 0xf9, 0x00, 0xf7, 0xfd, 0x36,
  0xe6, 0x03, 0x3c, 0x16, 0xee, 0x35, 0x25, 0x00, 0xcb, 0x00, 0xd8, 0x4f,
  0xfd, 0x1b, 0x33, 0xff, 0x35, 0x0e, 0xfa, 0xef, 0x4c, 0x01, 0x2d, 0x5a,
  0x1b, 0xed, 0xc7, 0x0b, 0x3d, 0x1a, 0x08, 0x4b, 0xe8, 0x05, 0x4a, 0x23,
  0xf9, 0x43, 0x39, 0x1e, 0xcb, 0x00, 0xe4, 0x57, 0x0a, 0x22, 0x46, 0xf7,
  0x39, 0x0e, 0xfb, 0xe6, 0x4d, 0x10, 0x3d, 0x57, 0x20, 0x04, 0x07, 0x2c,
  0x3f, 0x21, 0x2b, 0x48, 0x24, 0xf8, 0x51, 0x2c, 0x13, 0x38, 0x3b, 0x1c,
  0x0e, 0x00, 0xda, 0x57, 0x0d, 0x27, 0x40, 0xff, 0x38, 0x15, 0x2f, 0xfd,
  0x0b, 0x07, 0x00, 0x0b, 0x04, 0xe3, 0x16, 0x7e, 0xfd, 0x02, 0x60, 0x12,
  0x7f, 0x05, 0x37, 0xf6, 0x36, 0x10, 0x02, 0x02, 0xce, 0x00, 0x1a, 0x27,
  0x13, 0xee, 0x1e, 0x17, 0x1f, 0x3c, 0xe7, 0x39, 0xf8, 0xea, 0x00, 0xfd,
  0xfe, 0xd4, 0x1b, 0x3e, 0xf9, 0x18, 0x46, 0x08, 0x31, 0xfc, 0x2a, 0xec,
  0x35, 0x06, 0x36, 0x02, 0xca, 0x00, 0x18, 0x14, 0x0d, 0xf5, 0x19, 0x02,
  0x1d, 0x2e, 0xf6, 0x28, 0x02, 0x25, 0x00, 0xfc, 0x14, 0xd0, 0x0a, 0x25,
  0xfc, 0x2b, 0x34, 0x08, 0x19, 0x0a, 0x1a, 0x0a, 0x2e, 0x0c, 0x19, 0x01,
  0xc9, 0x00, 0x17, 0x15, 0x12, 0x17, 0x15, 0xfc, 0x1a, 0x15, 0x0c, 0x00,
  0xe5, 0xf7, 0xfa, 0xaa, 0xf4, 0xeb, 0xfd, 0x6e, 0x03, 0xef, 0x25, 0xbf,
  0x73, 0x06, 0x13, 0xc5, 0x26, 0xfe, 0x32, 0xf7, 0xe5, 0x00, 0xfb, 0xd9,
  0xf7, 0xe1, 0x06, 0xed, 0xfe, 0x14, 0xe5, 0x03, 0xdb, 0x04, 0xfc, 0xbd,
  0xd3, 0xea, 0x17, 0x33, 0x16, 0xf2, 0x19, 0xc1, 0x19, 0xfd, 0xff, 0xd9,
  0x21, 0x02, 0x36, 0xf8, 0xe4, 0x00, 0x0c, 0xc5, 0xf3, 0xea, 0xfe, 0xdf,
  0xfa, 0x04, 0xfb, 0xe8, 0xfe, 0x05, 0xfb, 0xbf, 0xf4, 0xe1, 0x07, 0x44,
  0x1d, 0xf6, 0x09, 0xce, 0x31, 0x0c, 0xfc, 0xd2, 0x17, 0x0c, 0x37, 0xf9,
  0xe6, 0x00, 0x17, 0xbb, 0xee, 0xe6, 0xf7, 0xdb, 0xf8, 0xfe, 0x00, 0xe9,
  0x07, 0x08, 0x0c, 0xe1, 0x14, 0xd9, 0xfd, 0x63, 0x0d, 0xf7, 0x2a, 0xdc,
  0x75, 0x07, 0x12, 0x02, 0x32, 0x07, 0x1d, 0x0c, 0x07, 0x00, 0x16, 0xdf,
  0x09, 0x0a, 0x0e, 0x16, 0xfb, 0x44, 0xcf, 0x30, 0xe4, 0x04, 0x1b, 0xbc,
  0x0f, 0xd5, 0xf9, 0x37, 0x07, 0x03, 0x0f, 0xbb, 0x1b, 0x02, 0xfa, 0xf7,
  0x2a, 0xf9, 0x27, 0x06, 0xf8, 0x00, 0x17, 0xd1, 0x00, 0x0c, 0x07, 0x06,
  0xff, 0x33, 0xf4, 0x23, 0xf0, 0x02, 0x17, 0xd1, 0x0a, 0xcc, 0x0f, 0x32,
  0x09, 0x03, 0x0b, 0xdc, 0x31, 0x05, 0xfe, 0x0b, 0x21, 0x00, 0x2a, 0x16,
  0x01, 0x00, 0x15, 0xda, 0xff, 0x14, 0xfe, 0x09, 0xfc, 0x29, 0xee, 0x19,
  0x00, 0x00, 0x00, 0x00, 0x00, 0x00, 0x00, 0x00, 0x00, 0x00, 0x00, 0x00,
  0x00, 0x00, 0x00, 0x00, 0x00, 0x00, 0x00, 0x00, 0x00, 0x00, 0x00, 0x00,
  0x00, 0x00, 0x00, 0x00, 0x00, 0x00, 0x00, 0x00, 0x00, 0x00, 0x00, 0x00,
  0x00, 0x00, 0x00, 0x00, 0x00, 0x00, 0x00, 0x00, 0x00, 0x00, 0x00, 0x00,
  0x00, 0x00, 0x00, 0x00, 0x00, 0x00, 0x00, 0x00, 0x00, 0x00, 0x00, 0x00,
  0x00, 0x00, 0x00, 0x00, 0x00, 0x00, 0x00, 0x00, 0x00, 0x00, 0x00, 0x00,
  0x00, 0x00, 0x00, 0x00, 0x00, 0x00, 0x00, 0x00, 0x00, 0x00, 0x00, 0x00,
  0x00, 0x00, 0x00, 0x00, 0x00, 0x00, 0x00, 0x00, 0x00, 0x00, 0x00, 0x00,
  0x00, 0x00, 0x00, 0x00, 0x00, 0x00, 0x00, 0x00, 0x00, 0x00, 0x00, 0x00,
  0x00, 0x00, 0x00, 0x00, 0x00, 0x00, 0x00, 0x00, 0x00, 0x00, 0x00, 0x00,
  0x00, 0x00, 0x00, 0x00, 0x00, 0x00, 0x00, 0x00, 0x00, 0x00, 0x00, 0x00,
  0x00, 0x00, 0x00, 0x00, 0x00, 0x00, 0x00, 0x00, 0x00, 0x00, 0x00, 0x00,
  0x00, 0x00, 0x00, 0x00, 0x00, 0x00, 0x00, 0x00, 0x00, 0x00, 0x00, 0x00,
  0x00, 0x00, 0x00, 0x00, 0x00, 0x00, 0x00, 0x00, 0x00, 0x00, 0x00, 0x00,
  0x00, 0x00, 0x00, 0x00, 0x00, 0x00, 0x00, 0x00, 0x00, 0x00, 0x00, 0x00,
  0x00, 0x00, 0x00, 0x00, 0x00, 0x00, 0x00, 0x00, 0x00, 0x00, 0x00, 0x00,
  0x00, 0x00, 0x00, 0x00, 0x00, 0x00, 0x00, 0x00, 0x00, 0x00, 0x00, 0x00,
  0x00, 0x00, 0x00, 0x00, 0x00, 0x00, 0x00, 0x00, 0x00, 0x00, 0x00, 0x00,
  0x00, 0x00, 0x00, 0x00, 0x00, 0x00, 0x00, 0x00, 0x00, 0x00, 0x00, 0x00,
  0x00, 0x00, 0x00, 0x00, 0x00, 0x00, 0x00, 0x00, 0x00, 0x00, 0x00, 0x00,
  0x00, 0x00, 0x00, 0x00, 0x00, 0x00, 0x00, 0x00, 0x00, 0x00, 0x00, 0x00,
  0x00, 0x00, 0x00, 0x00, 0x00, 0x00, 0x00, 0x00, 0x00, 0x00, 0x00, 0x00,
  0x00, 0x00, 0x00, 0x00, 0x00, 0x00, 0x00, 0x00, 0x00, 0x00, 0x00, 0x00,
  0x00, 0x00, 0x00, 0x00, 0x00, 0x00, 0x00, 0x00, 0x00, 0x00, 0x00, 0x00,
  0x00, 0x00, 0x00, 0x00, 0x00, 0x00, 0x00, 0x00, 0x00, 0x00, 0x00, 0x00,
  0x00, 0x00, 0x00, 0x00, 0x00, 0x00, 0x00, 0x00, 0x00, 0x00, 0x00, 0x00,
  0x00, 0x00, 0x00, 0x00, 0x00, 0x00, 0x00, 0x00, 0x00, 0x00, 0x00, 0x00,
  0x00, 0x00, 0x00, 0x00, 0x00, 0x00, 0x00, 0x00, 0x00, 0x00, 0x00, 0x00,
  0x00, 0x00, 0x00, 0x00, 0x00, 0x00, 0x00, 0x00, 0x00, 0x00, 0x00, 0x00,
  0x00, 0x00, 0x00, 0x00, 0x00, 0x00, 0x00, 0x00, 0x00, 0x00, 0x00, 0x00,
  0x00, 0x00, 0x00, 0x00, 0x00, 0x00, 0x00, 0x00, 0x00, 0x00, 0x00, 0x00,
  0x00, 0x00, 0x00, 0x00, 0x00, 0x00, 0x00, 0x00, 0x00, 0x00, 0x00, 0x00,
  0x00, 0x00, 0x00, 0x00, 0x00, 0x00, 0x00, 0x00, 0x00, 0x00, 0x00, 0x00,
  0x00, 0x00, 0x00, 0x00, 0x00, 0x00, 0x00, 0x00, 0x00, 0x00, 0x00, 0x00,
  0x00, 0x00, 0x00, 0x00, 0x00, 0x00, 0x00, 0x00, 0x00, 0x00, 0x00, 0x00,
  0x00, 0x00, 0x00, 0x00, 0x00, 0x00, 0x00, 0x00, 0x00, 0x00, 0x00, 0x00,
  0x00, 0x00, 0x00, 0x00, 0x00, 0x00, 0x00, 0x00, 0x00, 0x00, 0x00, 0x00,
  0x00, 0x00, 0x00, 0x00, 0x00, 0x00, 0x00, 0x00, 0x00, 0x00, 0x00, 0x00,
  0x00, 0x00, 0x00, 0x00, 0x00, 0x00, 0x00, 0x00, 0x00, 0x00, 0x00, 0x00,
  0x00, 0x00, 0x00, 0x00, 0x00, 0x00, 0x00, 0x00, 0x00, 0x00, 0x00, 0x00,
  0x00, 0x00, 0x00, 0x00, 0x00, 0x00, 0x00, 0x00, 0x00, 0x00, 0x00, 0x00,
  0x00, 0x00, 0x00, 0x00, 0x00, 0x00, 0x00, 0x00, 0x00, 0x00, 0x00, 0x00,
  0x00, 0x00, 0x00, 0x00, 0x00, 0x00, 0x00, 0x00, 0x00, 0x00, 0x00, 0x00,
  0x00, 0x00, 0x00, 0x00, 0x00, 0x00, 0x00, 0x00, 0x00, 0x00, 0x00, 0x00,
  0x00, 0x00, 0x00, 0x00, 0x00, 0x00, 0x00, 0x00, 0x00, 0x00, 0x00, 0x00,
  0x00, 0x00, 0x00, 0x00, 0x00, 0x00, 0x00, 0x00, 0x00, 0x00, 0x00, 0x00,
  0x00, 0x00, 0x00, 0x00, 0x00, 0x00, 0x00, 0x00, 0x00, 0x00, 0x00, 0x00,
  0x00, 0x00, 0x00, 0x00, 0x00, 0x00, 0x00, 0x00, 0x00, 0x00, 0x00, 0x00,
  0x18, 0x32, 0x00, 0x05, 0xe7, 0x1b, 0x0e, 0x72, 0x09, 0x27, 0x11, 0x15,
  0x7f, 0x01, 0xf7, 0x1f, 0x10, 0x10, 0xfb, 0x07, 0x37, 0x00, 0xf2, 0xfc,
  0x27, 0x1a, 0xed, 0x12, 0xdf, 0xf9, 0x0b, 0x1b, 0x09, 0x19, 0x00, 0x04,
  0x04, 0x15, 0x07, 0x28, 0x06, 0x32, 0x08, 0x0a, 0x18, 0x02, 0xf6, 0x0b,
  0x27, 0x0b, 0x1f, 0x04, 0xe0, 0x00, 0xff, 0xf9, 0x2d, 0x17, 0xf9, 0x03,
  0xfa, 0xf7, 0x09, 0x19, 0x08, 0x34, 0x00, 0x0e, 0x10, 0x18, 0x0b, 0x1a,
  0x03, 0x34, 0x0c, 0x14, 0x03, 0x0e, 0xfb, 0x09, 0x1b, 0x12, 0xfe, 0x04,
  0xdd, 0x00, 0x0b, 0x04, 0x24, 0x22, 0xf9, 0x11, 0x03, 0xfe, 0x0f, 0x12,
  0x15, 0x4d, 0xcc, 0xeb, 0xc8, 0x18, 0x12, 0x62, 0x06, 0xf2, 0xfb, 0xf2,
  0x73, 0x06, 0xf4, 0xd9, 0x0a, 0x10, 0x21, 0xd9, 0x34, 0x00, 0xff, 0xf0,
  0x05, 0xea, 0xef, 0x2b, 0xe5, 0x0a, 0x09, 0x2c, 0xfd, 0x42, 0xcb, 0xe9,
  0xc3, 0x11, 0x0a, 0x22, 0x0a, 0x09, 0xf7, 0xde, 0x19, 0xfc, 0xf0, 0xdb,
  0x1f, 0x0f, 0x2a, 0xdc, 0xdc, 0x00, 0x03, 0xf3, 0x07, 0xf3, 0xf1, 0x1b,
  0xf3, 0x00, 0xf7, 0x21, 0x11, 0x4d, 0xcd, 0x03, 0xe1, 0x22, 0x01, 0x19,
  0x12, 0x0a, 0xff, 0xfe, 0x0a, 0x10, 0xf7, 0xf2, 0x0b, 0x16, 0x22, 0xdf,
  0xe1, 0x00, 0x09, 0xf1, 0x08, 0xfb, 0xf5, 0x1b, 0xf5, 0x03, 0x06, 0x1d,
  0x15, 0x27, 0xf5, 0xef, 0xed, 0x1d, 0x12, 0x56, 0x02, 0x0d, 0x0d, 0xee,
  0x67, 0x06, 0xf4, 0xf2, 0xfe, 0x04, 0x1c, 0xf6, 0x41, 0x00, 0x15, 0xe9,
  0x07, 0xfd, 0xef, 0x2d, 0xf0, 0x0a, 0xfb, 0x11, 0xff, 0x05, 0xf8, 0xef,
  0xf4, 0x08, 0xfa, 0x1a, 0x00, 0x0a, 0xf5, 0xe7, 0x05, 0x01, 0xea, 0xff,
  0x1a, 0x14, 0x18, 0x00, 0xd1, 0x00, 0x12, 0xf4, 0x0d, 0xf7, 0xec, 0x19,
  0xfd, 0xfe, 0x09, 0x06, 0x0e, 0x12, 0xff, 0x0c, 0xfb, 0x16, 0x06, 0x1c,
  0x0f, 0x02, 0xf9, 0x0a, 0x0d, 0x0f, 0xee, 0x00, 0x03, 0x13, 0x19, 0x04,
  0xf4, 0x00, 0x0b, 0xf4, 0x0d, 0xff, 0xec, 0x17, 0xf7, 0xfd, 0x09, 0x04,
  0x13, 0x9c, 0x00, 0x06, 0x38, 0xed, 0xda, 0xef, 0xf5, 0xe3, 0x33, 0x23,
  0xda, 0x05, 0x4d, 0xd6, 0x18, 0x2e, 0xfc, 0xff, 0xaf, 0x00, 0xe7, 0x4a,
  0x12, 0xd7, 0x4f, 0xce, 0x30, 0xef, 0xde, 0xfa, 0x21, 0x81, 0x00, 0x0b,
  0x0c, 0xc1, 0xd9, 0xf4, 0xe2, 0xc3, 0x29, 0x20, 0xd8, 0x09, 0x1e, 0xe1,
  0xe5, 0x1c, 0xfe, 0xff, 0xcf, 0x00, 0xda, 0xff, 0x07, 0xdc, 0x29, 0xb8,
  0x1e, 0x0d, 0xc7, 0xec, 0x30, 0x95, 0x00, 0xff, 0x2f, 0xc5, 0xfe, 0xdc,
  0xea, 0xe0, 0x06, 0x1e, 0xb4, 0xee, 0x0f, 0xe0, 0x20, 0x3f, 0x27, 0x00,
  0xbd, 0x00, 0xfc, 0x27, 0xfc, 0xda, 0x30, 0xaa, 0x1a, 0x04, 0xdd, 0xfd,
  0x26, 0xfc, 0xf9, 0xf5, 0x4f, 0xf8, 0x02, 0x0d, 0xf8, 0x20, 0xf1, 0x0c,
  0xf9, 0xfd, 0x2b, 0xca, 0xff, 0x05, 0x07, 0xfe, 0xe7, 0x00, 0x10, 0xfc,
  0x14, 0xf1, 0x36, 0xb9, 0x10, 0xd0, 0xf6, 0xe5, 0x20, 0x07, 0xfa, 0x08,
  0x26, 0xb8, 0x01, 0x1d, 0x16, 0x1e, 0x0d, 0xfc, 0xfd, 0x0e, 0x11, 0xc3,
  0xd5, 0x38, 0xf0, 0xfb, 0xf1, 0x00, 0x08, 0x16, 0xf7, 0xf5, 0x35, 0xa6,
  0x0a, 0xf7, 0xf8, 0xfc, 0x22, 0x15, 0xfe, 0x02, 0xf5, 0xf3, 0xe4, 0x22,
  0x12, 0x2c, 0xf0, 0xf7, 0xf4, 0x06, 0x20, 0xed, 0xea, 0x14, 0x1c, 0xf8,
  0xcf, 0x00, 0x14, 0x00, 0x12, 0x12, 0x19, 0xb5, 0x0d, 0xfe, 0xdc, 0xfe,
  0x2e, 0xdc, 0x13, 0x0b, 0x4e, 0xeb, 0xfb, 0xfa, 0xfb, 0x23, 0xe4, 0x17,
  0xeb, 0x16, 0x2e, 0x06, 0xfd, 0x56, 0x06, 0x14, 0xd9, 0x00, 0x28, 0x32,
  0x03, 0x07, 0x3c, 0xa4, 0x21, 0xe2, 0xe2, 0xf3, 0x3e, 0xf4, 0x1a, 0x3b,
  0x13, 0xd0, 0xe6, 0x29, 0x12, 0x16, 0xf7, 0x2b, 0x1c, 0x10, 0x20, 0x0b,
  0x09, 0x63, 0x27, 0x0d, 0x01, 0x00, 0x32, 0x43, 0xf4, 0x0b, 0x34, 0x96,
  0x17, 0xe1, 0x15, 0xd8, 0x09, 0xe8, 0x23, 0x07, 0x27, 0xf9, 0xf3, 0x17,
  0xf5, 0x0b, 0x1b, 0x1a, 0x37, 0x09, 0x2b, 0xef, 0x05, 0x42, 0xef, 0xf9,
  0x0e, 0x00, 0x26, 0x31, 0xed, 0x08, 0x39, 0xb7, 0x14, 0xde, 0xd7, 0xe6,
  0x00, 0x00, 0x00, 0x00, 0x00, 0x00, 0x00, 0x00, 0x00, 0x00, 0x00, 0x00,
  0x00, 0x00, 0x00, 0x00, 0x00, 0x00, 0x00, 0x00, 0x00, 0x00, 0x00, 0x00,
  0x00, 0x00, 0x00, 0x00, 0x00, 0x00, 0x00, 0x00, 0x00, 0x00, 0x00, 0x00,
  0x00, 0x00, 0x00, 0x00, 0x00, 0x00, 0x00, 0x00, 0x00, 0x00, 0x00, 0x00,
  0x00, 0x00, 0x00, 0x00, 0x00, 0x00, 0x00, 0x00, 0x00, 0x00, 0x00, 0x00,
  0x00, 0x00, 0x00, 0x00, 0x00, 0x00, 0x00, 0x00, 0x00, 0x00, 0x00, 0x00,
  0x00, 0x00, 0x00, 0x00, 0x00, 0x00, 0x00, 0x00, 0x00, 0x00, 0x00, 0x00,
  0x00, 0x00, 0x00, 0x00, 0x00, 0x00, 0x00, 0x00, 0x00, 0x00, 0x00, 0x00,
  0x00, 0x00, 0x00, 0x00, 0x00, 0x00, 0x00, 0x00, 0x00, 0x00, 0x00, 0x00,
  0x00, 0x00, 0x00, 0x00, 0x00, 0x00, 0x00, 0x00, 0x00, 0x00, 0x00, 0x00,
  0x00, 0x00, 0x00, 0x00, 0x00, 0x00, 0x00, 0x00, 0x00, 0x00, 0x00, 0x00,
  0x00, 0x00, 0x00, 0x00, 0x00, 0x00, 0x00, 0x00, 0x00, 0x00, 0x00, 0x00,
  0x00, 0x00, 0x00, 0x00, 0x00, 0x00, 0x00, 0x00, 0x00, 0x00, 0x00, 0x00,
  0x00, 0x00, 0x00, 0x00, 0x00, 0x00, 0x00, 0x00, 0x00, 0x00, 0x00, 0x00,
  0x00, 0x00, 0x00, 0x00, 0x00, 0x00, 0x00, 0x00, 0x00, 0x00, 0x00, 0x00,
  0x00, 0x00, 0x00, 0x00, 0x00, 0x00, 0x00, 0x00, 0x00, 0x00, 0x00, 0x00,
  0x00, 0x00, 0x00, 0x00, 0x00, 0x00, 0x00, 0x00, 0x00, 0x00, 0x00, 0x00,
  0x00, 0x00, 0x00, 0x00, 0x00, 0x00, 0x00, 0x00, 0x00, 0x00, 0x00, 0x00,
  0x00, 0x00, 0x00, 0x00, 0x00, 0x00, 0x00, 0x00, 0x00, 0x00, 0x00, 0x00,
  0x00, 0x00, 0x00, 0x00, 0x00, 0x00, 0x00, 0x00, 0x00, 0x00, 0x00, 0x00,
  0x00, 0x00, 0x00, 0x00, 0x00, 0x00, 0x00, 0x00, 0x00, 0x00, 0x00, 0x00,
  0x00, 0x00, 0x00, 0x00, 0x00, 0x00, 0x00, 0x00, 0x00, 0x00, 0x00, 0x00,
  0x00, 0x00, 0x00, 0x00, 0x00, 0x00, 0x00, 0x00, 0x00, 0x00, 0x00, 0x00,
  0x00, 0x00, 0x00, 0x00, 0x00, 0x00, 0x00, 0x00, 0x00, 0x00, 0x00, 0x00,
  0x10, 0x50, 0x00, 0x13, 0xd4, 0xb7, 0x01, 0xc0, 0xe4, 0x60, 0x2b, 0x15,
  0x9d, 0xfb, 0x3b, 0x2c, 0x01, 0x03, 0xfe, 0x03, 0xbd, 0x00, 0x47, 0x35,
  0x04, 0x2f, 0x3c, 0x13, 0x2e, 0x25, 0xe2, 0x21, 0x0d, 0x2a, 0x00, 0x14,
  0xf9, 0xbd, 0xf7, 0x9a, 0xf1, 0x4f, 0x24, 0x12, 0x81, 0xe9, 0x31, 0x1d,
  0xf7, 0x13, 0xdc, 0x03, 0xb5, 0x00, 0x2a, 0x26, 0xf2, 0x14, 0x31, 0xed,
  0x21, 0x24, 0xfa, 0x2a, 0x24, 0x2b, 0x00, 0x14, 0x1d, 0xcf, 0xea, 0xe6,
  0xf6, 0x4b, 0x0b, 0x11, 0xf4, 0xf0, 0x27, 0x33, 0x15, 0x15, 0x06, 0x04,
  0x1a, 0x00, 0x56, 0x2e, 0x0d, 0x2d, 0x21, 0xe4, 0x20, 0x06, 0xfb, 0x05,
  0x14, 0x04, 0x03, 0x0d, 0xc0, 0xbf, 0xe4, 0xf2, 0x09, 0xff, 0x16, 0x11,
  0xc8, 0xfc, 0x25, 0xbc, 0xf0, 0x0f, 0xdb, 0x04, 0xb9, 0x00, 0x4d, 0x1c,
  0xf3, 0xbb, 0x2c, 0x07, 0x13, 0x1b, 0xcd, 0x0f, 0x12, 0x1b, 0x04, 0x05,
  0xc2, 0xc8, 0xe9, 0xd7, 0x06, 0xfb, 0x0f, 0x05, 0xb0, 0xed, 0x1c, 0xd1,
  0xe3, 0x08, 0xd7, 0x0e, 0xb6, 0x00, 0x3e, 0x1d, 0xfd, 0xcf, 0x26, 0xeb,
  0x11, 0x21, 0xc9, 0x11, 0x1d, 0x34, 0x08, 0x19, 0xed, 0xfb, 0xf8, 0x35,
  0x02, 0x2b, 0x04, 0x09, 0x14, 0xf4, 0x1d, 0xe2, 0x03, 0x13, 0xfa, 0x0c,
  0x1c, 0x00, 0x4a, 0x26, 0xf0, 0xd6, 0x25, 0xec, 0x1f, 0x19, 0xd3, 0x1e,
  0x2b, 0x20, 0x00, 0x25, 0x10, 0xd5, 0xd6, 0xd1, 0x04, 0xeb, 0x2f, 0x17,
  0xdc, 0xfb, 0x48, 0xdc, 0x13, 0x2e, 0x04, 0x05, 0xfe, 0x00, 0x4d, 0x48,
  0xfe, 0xde, 0x41, 0x2b, 0x31, 0x4a, 0xe7, 0x3a, 0x36, 0x10, 0xff, 0x20,
  0xd1, 0xde, 0xd4, 0xed, 0x12, 0xcd, 0x31, 0x2b, 0xdc, 0xfb, 0x41, 0xe3,
  0xfd, 0x48, 0xec, 0x04, 0x01, 0x00, 0x35, 0x3e, 0x01, 0xe8, 0x40, 0x2a,
  0x2b, 0x4e, 0xc2, 0x47, 0x21, 0x14, 0x03, 0x2a, 0x11, 0x0a, 0xef, 0x2b,
  0x1b, 0xe0, 0x32, 0x1d, 0x1a, 0xfb, 0x30, 0xf9, 0x35, 0x45, 0x1c, 0x07,
  0x26, 0x00, 0x3c, 0x2d, 0x07, 0xf8, 0x2f, 0x2e, 0x2f, 0x50, 0xd4, 0x49,
  0x0c, 0x7f, 0x00, 0x0b, 0xd0, 0xd6, 0x1a, 0xe3, 0xfe, 0x6d, 0xff, 0x07,
  0xb4, 0xf6, 0x13, 0x4a, 0xf5, 0x0c, 0x3b, 0x00, 0xaf, 0x00, 0x39, 0xff,
  0x0b, 0x60, 0x04, 0xed, 0xee, 0xdf, 0xe7, 0x10, 0x10, 0x4f, 0x00, 0xfd,
  0x0c, 0xad, 0x02, 0x19, 0xec, 0x72, 0xec, 0x0c, 0xda, 0xf9, 0x02, 0x20,
  0xb8, 0xf7, 0x09, 0x00, 0xcc, 0x00, 0x32, 0xf9, 0xfc, 0x25, 0x01, 0xa9,
  0xdc, 0xda, 0xf0, 0xf9, 0x13, 0x6f, 0x00, 0xfb, 0x20, 0xa5, 0xf2, 0xd5,
  0xec, 0x6e, 0xe0, 0x08, 0xa3, 0xf7, 0x09, 0x4a, 0xfa, 0x20, 0x23, 0x01,
  0xb9, 0x00, 0x59, 0x00, 0xea, 0x4c, 0x11, 0xa5, 0xda, 0xd1, 0x0c, 0xdf,
  0x1b, 0x2b, 0x0e, 0x1f, 0xe1, 0xd9, 0x12, 0x11, 0x1a, 0xea, 0x03, 0x03,
  0xf0, 0xfa, 0x1f, 0xaa, 0xf2, 0xfc, 0xef, 0x0f, 0xbd, 0x00, 0x48, 0x27,
  0x02, 0xb9, 0x1f, 0xdc, 0xf1, 0xec, 0xdc, 0x16, 0x03, 0x1d, 0x0c, 0x15,
  0xd6, 0xbe, 0xe7, 0x4d, 0xd9, 0x08, 0xf8, 0x03, 0xfb, 0xf0, 0x01, 0xa8,
  0xbb, 0x1a, 0xd4, 0x15, 0xa8, 0x00, 0x41, 0x25, 0xfd, 0xb9, 0x0d, 0xb6,
  0xe4, 0xe0, 0xe6, 0xfc, 0x0b, 0x37, 0x12, 0x04, 0x17, 0xc7, 0xf9, 0x00,
  0x15, 0x25, 0x0a, 0xf2, 0xae, 0x03, 0x18, 0xc2, 0x16, 0x21, 0x2c, 0x1c,
  0xc9, 0x00, 0x4f, 0x27, 0x13, 0xcd, 0x20, 0xbe, 0xf3, 0x04, 0x0d, 0x13,
  0xee, 0x10, 0xe1, 0x29, 0x26, 0xe8, 0xf9, 0xe5, 0x00, 0xf9, 0xf6, 0x04,
  0xee, 0xfd, 0x29, 0xda, 0x08, 0x1c, 0x35, 0xea, 0xda, 0x00, 0x39, 0x53,
  0x03, 0xf0, 0x1c, 0xdf, 0x0a, 0x06, 0x01, 0x17, 0x39, 0x1e, 0xfb, 0x06,
  0x00, 0xca, 0xe8, 0x31, 0xf4, 0xe8, 0x01, 0x23, 0x06, 0xfc, 0x1e, 0xed,
  0xd4, 0x52, 0xea, 0xfd, 0xb3, 0x00, 0x02, 0x2d, 0x03, 0xee, 0x23, 0xe5,
  0xec, 0xee, 0xee, 0x05, 0x31, 0x0d, 0x07, 0x27, 0xce, 0xfa, 0xe9, 0xf3,
  0x24, 0xd9, 0x24, 0x20, 0xd0, 0xfc, 0x19, 0xe4, 0x17, 0x48, 0x23, 0xf9,
  0xf5, 0x00, 0x2c, 0x37, 0xf7, 0xf8, 0x2f, 0xf7, 0xf9, 0x2b, 0x03, 0x24,
  0x00, 0x00, 0x00, 0x00, 0x00, 0x00, 0x00, 0x00, 0x00, 0x00, 0x00, 0x00,
  0x00, 0x00, 0x00, 0x00, 0x00, 0x00, 0x00, 0x00, 0x00, 0x00, 0x00, 0x00,
  0x00, 0x00, 0x00, 0x00, 0x00, 0x00, 0x00, 0x00, 0x00, 0x00, 0x00, 0x00,
  0x00, 0x00, 0x00, 0x00, 0x00, 0x00, 0x00, 0x00, 0x00, 0x00, 0x00, 0x00,
  0x00, 0x00, 0x00, 0x00, 0x00, 0x00, 0x00, 0x00, 0x00, 0x00, 0x00, 0x00,
  0x00, 0x00, 0x00, 0x00, 0x00, 0x00, 0x00, 0x00, 0x00, 0x00, 0x00, 0x00,
  0x00, 0x00, 0x00, 0x00, 0x00, 0x00, 0x00, 0x00, 0x00, 0x00, 0x00, 0x00,
  0x00, 0x00, 0x00, 0x00, 0x00, 0x00, 0x00, 0x00, 0x00, 0x00, 0x00, 0x00,
  0x00, 0x00, 0x00, 0x00, 0x00, 0x00, 0x00, 0x00, 0x00, 0x00, 0x00, 0x00,
  0x00, 0x00, 0x00, 0x00, 0x00, 0x00, 0x00, 0x00, 0x00, 0x00, 0x00, 0x00,
  0x00, 0x00, 0x00, 0x00, 0x00, 0x00, 0x00, 0x00, 0x00, 0x00, 0x00, 0x00,
  0x00, 0x00, 0x00, 0x00, 0x00, 0x00, 0x00, 0x00, 0x00, 0x00, 0x00, 0x00,
  0x00, 0x00, 0x00, 0x00, 0x00, 0x00, 0x00, 0x00, 0x00, 0x00, 0x00, 0x00,
  0x00, 0x00, 0x00, 0x00, 0x00, 0x00, 0x00, 0x00, 0x00, 0x00, 0x00, 0x00,
  0x00, 0x00, 0x00, 0x00, 0x00, 0x00, 0x00, 0x00, 0x00, 0x00, 0x00, 0x00,
  0x00, 0x00, 0x00, 0x00, 0x00, 0x00, 0x00, 0x00, 0x00, 0x00, 0x00, 0x00,
  0x00, 0x00, 0x00, 0x00, 0x00, 0x00, 0x00, 0x00, 0x00, 0x00, 0x00, 0x00,
  0x00, 0x00, 0x00, 0x00, 0x00, 0x00, 0x00, 0x00, 0x00, 0x00, 0x00, 0x00,
  0x00, 0x00, 0x00, 0x00, 0x00, 0x00, 0x00, 0x00, 0x00, 0x00, 0x00, 0x00,
  0x00, 0x00, 0x00, 0x00, 0x00, 0x00, 0x00, 0x00, 0x00, 0x00, 0x00, 0x00,
  0x00, 0x00, 0x00, 0x00, 0x00, 0x00, 0x00, 0x00, 0x00, 0x00, 0x00, 0x00,
  0x00, 0x00, 0x00, 0x00, 0x00, 0x00, 0x00, 0x00, 0x00, 0x00, 0x00, 0x00,
  0x00, 0x00, 0x00, 0x00, 0x00, 0x00, 0x00, 0x00, 0x00, 0x00, 0x00, 0x00,
  0x00, 0x00, 0x00, 0x00, 0x00, 0x00, 0x00, 0x00, 0x00, 0x00, 0x00, 0x00,
  0x02, 0xd3, 0x00, 0xe9, 0x1b, 0xfa, 0x19, 0x17, 0xf5, 0xe2, 0x25, 0xde,
  0xf6, 0xee, 0x20, 0xe3, 0xb8, 0x23, 0xe9, 0x00, 0xf1, 0x00, 0xeb, 0x19,
  0x10, 0xeb, 0x18, 0x40, 0xfa, 0x1f, 0x02, 0xff, 0x04, 0x0c, 0x00, 0x0a,
  0x13, 0xfb, 0xfd, 0x15, 0x01, 0xfe, 0x39, 0xf8, 0xf5, 0xfa, 0x2c, 0xdb,
  0xec, 0x12, 0x10, 0x00, 0xf4, 0x00, 0x18, 0x2a, 0x18, 0xdd, 0x25, 0x5b,
  0x0b, 0x3b, 0x0d, 0x30, 0x06, 0xcf, 0x00, 0x07, 0xd5, 0x29, 0x00, 0x0c,
  0x19, 0xde, 0x32, 0x00, 0xec, 0xf6, 0x22, 0x97, 0x16, 0xfb, 0x21, 0x00,
  0x08, 0x00, 0x15, 0x16, 0x50, 0xab, 0x1b, 0x75, 0x19, 0x4d, 0xfb, 0x1e,
  0x28, 0x23, 0x4b, 0x18, 0x32, 0xb5, 0x04, 0xda, 0x3b, 0x38, 0xc9, 0x2d,
  0xdc, 0x26, 0x05, 0x53, 0xf9, 0x30, 0xff, 0x5a, 0xd8, 0x00, 0xdd, 0x23,
  0x12, 0x6d, 0x00, 0x81, 0xeb, 0xbf, 0x00, 0x13, 0x26, 0x3b, 0x70, 0x20,
  0x5c, 0xb6, 0xfd, 0xf3, 0x1a, 0x46, 0xea, 0x29, 0xf4, 0x0d, 0x09, 0x5f,
  0x02, 0x38, 0xf7, 0x5f, 0xdd, 0x00, 0xef, 0x15, 0x15, 0x79, 0xfb, 0x97,
  0xe1, 0xe6, 0x04, 0x13, 0x10, 0x42, 0x52, 0x16, 0x4b, 0x13, 0xf1, 0xf4,
  0x1a, 0x4a, 0xf8, 0x1e, 0x13, 0x0a, 0xf7, 0x47, 0x0b, 0x16, 0xdd, 0x3c,
  0xfa, 0x00, 0xfd, 0x00, 0x0b, 0x7c, 0xe9, 0xa9, 0xcd, 0xff, 0x0e, 0x0f,
  0xa7, 0x63, 0x00, 0xae, 0xe8, 0xcd, 0xfb, 0xd0, 0xc1, 0xed, 0xdc, 0xde,
  0x9b, 0x02, 0xf7, 0xf2, 0xc5, 0xac, 0xd1, 0xf2, 0xfe, 0x00, 0x30, 0xe8,
  0x01, 0x01, 0x03, 0xda, 0xe1, 0xf7, 0xec, 0xef, 0xc8, 0x58, 0x00, 0xf0,
  0xe5, 0xee, 0xdc, 0xba, 0xce, 0xc3, 0xe5, 0x20, 0xa6, 0x02, 0x02, 0x0d,
  0xcf, 0xd5, 0x92, 0xf4, 0xec, 0x00, 0x1c, 0xed, 0xf7, 0x1b, 0x25, 0xc7,
  0x0b, 0x02, 0xd6, 0xff, 0xd1, 0x43, 0x00, 0x02, 0x25, 0xea, 0xc9, 0xa6,
  0xc7, 0xa7, 0xeb, 0x1c, 0x98, 0xfd, 0x0f, 0x24, 0xd4, 0xe0, 0xcf, 0xf1,
  0xe5, 0x00, 0x0f, 0xe7, 0xef, 0x33, 0x27, 0xd3, 0x02, 0xfd, 0xcd, 0x01,
  0x00, 0x00, 0x00, 0x00, 0x00, 0x00, 0x00, 0x00, 0x00, 0x00, 0x00, 0x00,
  0x00, 0x00, 0x00, 0x00, 0x00, 0x00, 0x00, 0x00, 0x00, 0x00, 0x00, 0x00,
  0x00, 0x00, 0x00, 0x00, 0x00, 0x00, 0x00, 0x00, 0x00, 0x00, 0x00, 0x00,
  0x00, 0x00, 0x00, 0x00, 0x00, 0x00, 0x00, 0x00, 0x00, 0x00, 0x00, 0x00,
  0x00, 0x00, 0x00, 0x00, 0x00, 0x00, 0x00, 0x00, 0x00, 0x00, 0x00, 0x00,
  0x00, 0x00, 0x00, 0x00, 0x00, 0x00, 0x00, 0x00, 0x00, 0x00, 0x00, 0x00,
  0x00, 0x00, 0x00, 0x00, 0x00, 0x00, 0x00, 0x00, 0x00, 0x00, 0x00, 0x00,
  0x00, 0x00, 0x00, 0x00, 0x00, 0x00, 0x00, 0x00, 0x00, 0x00, 0x00, 0x00,
  0x00, 0x00, 0x00, 0x00, 0x00, 0x00, 0x00, 0x00, 0x00, 0x00, 0x00, 0x00,
  0x00, 0x00, 0x00, 0x00, 0x00, 0x00, 0x00, 0x00, 0x00, 0x00, 0x00, 0x00,
  0x00, 0x00, 0x00, 0x00, 0x00, 0x00, 0x00, 0x00, 0x00, 0x00, 0x00, 0x00,
  0x00, 0x00, 0x00, 0x00, 0x00, 0x00, 0x00, 0x00, 0x00, 0x00, 0x00, 0x00,
  0x00, 0x00, 0x00, 0x00, 0x00, 0x00, 0x00, 0x00, 0x00, 0x00, 0x00, 0x00,
  0x00, 0x00, 0x00, 0x00, 0x00, 0x00, 0x00, 0x00, 0x00, 0x00, 0x00, 0x00,
  0x00, 0x00, 0x00, 0x00, 0x00, 0x00, 0x00, 0x00, 0x00, 0x00, 0x00, 0x00,
  0x00, 0x00, 0x00, 0x00, 0x00, 0x00, 0x00, 0x00, 0x00, 0x00, 0x00, 0x00,
  0x00, 0x00, 0x00, 0x00, 0x00, 0x00, 0x00, 0x00, 0x00, 0x00, 0x00, 0x00,
  0x00, 0x00, 0x00, 0x00, 0x00, 0x00, 0x00, 0x00, 0x00, 0x00, 0x00, 0x00,
  0x00, 0x00, 0x00, 0x00, 0x00, 0x00, 0x00, 0x00, 0x00, 0x00, 0x00, 0x00,
  0x00, 0x00, 0x00, 0x00, 0x00, 0x00, 0x00, 0x00, 0x00, 0x00, 0x00, 0x00,
  0x00, 0x00, 0x00, 0x00, 0x00, 0x00, 0x00, 0x00, 0x00, 0x00, 0x00, 0x00,
  0x00, 0x00, 0x00, 0x00, 0x00, 0x00, 0x00, 0x00, 0x00, 0x00, 0x00, 0x00,
  0x00, 0x00, 0x00, 0x00, 0x00, 0x00, 0x00, 0x00, 0x00, 0x00, 0x00, 0x00,
  0x00, 0x00, 0x00, 0x00, 0x00, 0x00, 0x00, 0x00, 0x00, 0x00, 0x00, 0x00,
  0x22, 0xba, 0xff, 0xff, 0x04, 0x00, 0x00, 0x00, 0x90, 0x00, 0x00, 0x00,
  0x16, 0xea, 0xff, 0xff, 0x40, 0xdf, 0x41, 0xdd, 0xc0, 0x4d, 0x47, 0xd8,
  0xc5, 0xe6, 0xff, 0xff, 0x00, 0x00, 0x00, 0xc0, 0x00, 0x08, 0x88, 0xdd,
  0x40, 0x00, 0x00, 0xc0, 0x00, 0x00, 0x00, 0xc0, 0x39, 0xfe, 0xff, 0xff,
  0x58, 0x00, 0x00, 0x00, 0xc2, 0xe9, 0xff, 0xff, 0x00, 0x00, 0x00, 0xc0,
  0x00, 0x00, 0x00, 0xc0, 0x00, 0x00, 0x00, 0xc0, 0x00, 0x00, 0x00, 0xc0,
  0xcf, 0xfa, 0xff, 0xff, 0x00, 0x00, 0x00, 0xc0, 0x9c, 0x0a, 0x00, 0x00,
  0x40, 0xd2, 0x09, 0xd3, 0x87, 0x1f, 0x00, 0x00, 0xde, 0xf2, 0xff, 0xff,
  0xfc, 0x43, 0x00, 0x00, 0x40, 0x00, 0x00, 0xc0, 0x00, 0x00, 0x00, 0xc0,
  0xbf, 0xef, 0xff, 0xff, 0x06, 0xe0, 0xff, 0xff, 0x40, 0x00, 0x00, 0xc0,
  0x40, 0x00, 0x00, 0xc0, 0x43, 0xde, 0xff, 0xff, 0xac, 0x00, 0x00, 0x00,
  0x00, 0x00, 0x00, 0xc0, 0x9a, 0x07, 0x00, 0x00, 0x49, 0x08, 0x00, 0x00,
  0x40, 0x00, 0x00, 0xc0, 0xe1, 0xce, 0xff, 0xff, 0x00, 0x00, 0x00, 0xc0,
  0xbe, 0xba, 0xff, 0xff, 0x04, 0x00, 0x00, 0x00, 0xc0, 0x3c, 0x00, 0x00,
  0x00, 0x00, 0x00, 0x00, 0x00, 0x00, 0x00, 0x00, 0x00, 0x00, 0x00, 0x00,
  0x00, 0x00, 0x00, 0x00, 0x00, 0x00, 0x00, 0x00, 0x00, 0x00, 0x00, 0x00,
  0x00, 0x00, 0x00, 0x00, 0x00, 0x00, 0x00, 0x00, 0x00, 0x00, 0x00, 0x00,
  0x00, 0x00, 0x00, 0x00, 0x00, 0x00, 0x00, 0x00, 0x00, 0x00, 0x00, 0x00,
  0x00, 0x00, 0x00, 0x00, 0x00, 0x00, 0x00, 0x00, 0x00, 0x00, 0x00, 0x00,
  0x00, 0x00, 0x00, 0x00, 0x00, 0x00, 0x00, 0x00, 0x00, 0x00, 0x00, 0x00,
  0x00, 0x00, 0x00, 0x00, 0x00, 0x00, 0x00, 0x00, 0x00, 0x00, 0x00, 0x00,
  0x00, 0x00, 0x00, 0x00, 0x00, 0x00, 0x00, 0x00, 0x00, 0x00, 0x00, 0x00,
  0x00, 0x00, 0x00, 0x00, 0x00, 0x00, 0x00, 0x00, 0x00, 0x00, 0x00, 0x00,
  0x00, 0x00, 0x00, 0x00, 0x00, 0x00, 0x00, 0x00, 0x00, 0x00, 0x00, 0x00,
  0x00, 0x00, 0x00, 0x00, 0x00, 0x00, 0x00, 0x00, 0x00, 0x00, 0x00, 0x00,
  0x00, 0x00, 0x00, 0x00, 0x00, 0x00, 0x00, 0x00, 0x00, 0x00, 0x00, 0x00,
  0x00, 0x00, 0x00, 0x00, 0x00, 0x00, 0x00, 0x00, 0x00, 0x00, 0x00, 0x00,
  0x00, 0x00, 0x00, 0x00, 0x00, 0x00, 0x00, 0x00, 0x00, 0x00, 0x00, 0x00,
  0x00, 0x00, 0x00, 0x00, 0x00, 0x00, 0x00, 0x00, 0x00, 0x00, 0x00, 0x00,
  0x00, 0x00, 0x00, 0x00, 0x00, 0x00, 0x00, 0x00, 0x00, 0x00, 0x00, 0x00,
  0x00, 0x00, 0x00, 0x00, 0x00, 0x00, 0x00, 0x00, 0x00, 0x00, 0x00, 0x00,
  0x00, 0x00, 0x00, 0x00, 0x00, 0x00, 0x00, 0x00, 0x00, 0x00, 0x00, 0x00,
  0x00, 0x00, 0x00, 0x00, 0x00, 0x00, 0x00, 0x00, 0x00, 0x00, 0x00, 0x00,
  0x00, 0x00, 0x00, 0x00, 0x00, 0x00, 0x00, 0x00, 0x00, 0x00, 0x00, 0x00,
  0x00, 0x00, 0x00, 0x00, 0x00, 0x00, 0x00, 0x00, 0x00, 0x00, 0x00, 0x00,
  0x00, 0x00, 0x00, 0x00, 0x00, 0x00, 0x00, 0x00, 0x00, 0x00, 0x00, 0x00,
  0x00, 0x00, 0x00, 0x00, 0x00, 0x00, 0x00, 0x00, 0x00, 0x00, 0x00, 0x00,
  0x00, 0x00, 0x00, 0x00, 0x00, 0x00, 0x00, 0x00, 0x00, 0x00, 0x00, 0x00,
  0x00, 0x00, 0x00, 0x00, 0x00, 0x00, 0x00, 0x00, 0x00, 0x00, 0x00, 0x00,
  0x00, 0x00, 0x00, 0x00, 0x00, 0x00, 0x00, 0x00, 0x00, 0x00, 0x00, 0x00,
  0x00, 0x00, 0x00, 0x00, 0x00, 0x00, 0x00, 0x00, 0x00, 0x00, 0x00, 0x00,
  0xca, 0x00, 0x00, 0x07, 0x00, 0x00, 0x00, 0x00, 0x16, 0xc1, 0xe4, 0x00,
  0x00, 0x00, 0x00, 0x1a, 0x00, 0xe6, 0x00, 0x18, 0x0e, 0xd4, 0x00, 0x00,
  0x81, 0xe5, 0x00, 0x00, 0x32, 0xf7, 0x00, 0xe8, 0xee, 0x00, 0x06, 0x00,
  0xf3, 0x00, 0x00, 0x0c, 0x00, 0x00, 0x00, 0x00, 0x22, 0xcc, 0xf1, 0x00,
  0x00, 0x00, 0x00, 0x1c, 0x00, 0xf9, 0x00, 0x32, 0x3a, 0xdf, 0x00, 0x00,
  0x8c, 0xf9, 0x00, 0x00, 0x31, 0xf6, 0x00, 0xf1, 0x04, 0x00, 0x0d, 0x00,
  0xff, 0x00, 0x00, 0x17, 0x00, 0x00, 0x00, 0x00, 0x26, 0xe8, 0xe6, 0x00,
  0x00, 0x00, 0x00, 0x1f, 0x00, 0x01, 0x00, 0x33, 0x3f, 0xf6, 0x00, 0x00,
  0xa5, 0x09, 0x00, 0x00, 0x37, 0x0d, 0x00, 0xff, 0x00, 0x00, 0x11, 0x00,
  0xb7, 0x00, 0x00, 0x11, 0x00, 0x00, 0x00, 0x00, 0x06, 0xc5, 0xf3, 0x00,
  0x00, 0x00, 0x00, 0x36, 0x00, 0xe5, 0x00, 0x05, 0x14, 0xba, 0x00, 0x00,
  0x90, 0xe9, 0x00, 0x00, 0x21, 0xe9, 0x00, 0xe7, 0xf3, 0x00, 0x58, 0x00,
  0xdd, 0x00, 0x00, 0x1c, 0x00, 0x00, 0x00, 0x00, 0x11, 0xd1, 0xe8, 0x00,
  0x00, 0x00, 0x00, 0x34, 0x00, 0xf0, 0x00, 0x1c, 0x2b, 0xc4, 0x00, 0x00,
  0x96, 0xf4, 0x00, 0x00, 0x27, 0xed, 0x00, 0xea, 0x0b, 0x00, 0x52, 0x00,
  0xe9, 0x00, 0x00, 0x1d, 0x00, 0x00, 0x00, 0x00, 0x18, 0xf0, 0xf7, 0x00,
  0x00, 0x00, 0x00, 0x3a, 0x00, 0x0b, 0x00, 0x13, 0x26, 0xda, 0x00, 0x00,
  0xaf, 0x02, 0x00, 0x00, 0x26, 0xfc, 0x00, 0xf3, 0x12, 0x00, 0x5c, 0x00,
  0xa1, 0x00, 0x00, 0x16, 0x00, 0x00, 0x00, 0x00, 0x11, 0xe5, 0x10, 0x00,
  0x00, 0x00, 0x00, 0x2e, 0x00, 0xf9, 0x00, 0xf5, 0x1c, 0xc8, 0x00, 0x00,
  0xa9, 0xdd, 0x00, 0x00, 0xf5, 0x0b, 0x00, 0xf1, 0xfc, 0x00, 0x6e, 0x00,
  0xd4, 0x00, 0x00, 0x11, 0x00, 0x00, 0x00, 0x00, 0x19, 0xee, 0x0e, 0x00,
  0x00, 0x00, 0x00, 0x2b, 0x00, 0x0e, 0x00, 0x0e, 0x29, 0xd3, 0x00, 0x00,
  0xba, 0xf8, 0x00, 0x00, 0x08, 0x10, 0x00, 0xf3, 0x16, 0x00, 0x61, 0x00,
  0xdb, 0x00, 0x00, 0x22, 0x00, 0x00, 0x00, 0x00, 0x1f, 0x03, 0x21, 0x00,
  0x00, 0x00, 0x00, 0x2f, 0x00, 0x1c, 0x00, 0xfa, 0x18, 0xea, 0x00, 0x00,
  0xd2, 0xfb, 0x00, 0x00, 0x0b, 0x15, 0x00, 0xfc, 0x0a, 0x00, 0x75, 0x00,
  0xec, 0x00, 0x00, 0x11, 0x00, 0x00, 0x00, 0x00, 0xfe, 0x14, 0xf1, 0x00,
  0x00, 0x00, 0x00, 0x0f, 0x00, 0x13, 0x00, 0x41, 0x2b, 0x05, 0x00, 0x00,
  0x1a, 0xdd, 0x00, 0x00, 0x0d, 0x13, 0x00, 0x11, 0xfe, 0x00, 0x24, 0x00,
  0xdb, 0x00, 0x00, 0x0c, 0x00, 0x00, 0x00, 0x00, 0xef, 0x11, 0xe2, 0x00,
  0x00, 0x00, 0x00, 0xf0, 0x00, 0x0c, 0x00, 0x2a, 0x0d, 0x03, 0x00, 0x00,
  0x0d, 0xdc, 0x00, 0x00, 0xf2, 0x0c, 0x00, 0x0b, 0xeb, 0x00, 0x36, 0x00,
  0xd6, 0x00, 0x00, 0xf1, 0x00, 0x00, 0x00, 0x00, 0xf8, 0x08, 0xe2, 0x00,
  0x00, 0x00, 0x00, 0x00, 0x00, 0x05, 0x00, 0x31, 0x1c, 0xfc, 0x00, 0x00,
  0xff, 0xcb, 0x00, 0x00, 0xf3, 0x05, 0x00, 0x04, 0xf4, 0x00, 0x15, 0x00,
  0xfa, 0x00, 0x00, 0x15, 0x00, 0x00, 0x00, 0x00, 0x14, 0x1c, 0xe4, 0x00,
  0x00, 0x00, 0x00, 0x35, 0x00, 0x1f, 0x00, 0x41, 0x36, 0x08, 0x00, 0x00,
  0x13, 0xec, 0x00, 0x00, 0x0a, 0x1d, 0x00, 0x1c, 0x10, 0x00, 0x66, 0x00,
  0xdb, 0x00, 0x00, 0x0a, 0x00, 0x00, 0x00, 0x00, 0x02, 0x18, 0xf3, 0x00,
  0x00, 0x00, 0x00, 0x12, 0x00, 0x13, 0x00, 0x1f, 0x12, 0x03, 0x00, 0x00,
  0x1a, 0xf3, 0x00, 0x00, 0xf4, 0x14, 0x00, 0x11, 0xfc, 0x00, 0x62, 0x00,
  0xd7, 0x00, 0x00, 0xf8, 0x00, 0x00, 0x00, 0x00, 0xf9, 0x0c, 0xdb, 0x00,
  0x00, 0x00, 0x00, 0x11, 0x00, 0x06, 0x00, 0x32, 0x24, 0xf9, 0x00, 0x00,
  0xf5, 0xe3, 0x00, 0x00, 0xfd, 0x08, 0x00, 0x00, 0xf5, 0x00, 0x63, 0x00,
  0xf0, 0x00, 0x00, 0x14, 0x00, 0x00, 0x00, 0x00, 0x20, 0x16, 0x1d, 0x00,
  0x00, 0x00, 0x00, 0x21, 0x00, 0x1c, 0x00, 0x4e, 0x43, 0x07, 0x00, 0x00,
  0x05, 0xed, 0x00, 0x00, 0xfa, 0x2b, 0x00, 0x16, 0x1d, 0x00, 0x7c, 0x00,
  0xfe, 0x00, 0x00, 0x0f, 0x00, 0x00, 0x00, 0x00, 0x13, 0x12, 0x0c, 0x00,
  0x00, 0x00, 0x00, 0x17, 0x00, 0x15, 0x00, 0x2c, 0x21, 0x03, 0x00, 0x00,
  0x08, 0xff, 0x00, 0x00, 0xf7, 0x20, 0x00, 0x10, 0x02, 0x00, 0x7f, 0x00,
  0xd8, 0x00, 0x00, 0xfa, 0x00, 0x00, 0x00, 0x00, 0x04, 0x05, 0x09, 0x00,
  0x00, 0x00, 0x00, 0x27, 0x00, 0x04, 0x00, 0x44, 0x40, 0xf9, 0x00, 0x00,
  0xe3, 0xe9, 0x00, 0x00, 0xe7, 0x13, 0x00, 0xfd, 0xf2, 0x00, 0x78, 0x00,
  0x00, 0x00, 0x00, 0x00, 0x00, 0x00, 0x00, 0x00, 0x00, 0x00, 0x00, 0x00,
  0x00, 0x00, 0x00, 0x00, 0x00, 0x00, 0x00, 0x00, 0x00, 0x00, 0x00, 0x00,
  0x00, 0x00, 0x00, 0x00, 0x00, 0x00, 0x00, 0x00, 0x00, 0x00, 0x00, 0x00,
  0x00, 0x00, 0x00, 0x00, 0x00, 0x00, 0x00, 0x00, 0x00, 0x00, 0x00, 0x00,
  0x00, 0x00, 0x00, 0x00, 0x00, 0x00, 0x00, 0x00, 0x00, 0x00, 0x00, 0x00,
  0x00, 0x00, 0x00, 0x00, 0x00, 0x00, 0x00, 0x00, 0x00, 0x00, 0x00, 0x00,
  0x00, 0x00, 0x00, 0x00, 0x00, 0x00, 0x00, 0x00, 0x00, 0x00, 0x00, 0x00,
  0x00, 0x00, 0x00, 0x00, 0x00, 0x00, 0x00, 0x00, 0x00, 0x00, 0x00, 0x00,
  0x00, 0x00, 0x00, 0x00, 0x00, 0x00, 0x00, 0x00, 0x00, 0x00, 0x00, 0x00,
  0x00, 0x00, 0x00, 0x00, 0x00, 0x00, 0x00, 0x00, 0x00, 0x00, 0x00, 0x00,
  0x00, 0x00, 0x00, 0x00, 0x00, 0x00, 0x00, 0x00, 0x00, 0x00, 0x00, 0x00,
  0x00, 0x00, 0x00, 0x00, 0x00, 0x00, 0x00, 0x00, 0x00, 0x00, 0x00, 0x00,
  0x00, 0x00, 0x00, 0x00, 0x00, 0x00, 0x00, 0x00, 0x00, 0x00, 0x00, 0x00,
  0x00, 0x00, 0x00, 0x00, 0x00, 0x00, 0x00, 0x00, 0x00, 0x00, 0x00, 0x00,
  0x00, 0x00, 0x00, 0x00, 0x00, 0x00, 0x00, 0x00, 0x00, 0x00, 0x00, 0x00,
  0x00, 0x00, 0x00, 0x00, 0x00, 0x00, 0x00, 0x00, 0x00, 0x00, 0x00, 0x00,
  0x00, 0x00, 0x00, 0x00, 0x00, 0x00, 0x00, 0x00, 0x00, 0x00, 0x00, 0x00,
  0x00, 0x00, 0x00, 0x00, 0x00, 0x00, 0x00, 0x00, 0x00, 0x00, 0x00, 0x00,
  0x00, 0x00, 0x00, 0x00, 0x00, 0x00, 0x00, 0x00, 0x00, 0x00, 0x00, 0x00,
  0x00, 0x00, 0x00, 0x00, 0x00, 0x00, 0x00, 0x00, 0x00, 0x00, 0x00, 0x00,
  0x00, 0x00, 0x00, 0x00, 0x00, 0x00, 0x00, 0x00, 0x00, 0x00, 0x00, 0x00,
  0x00, 0x00, 0x00, 0x00, 0x00, 0x00, 0x00, 0x00, 0x00, 0x00, 0x00, 0x00,
  0x00, 0x00, 0x00, 0x00, 0x00, 0x00, 0x00, 0x00, 0x00, 0x00, 0x00, 0x00,
  0x00, 0x00, 0x00, 0x00, 0x00, 0x00, 0x00, 0x00, 0x00, 0x00, 0x00, 0x00,
  0x00, 0x00, 0x00, 0x00, 0x00, 0x00, 0x00, 0x00, 0x00, 0x00, 0x00, 0x00,
  0x00, 0x00, 0x00, 0x00, 0x00, 0x00, 0x00, 0x00, 0x00, 0x00, 0x00, 0x00,
  0x00, 0x00, 0x00, 0x00, 0x00, 0x00, 0x00, 0x00, 0x00, 0x00, 0x00, 0x00,
  0xf1, 0x00, 0x00, 0x06, 0x00, 0x00, 0x00, 0x00, 0x2a, 0xee, 0xda, 0x00,
  0x00, 0x00, 0x00, 0xec, 0x00, 0xff, 0x00, 0x36, 0x45, 0xc1, 0x00, 0x00,
  0xc9, 0xee, 0x00, 0x00, 0x33, 0xf3, 0x00, 0x06, 0xdb, 0x00, 0x10, 0x00,
  0x0f, 0x00, 0x00, 0x1a, 0x00, 0x00, 0x00, 0x00, 0x2c, 0xd5, 0xc6, 0x00,
  0x00, 0x00, 0x00, 0xfe, 0x00, 0xf1, 0x00, 0x47, 0x77, 0xbe, 0x00, 0x00,
  0xd4, 0x05, 0x00, 0x00, 0x35, 0x0d, 0x00, 0xe1, 0xee, 0x00, 0x00, 0x00,
  0x3b, 0x00, 0x00, 0x05, 0x00, 0x00, 0x00, 0x00, 0x32, 0xeb, 0xed, 0x00,
  0x00, 0x00, 0x00, 0xe3, 0x00, 0xe9, 0x00, 0x38, 0x64, 0xdb, 0x00, 0x00,
  0xb9, 0x2a, 0x00, 0x00, 0x57, 0xef, 0x00, 0xdd, 0x08, 0x00, 0x10, 0x00,
  0x09, 0x00, 0x00, 0xdc, 0x00, 0x00, 0x00, 0x00, 0x15, 0xbc, 0x4c, 0x00,
  0x00, 0x00, 0x00, 0x22, 0x00, 0xd3, 0x00, 0x0d, 0x48, 0xab, 0x00, 0x00,
  0xc9, 0x00, 0x00, 0x00, 0x21, 0xe3, 0x00, 0xc8, 0xc9, 0x00, 0x54, 0x00,
  0x05, 0x00, 0x00, 0x11, 0x00, 0x00, 0x00, 0x00, 0x30, 0xc5, 0x2a, 0x00,
  0x00, 0x00, 0x00, 0x28, 0x00, 0x0e, 0x00, 0x2b, 0x5e, 0xb3, 0x00, 0x00,
  0x07, 0x1b, 0x00, 0x00, 0x0f, 0x0e, 0x00, 0xc2, 0xff, 0x00, 0x75, 0x00,
  0x29, 0x00, 0x00, 0x0e, 0x00, 0x00, 0x00, 0x00, 0x36, 0x13, 0x2a, 0x00,
  0x00, 0x00, 0x00, 0x20, 0x00, 0x0b, 0x00, 0x07, 0x35, 0xe2, 0x00, 0x00,
  0x31, 0x24, 0x00, 0x00, 0x3a, 0x12, 0x00, 0xd3, 0xe3, 0x00, 0x69, 0x00,
  0xd5, 0x00, 0x00, 0xb6, 0x00, 0x00, 0x00, 0x00, 0xf5, 0xb8, 0x44, 0x00,
  0x00, 0x00, 0x00, 0x15, 0x00, 0xa8, 0x00, 0x27, 0x69, 0xa9, 0x00, 0x00,
  0x1b, 0x18, 0x00, 0x00, 0xb8, 0xcb, 0x00, 0xca, 0xc0, 0x00, 0x7f, 0x00,
  0xc8, 0x00, 0x00, 0x1c, 0x00, 0x00, 0x00, 0x00, 0x1c, 0xb2, 0x68, 0x00,
  0x00, 0x00, 0x00, 0x19, 0x00, 0xdf, 0x00, 0x20, 0x51, 0xbd, 0x00, 0x00,
  0x33, 0x14, 0x00, 0x00, 0xd9, 0xfc, 0x00, 0xd1, 0xd7, 0x00, 0x69, 0x00,
  0xea, 0x00, 0x00, 0xf5, 0x00, 0x00, 0x00, 0x00, 0x19, 0x1d, 0x77, 0x00,
  0x00, 0x00, 0x00, 0x06, 0x00, 0x1a, 0x00, 0xee, 0x0e, 0x27, 0x00, 0x00,
  0x78, 0x2d, 0x00, 0x00, 0x04, 0x07, 0x00, 0xde, 0x04, 0x00, 0x7f, 0x00,
  0xa3, 0x00, 0x00, 0x3f, 0x00, 0x00, 0x00, 0x00, 0x21, 0x04, 0xc5, 0x00,
  0x00, 0x00, 0x00, 0x40, 0x00, 0x1c, 0x00, 0x5b, 0x4f, 0xeb, 0x00, 0x00,
  0x15, 0xc4, 0x00, 0x00, 0xee, 0x0c, 0x00, 0xe3, 0x24, 0x00, 0x48, 0x00,
  0xaf, 0x00, 0x00, 0x38, 0x00, 0x00, 0x00, 0x00, 0x00, 0x0b, 0xd4, 0x00,
  0x00, 0x00, 0x00, 0x65, 0x00, 0x14, 0x00, 0x43, 0x21, 0xef, 0x00, 0x00,
  0x0d, 0x91, 0x00, 0x00, 0xcf, 0xf8, 0x00, 0xe2, 0x2b, 0x00, 0x2d, 0x00,
  0x9e, 0x00, 0x00, 0x28, 0x00, 0x00, 0x00, 0x00, 0xfe, 0x07, 0xb7, 0x00,
  0x00, 0x00, 0x00, 0x29, 0x00, 0x0f, 0x00, 0x3e, 0x1c, 0xfb, 0x00, 0x00,
  0x11, 0x91, 0x00, 0x00, 0xd1, 0xd7, 0x00, 0xfa, 0x15, 0x00, 0x1e, 0x00,
  0xca, 0x00, 0x00, 0x38, 0x00, 0x00, 0x00, 0x00, 0x31, 0x27, 0x35, 0x00,
  0x00, 0x00, 0x00, 0x3d, 0x00, 0x44, 0x00, 0x44, 0x41, 0x16, 0x00, 0x00,
  0x47, 0xcf, 0x00, 0x00, 0x13, 0x09, 0x00, 0x29, 0x2f, 0x00, 0x4f, 0x00,
  0xc7, 0x00, 0x00, 0x1a, 0x00, 0x00, 0x00, 0x00, 0x38, 0x23, 0x20, 0x00,
  0x00, 0x00, 0x00, 0x45, 0x00, 0x06, 0x00, 0x25, 0x18, 0xfb, 0x00, 0x00,
  0x23, 0xbc, 0x00, 0x00, 0xc4, 0x46, 0x00, 0x20, 0x06, 0x00, 0x78, 0x00,
  0x9d, 0x00, 0x00, 0xfe, 0x00, 0x00, 0x00, 0x00, 0x0e, 0x1e, 0x38, 0x00,
  0x00, 0x00, 0x00, 0x46, 0x00, 0xf1, 0x00, 0x4c, 0x30, 0x04, 0x00, 0x00,
  0x17, 0xdc, 0x00, 0x00, 0xb8, 0x20, 0x00, 0x17, 0x02, 0x00, 0x77, 0x00,
  0x0e, 0x00, 0x00, 0x42, 0x00, 0x00, 0x00, 0x00, 0x41, 0x30, 0x45, 0x00,
  0x00, 0x00, 0x00, 0x30, 0x00, 0x30, 0x00, 0x63, 0x49, 0x26, 0x00, 0x00,
  0x25, 0x10, 0x00, 0x00, 0x0a, 0x54, 0x00, 0x30, 0x36, 0x00, 0x62, 0x00,
  0xdd, 0x00, 0x00, 0x22, 0x00, 0x00, 0x00, 0x00, 0x05, 0x29, 0x11, 0x00,
  0x00, 0x00, 0x00, 0x22, 0x00, 0x27, 0x00, 0x5b, 0x48, 0x2b, 0x00, 0x00,
  0x20, 0x1a, 0x00, 0x00, 0xcb, 0x11, 0x00, 0x3d, 0x14, 0x00, 0x61, 0x00,
  0xca, 0x00, 0x00, 0x00, 0x00, 0x00, 0x00, 0x00, 0x23, 0x18, 0x36, 0x00,
  0x00, 0x00, 0x00, 0x23, 0x00, 0x02, 0x00, 0x5b, 0x7f, 0x08, 0x00, 0x00,
  0xf7, 0x15, 0x00, 0x00, 0xd6, 0x42, 0x00, 0xe8, 0x26, 0x00, 0x41, 0x00,
  0xa0, 0x00, 0x00, 0xf4, 0x00, 0x00, 0x00, 0x00, 0xf1, 0xe6, 0xc2, 0x00,
  0x00, 0x00, 0x00, 0x37, 0x00, 0xe0, 0x00, 0x2a, 0xc6, 0xcd, 0x00, 0x00,
  0xeb, 0x92, 0x00, 0x00, 0xee, 0xf5, 0x00, 0xec, 0xe4, 0x00, 0x44, 0x00,
  0xa7, 0x00, 0x00, 0x00, 0x00, 0x00, 0x00, 0x00, 0x0c, 0xf5, 0xcd, 0x00,
  0x00, 0x00, 0x00, 0x53, 0x00, 0xe1, 0x00, 0x16, 0x17, 0x02, 0x00, 0x00,
  0x01, 0xa4, 0x00, 0x00, 0xcc, 0x02, 0x00, 0x0e, 0x1c, 0x00, 0x5b, 0x00,
  0xcb, 0x00, 0x00, 0x19, 0x00, 0x00, 0x00, 0x00, 0x23, 0xf6, 0xc4, 0x00,
  0x00, 0x00, 0x00, 0x41, 0x00, 0xe8, 0x00, 0x33, 0x48, 0xd5, 0x00, 0x00,
  0x1d, 0xc9, 0x00, 0x00, 0xe9, 0xee, 0x00, 0x1a, 0x10, 0x00, 0x7e, 0x00,
  0xc2, 0x00, 0x00, 0x1c, 0x00, 0x00, 0x00, 0x00, 0x20, 0x0f, 0x52, 0x00,
  0x00, 0x00, 0x00, 0x3a, 0x00, 0x05, 0x00, 0x0b, 0xce, 0xeb, 0x00, 0x00,
  0x39, 0xb0, 0x00, 0x00, 0xc7, 0xe7, 0x00, 0x06, 0xe5, 0x00, 0x75, 0x00,
  0xc8, 0x00, 0x00, 0x43, 0x00, 0x00, 0x00, 0x00, 0x33, 0x1f, 0x43, 0x00,
  0x00, 0x00, 0x00, 0x4e, 0x00, 0x2a, 0x00, 0x1f, 0xef, 0x1f, 0x00, 0x00,
  0x26, 0xf9, 0x00, 0x00, 0xc1, 0x05, 0x00, 0x1d, 0x18, 0x00, 0x5e, 0x00,
  0xc5, 0x00, 0x00, 0x08, 0x00, 0x00, 0x00, 0x00, 0x38, 0x1e, 0x3d, 0x00,
  0x00, 0x00, 0x00, 0x2a, 0x00, 0x2d, 0x00, 0x1e, 0x1c, 0x21, 0x00, 0x00,
  0x34, 0x03, 0x00, 0x00, 0xd2, 0x2a, 0x00, 0x16, 0x14, 0x00, 0x7f, 0x00,
  0xf5, 0x00, 0x00, 0x0d, 0x00, 0x00, 0x00, 0x00, 0xee, 0x20, 0x14, 0x00,
  0x00, 0x00, 0x00, 0xff, 0x00, 0x25, 0x00, 0x1d, 0xf2, 0x14, 0x00, 0x00,
  0x06, 0xd3, 0x00, 0x00, 0xae, 0x22, 0x00, 0x20, 0x0c, 0x00, 0x2c, 0x00,
  0x09, 0x00, 0x00, 0x46, 0x00, 0x00, 0x00, 0x00, 0xff, 0x25, 0x2a, 0x00,
  0x00, 0x00, 0x00, 0x33, 0x00, 0x27, 0x00, 0x12, 0x2f, 0x15, 0x00, 0x00,
  0x21, 0xf3, 0x00, 0x00, 0xb1, 0x38, 0x00, 0x24, 0x16, 0x00, 0x54, 0x00,
  0xd2, 0x00, 0x00, 0x28, 0x00, 0x00, 0x00, 0x00, 0x22, 0x24, 0x1b, 0x00,
  0x00, 0x00, 0x00, 0x02, 0x00, 0x37, 0x00, 0x29, 0x60, 0x08, 0x00, 0x00,
  0x19, 0x1e, 0x00, 0x00, 0xe2, 0x46, 0x00, 0x2a, 0x2d, 0x00, 0x5d, 0x00,
  0x06, 0x00, 0x00, 0x15, 0x00, 0x00, 0x00, 0x00, 0x06, 0x17, 0x5b, 0x00,
  0x00, 0x00, 0x00, 0x30, 0x00, 0x0e, 0x00, 0x43, 0x7f, 0x1c, 0x00, 0x00,
  0x0d, 0x1a, 0x00, 0x00, 0x05, 0x02, 0x00, 0x09, 0x1e, 0x00, 0x51, 0x00,
  0x10, 0x00, 0x00, 0xf9, 0x00, 0x00, 0x00, 0x00, 0xe0, 0xed, 0x4a, 0x00,
  0x00, 0x00, 0x00, 0x29, 0x00, 0xe3, 0x00, 0xef, 0x10, 0x00, 0x00, 0x00,
  0xe6, 0x00, 0x00, 0x00, 0x0a, 0xde, 0x00, 0xe6, 0xf6, 0x00, 0x50, 0x00,
  0xb7, 0x00, 0x00, 0xc2, 0x00, 0x00, 0x00, 0x00, 0xc4, 0xc2, 0x5e, 0x00,
  0x00, 0x00, 0x00, 0x23, 0x00, 0xba, 0x00, 0xed, 0xbd, 0xf0, 0x00, 0x00,
  0xcd, 0xb6, 0x00, 0x00, 0xd0, 0xbb, 0x00, 0xb9, 0xc4, 0x00, 0x38, 0x00,
  0xfa, 0x00, 0x00, 0x1c, 0x00, 0x00, 0x00, 0x00, 0x01, 0x29, 0x4a, 0x00,
  0x00, 0x00, 0x00, 0x0d, 0x00, 0x13, 0x00, 0x43, 0x69, 0x2c, 0x00, 0x00,
  0x23, 0x16, 0x00, 0x00, 0xfc, 0x07, 0x00, 0x22, 0x2a, 0x00, 0xff, 0x00,
  0x17, 0x00, 0x00, 0xfb, 0x00, 0x00, 0x00, 0x00, 0xd9, 0x00, 0x5c, 0x00,
  0x00, 0x00, 0x00, 0x03, 0x00, 0xf7, 0x00, 0xf7, 0x00, 0x12, 0x00, 0x00,
  0xfa, 0x05, 0x00, 0x00, 0x07, 0xe5, 0x00, 0x00, 0xf1, 0x00, 0xfa, 0x00,
  0xa9, 0x00, 0x00, 0xcd, 0x00, 0x00, 0x00, 0x00, 0xbb, 0xd6, 0x41, 0x00,
  0x00, 0x00, 0x00, 0x03, 0x00, 0xc9, 0x00, 0xfc, 0xcb, 0xfc, 0x00, 0x00,
  0xcc, 0xbf, 0x00, 0x00, 0xb9, 0xbc, 0x00, 0xd3, 0xc8, 0x00, 0xef, 0x00,
  0xec, 0x00, 0x00, 0x19, 0x00, 0x00, 0x00, 0x00, 0xfb, 0x39, 0x0f, 0x00,
  0x00, 0x00, 0x00, 0x18, 0x00, 0x22, 0x00, 0x3b, 0x4b, 0x3f, 0x00, 0x00,
  0x37, 0x10, 0x00, 0x00, 0xd8, 0x0c, 0x00, 0x34, 0x25, 0x00, 0xf1, 0x00,
  0x13, 0x00, 0x00, 0xf5, 0x00, 0x00, 0x00, 0x00, 0xce, 0x14, 0x09, 0x00,
  0x00, 0x00, 0x00, 0x0f, 0x00, 0xfd, 0x00, 0xfa, 0xf2, 0x26, 0x00, 0x00,
  0x0b, 0x0d, 0x00, 0x00, 0xf6, 0xea, 0x00, 0x18, 0x0c, 0x00, 0xec, 0x00,
  0xad, 0x00, 0x00, 0xd6, 0x00, 0x00, 0x00, 0x00, 0xa7, 0xf4, 0x17, 0x00,
  0x00, 0x00, 0x00, 0x14, 0x00, 0xd7, 0x00, 0xfb, 0xc7, 0x11, 0x00, 0x00,
  0xe6, 0xde, 0x00, 0x00, 0x99, 0xbb, 0x00, 0xf6, 0xe0, 0x00, 0xf3, 0x00,
  0x00, 0x00, 0x00, 0x00, 0x00, 0x00, 0x00, 0x00, 0x00, 0x00, 0x00, 0x00,
  0x00, 0x00, 0x00, 0x00, 0x00, 0x00, 0x00, 0x00, 0x00, 0x00, 0x00, 0x00,
  0x00, 0x00, 0x00, 0x00, 0x00, 0x00, 0x00, 0x00, 0x00, 0x00, 0x00, 0x00,
  0x00, 0x00, 0x00, 0x00, 0x00, 0x00, 0x00, 0x00, 0x00, 0x00, 0x00, 0x00,
  0x00, 0x00, 0x00, 0x00, 0x00, 0x00, 0x00, 0x00, 0x00, 0x00, 0x00, 0x00,
  0x00, 0x00, 0x00, 0x00, 0x00, 0x00, 0x00, 0x00, 0x00, 0x00, 0x00, 0x00,
  0x00, 0x00, 0x00, 0x00, 0x00, 0x00, 0x00, 0x00, 0x00, 0x00, 0x00, 0x00,
  0x00, 0x00, 0x00, 0x00, 0x00, 0x00, 0x00, 0x00, 0x00, 0x00, 0x00, 0x00,
  0x00, 0x00, 0x00, 0x00, 0x00, 0x00, 0x00, 0x00, 0x00, 0x00, 0x00, 0x00,
  0x00, 0x00, 0x00, 0x00, 0x00, 0x00, 0x00, 0x00, 0x00, 0x00, 0x00, 0x00,
  0x00, 0x00, 0x00, 0x00, 0x00, 0x00, 0x00, 0x00, 0x00, 0x00, 0x00, 0x00,
  0x00, 0x00, 0x00, 0x00, 0x00, 0x00, 0x00, 0x00, 0x00, 0x00, 0x00, 0x00,
  0x00, 0x00, 0x00, 0x00, 0x00, 0x00, 0x00, 0x00, 0x00, 0x00, 0x00, 0x00,
  0x00, 0x00, 0x00, 0x00, 0x00, 0x00, 0x00, 0x00, 0x00, 0x00, 0x00, 0x00,
  0x00, 0x00, 0x00, 0x00, 0x00, 0x00, 0x00, 0x00, 0x00, 0x00, 0x00, 0x00,
  0x00, 0x00, 0x00, 0x00, 0x00, 0x00, 0x00, 0x00, 0x00, 0x00, 0x00, 0x00,
  0x00, 0x00, 0x00, 0x00, 0x00, 0x00, 0x00, 0x00, 0x00, 0x00, 0x00, 0x00,
  0x00, 0x00, 0x00, 0x00, 0x00, 0x00, 0x00, 0x00, 0x00, 0x00, 0x00, 0x00,
  0x00, 0x00, 0x00, 0x00, 0x00, 0x00, 0x00, 0x00, 0x00, 0x00, 0x00, 0x00,
  0x00, 0x00, 0x00, 0x00, 0x00, 0x00, 0x00, 0x00, 0x00, 0x00, 0x00, 0x00,
  0x00, 0x00, 0x00, 0x00, 0x00, 0x00, 0x00, 0x00, 0x00, 0x00, 0x00, 0x00,
  0x00, 0x00, 0x00, 0x00, 0x00, 0x00, 0x00, 0x00, 0x00, 0x00, 0x00, 0x00,
  0x00, 0x00, 0x00, 0x00, 0x00, 0x00, 0x00, 0x00, 0x00, 0x00, 0x00, 0x00,
  0x00, 0x00, 0x00, 0x00, 0x00, 0x00, 0x00, 0x00, 0x00, 0x00, 0x00, 0x00,
  0x00, 0x00, 0x00, 0x00, 0x00, 0x00, 0x00, 0x00, 0x00, 0x00, 0x00, 0x00,
  0x00, 0x00, 0x00, 0x00, 0x00, 0x00, 0x00, 0x00, 0x00, 0x00, 0x00, 0x00,
  0x00, 0x00, 0x00, 0x00, 0x00, 0x00, 0x00, 0x00, 0x00, 0x00, 0x00, 0x00,
  0x05, 0x00, 0x00, 0x1a, 0x00, 0x00, 0x00, 0x00, 0x14, 0x3a, 0x05, 0x00,
  0x00, 0x00, 0x00, 0xf2, 0x00, 0x28, 0x00, 0x47, 0x7f, 0x2b, 0x00, 0x00,
  0x1a, 0x1b, 0x00, 0x00, 0xf2, 0x1b, 0x00, 0x2c, 0x18, 0x00, 0x26, 0x00,
  0xef, 0x00, 0x00, 0x03, 0x00, 0x00, 0x00, 0x00, 0xf2, 0x1a, 0x0a, 0x00,
  0x00, 0x00, 0x00, 0xeb, 0x00, 0x09, 0x00, 0xfc, 0x0d, 0x15, 0x00, 0x00,
  0xef, 0x00, 0x00, 0x00, 0xf8, 0xfd, 0x00, 0x08, 0xff, 0x00, 0x26, 0x00,
  0xe6, 0x00, 0x00, 0xdb, 0x00, 0x00, 0x00, 0x00, 0xe7, 0xf4, 0xf4, 0x00,
  0x00, 0x00, 0x00, 0xda, 0x00, 0xe6, 0x00, 0x1c, 0x08, 0xf3, 0x00, 0x00,
  0xd0, 0xdf, 0x00, 0x00, 0xe6, 0xf0, 0x00, 0xe5, 0xf4, 0x00, 0xf0, 0x00,
  0x07, 0x00, 0x00, 0x20, 0x00, 0x00, 0x00, 0x00, 0x24, 0x34, 0x29, 0x00,
  0x00, 0x00, 0x00, 0x0e, 0x00, 0x31, 0x00, 0x56, 0x7f, 0x1b, 0x00, 0x00,
  0x17, 0x16, 0x00, 0x00, 0x10, 0x26, 0x00, 0x16, 0x24, 0x00, 0x2e, 0x00,
  0x02, 0x00, 0x00, 0xf0, 0x00, 0x00, 0x00, 0x00, 0xfe, 0x0b, 0x09, 0x00,
  0x00, 0x00, 0x00, 0x11, 0x00, 0x0c, 0x00, 0x03, 0xf4, 0x03, 0x00, 0x00,
  0xdf, 0x06, 0x00, 0x00, 0xfa, 0x06, 0x00, 0xf2, 0xf4, 0x00, 0x36, 0x00,
  0xd9, 0x00, 0x00, 0xbc, 0x00, 0x00, 0x00, 0x00, 0xe6, 0xd0, 0x14, 0x00,
  0x00, 0x00, 0x00, 0xfa, 0x00, 0xc0, 0x00, 0x23, 0xfa, 0xe7, 0x00, 0x00,
  0xa6, 0xdf, 0x00, 0x00, 0xd5, 0xe8, 0x00, 0xca, 0xd3, 0x00, 0x32, 0x00,
  0x04, 0x00, 0x00, 0x13, 0x00, 0x00, 0x00, 0x00, 0x18, 0x2f, 0x35, 0x00,
  0x00, 0x00, 0x00, 0x09, 0x00, 0x20, 0x00, 0x54, 0x5d, 0x20, 0x00, 0x00,
  0x16, 0x1d, 0x00, 0x00, 0xfc, 0x2d, 0x00, 0x1f, 0x25, 0x00, 0x34, 0x00,
  0xfe, 0x00, 0x00, 0xee, 0x00, 0x00, 0x00, 0x00, 0xf5, 0x0a, 0x22, 0x00,
  0x00, 0x00, 0x00, 0xec, 0x00, 0x02, 0x00, 0xfd, 0xf2, 0x0a, 0x00, 0x00,
  0xe8, 0x21, 0x00, 0x00, 0xe3, 0xff, 0x00, 0xfe, 0xf7, 0x00, 0x1a, 0x00,
  0xcb, 0x00, 0x00, 0xb5, 0x00, 0x00, 0x00, 0x00, 0xcc, 0xd2, 0x10, 0x00,
  0x00, 0x00, 0x00, 0xde, 0x00, 0xbb, 0x00, 0x2b, 0xff, 0xef, 0x00, 0x00,
  0xaa, 0xe2, 0x00, 0x00, 0xc1, 0xb8, 0x00, 0xc6, 0xaa, 0x00, 0x1b, 0x00,
  0x00, 0x00, 0x00, 0x00, 0x00, 0x00, 0x00, 0x00, 0x00, 0x00, 0x00, 0x00,
  0x00, 0x00, 0x00, 0x00, 0x00, 0x00, 0x00, 0x00, 0x00, 0x00, 0x00, 0x00,
  0x00, 0x00, 0x00, 0x00, 0x00, 0x00, 0x00, 0x00, 0x00, 0x00, 0x00, 0x00,
  0x00, 0x00, 0x00, 0x00, 0x00, 0x00, 0x00, 0x00, 0x00, 0x00, 0x00, 0x00,
  0x00, 0x00, 0x00, 0x00, 0x00, 0x00, 0x00, 0x00, 0x00, 0x00, 0x00, 0x00,
  0x00, 0x00, 0x00, 0x00, 0x00, 0x00, 0x00, 0x00, 0x00, 0x00, 0x00, 0x00,
  0x00, 0x00, 0x00, 0x00, 0x00, 0x00, 0x00, 0x00, 0x00, 0x00, 0x00, 0x00,
  0x00, 0x00, 0x00, 0x00, 0x00, 0x00, 0x00, 0x00, 0x00, 0x00, 0x00, 0x00,
  0x00, 0x00, 0x00, 0x00, 0x00, 0x00, 0x00, 0x00, 0x00, 0x00, 0x00, 0x00,
  0x00, 0x00, 0x00, 0x00, 0x00, 0x00, 0x00, 0x00, 0x00, 0x00, 0x00, 0x00,
  0x00, 0x00, 0x00, 0x00, 0x00, 0x00, 0x00, 0x00, 0x00, 0x00, 0x00, 0x00,
  0x00, 0x00, 0x00, 0x00, 0x00, 0x00, 0x00, 0x00, 0x00, 0x00, 0x00, 0x00,
  0x00, 0x00, 0x00, 0x00, 0x00, 0x00, 0x00, 0x00, 0x00, 0x00, 0x00, 0x00,
  0x00, 0x00, 0x00, 0x00, 0x00, 0x00, 0x00, 0x00, 0x00, 0x00, 0x00, 0x00,
  0x00, 0x00, 0x00, 0x00, 0x00, 0x00, 0x00, 0x00, 0x00, 0x00, 0x00, 0x00,
  0x00, 0x00, 0x00, 0x00, 0x00, 0x00, 0x00, 0x00, 0x00, 0x00, 0x00, 0x00,
  0x00, 0x00, 0x00, 0x00, 0x00, 0x00, 0x00, 0x00, 0x00, 0x00, 0x00, 0x00,
  0x00, 0x00, 0x00, 0x00, 0x00, 0x00, 0x00, 0x00, 0x00, 0x00, 0x00, 0x00,
  0x00, 0x00, 0x00, 0x00, 0x00, 0x00, 0x00, 0x00, 0x00, 0x00, 0x00, 0x00,
  0x00, 0x00, 0x00, 0x00, 0x00, 0x00, 0x00, 0x00, 0x00, 0x00, 0x00, 0x00,
  0x00, 0x00, 0x00, 0x00, 0x00, 0x00, 0x00, 0x00, 0x00, 0x00, 0x00, 0x00,
  0x00, 0x00, 0x00, 0x00, 0x00, 0x00, 0x00, 0x00, 0x00, 0x00, 0x00, 0x00,
  0x00, 0x00, 0x00, 0x00, 0x00, 0x00, 0x00, 0x00, 0x00, 0x00, 0x00, 0x00,
  0x00, 0x00, 0x00, 0x00, 0x00, 0x00, 0x00, 0x00, 0x00, 0x00, 0x00, 0x00,
  0x00, 0x00, 0x00, 0x00, 0x00, 0x00, 0x00, 0x00, 0x00, 0x00, 0x00, 0x00,
  0x00, 0x00, 0x00, 0x00, 0x00, 0x00, 0x00, 0x00, 0x00, 0x00, 0x00, 0x00,
  0x00, 0x00, 0x00, 0x00, 0x00, 0x00, 0x00, 0x00, 0x00, 0x00, 0x00, 0x00,
  0xae, 0x00, 0x00, 0x14, 0x00, 0x00, 0x00, 0x00, 0x10, 0x05, 0xd9, 0x00,
  0x00, 0x00, 0x00, 0x34, 0x00, 0xf8, 0x00, 0x46, 0x3a, 0xfe, 0x00, 0x00,
  0x27, 0xd7, 0x00, 0x00, 0x07, 0x0c, 0x00, 0x02, 0x14, 0x00, 0x48, 0x00,
  0xdf, 0x00, 0x00, 0xff, 0x00, 0x00, 0x00, 0x00, 0xe7, 0x0a, 0xc6, 0x00,
  0x00, 0x00, 0x00, 0x36, 0x00, 0x1e, 0x00, 0x32, 0xfd, 0xed, 0x00, 0x00,
  0x2f, 0xd8, 0x00, 0x00, 0xcf, 0x14, 0x00, 0x0b, 0x1b, 0x00, 0x49, 0x00,
  0xb1, 0x00, 0x00, 0x27, 0x00, 0x00, 0x00, 0x00, 0x16, 0x0c, 0xb0, 0x00,
  0x00, 0x00, 0x00, 0x17, 0x00, 0x29, 0x00, 0x26, 0xf5, 0xf7, 0x00, 0x00,
  0x16, 0xae, 0x00, 0x00, 0xa7, 0x18, 0x00, 0x05, 0xfc, 0x00, 0x37, 0x00,
  0xea, 0x00, 0x00, 0x2f, 0x00, 0x00, 0x00, 0x00, 0x27, 0x19, 0x52, 0x00,
  0x00, 0x00, 0x00, 0x42, 0x00, 0x35, 0x00, 0x41, 0x1e, 0x18, 0x00, 0x00,
  0x36, 0xf1, 0x00, 0x00, 0x0b, 0xf9, 0x00, 0xf9, 0x14, 0x00, 0x6c, 0x00,
  0x06, 0x00, 0x00, 0x23, 0x00, 0x00, 0x00, 0x00, 0x39, 0x25, 0x30, 0x00,
  0x00, 0x00, 0x00, 0x18, 0x00, 0x0a, 0x00, 0x20, 0x05, 0x1b, 0x00, 0x00,
  0x43, 0xca, 0x00, 0x00, 0xf4, 0x17, 0x00, 0xfc, 0x2a, 0x00, 0x44, 0x00,
  0xd6, 0x00, 0x00, 0x27, 0x00, 0x00, 0x00, 0x00, 0x24, 0x19, 0x3a, 0x00,
  0x00, 0x00, 0x00, 0x17, 0x00, 0x1e, 0x00, 0x4b, 0x1f, 0xf3, 0x00, 0x00,
  0x1b, 0xc3, 0x00, 0x00, 0xd2, 0x20, 0x00, 0x0e, 0x07, 0x00, 0x7f, 0x00,
  0x02, 0x00, 0x00, 0x12, 0x00, 0x00, 0x00, 0x00, 0x12, 0x18, 0x12, 0x00,
  0x00, 0x00, 0x00, 0x0f, 0x00, 0x10, 0x00, 0x59, 0x30, 0x05, 0x00, 0x00,
  0x0e, 0xec, 0x00, 0x00, 0xe6, 0x39, 0x00, 0xfb, 0x2f, 0x00, 0x27, 0x00,
  0xe3, 0x00, 0x00, 0x2d, 0x00, 0x00, 0x00, 0x00, 0x20, 0x15, 0x2a, 0x00,
  0x00, 0x00, 0x00, 0x09, 0x00, 0x1d, 0x00, 0x3b, 0x33, 0x15, 0x00, 0x00,
  0x1e, 0xfe, 0x00, 0x00, 0xf2, 0x51, 0x00, 0x04, 0x11, 0x00, 0x57, 0x00,
  0xd5, 0x00, 0x00, 0x15, 0x00, 0x00, 0x00, 0x00, 0x31, 0x18, 0x28, 0x00,
  0x00, 0x00, 0x00, 0x2d, 0x00, 0x0e, 0x00, 0x49, 0x4a, 0x11, 0x00, 0x00,
  0x00, 0xfb, 0x00, 0x00, 0xe7, 0x10, 0x00, 0x1e, 0x0c, 0x00, 0x58, 0x00,
  0x00, 0x00, 0x00, 0x00, 0x00, 0x00, 0x00, 0x00, 0x00, 0x00, 0x00, 0x00,
  0x00, 0x00, 0x00, 0x00, 0x00, 0x00, 0x00, 0x00, 0x00, 0x00, 0x00, 0x00,
  0x00, 0x00, 0x00, 0x00, 0x00, 0x00, 0x00, 0x00, 0x00, 0x00, 0x00, 0x00,
  0x00, 0x00, 0x00, 0x00, 0x00, 0x00, 0x00, 0x00, 0x00, 0x00, 0x00, 0x00,
  0x00, 0x00, 0x00, 0x00, 0x00, 0x00, 0x00, 0x00, 0x00, 0x00, 0x00, 0x00,
  0x00, 0x00, 0x00, 0x00, 0x00, 0x00, 0x00, 0x00, 0x00, 0x00, 0x00, 0x00,
  0x00, 0x00, 0x00, 0x00, 0x00, 0x00, 0x00, 0x00, 0x00, 0x00, 0x00, 0x00,
  0x00, 0x00, 0x00, 0x00, 0x00, 0x00, 0x00, 0x00, 0x00, 0x00, 0x00, 0x00,
  0x00, 0x00, 0x00, 0x00, 0x00, 0x00, 0x00, 0x00, 0x00, 0x00, 0x00, 0x00,
  0x00, 0x00, 0x00, 0x00, 0x00, 0x00, 0x00, 0x00, 0x00, 0x00, 0x00, 0x00,
  0x00, 0x00, 0x00, 0x00, 0x00, 0x00, 0x00, 0x00, 0x00, 0x00, 0x00, 0x00,
  0x00, 0x00, 0x00, 0x00, 0x00, 0x00, 0x00, 0x00, 0x00, 0x00, 0x00, 0x00,
  0x00, 0x00, 0x00, 0x00, 0x00, 0x00, 0x00, 0x00, 0x00, 0x00, 0x00, 0x00,
  0x00, 0x00, 0x00, 0x00, 0x00, 0x00, 0x00, 0x00, 0x00, 0x00, 0x00, 0x00,
  0x00, 0x00, 0x00, 0x00, 0x00, 0x00, 0x00, 0x00, 0x00, 0x00, 0x00, 0x00,
  0x00, 0x00, 0x00, 0x00, 0x00, 0x00, 0x00, 0x00, 0x00, 0x00, 0x00, 0x00,
  0x00, 0x00, 0x00, 0x00, 0x00, 0x00, 0x00, 0x00, 0x00, 0x00, 0x00, 0x00,
  0x00, 0x00, 0x00, 0x00, 0x00, 0x00, 0x00, 0x00, 0x00, 0x00, 0x00, 0x00,
  0x00, 0x00, 0x00, 0x00, 0x00, 0x00, 0x00, 0x00, 0x00, 0x00, 0x00, 0x00,
  0x00, 0x00, 0x00, 0x00, 0x00, 0x00, 0x00, 0x00, 0x00, 0x00, 0x00, 0x00,
  0x00, 0x00, 0x00, 0x00, 0x00, 0x00, 0x00, 0x00, 0x00, 0x00, 0x00, 0x00,
  0x00, 0x00, 0x00, 0x00, 0x00, 0x00, 0x00, 0x00, 0x00, 0x00, 0x00, 0x00,
  0x00, 0x00, 0x00, 0x00, 0x00, 0x00, 0x00, 0x00, 0x00, 0x00, 0x00, 0x00,
  0x00, 0x00, 0x00, 0x00, 0x00, 0x00, 0x00, 0x00, 0x00, 0x00, 0x00, 0x00,
  0x00, 0x00, 0x00, 0x00, 0x00, 0x00, 0x00, 0x00, 0x00, 0x00, 0x00, 0x00,
  0x00, 0x00, 0x00, 0x00, 0x00, 0x00, 0x00, 0x00, 0x00, 0x00, 0x00, 0x00,
  0x00, 0x00, 0x00, 0x00, 0x00, 0x00, 0x00, 0x00, 0x00, 0x00, 0x00, 0x00,
  0xa1, 0x00, 0x00, 0x38, 0x00, 0x00, 0x00, 0x00, 0x08, 0x0d, 0xc4, 0x00,
  0x00, 0x00, 0x00, 0x4d, 0x00, 0xf1, 0x00, 0x33, 0x3e, 0xe8, 0x00, 0x00,
  0x33, 0xb5, 0x00, 0x00, 0xd5, 0xfe, 0x00, 0xfe, 0x36, 0x00, 0x38, 0x00,
  0xba, 0x00, 0x00, 0x13, 0x00, 0x00, 0x00, 0x00, 0x09, 0x10, 0xe7, 0x00,
  0x00, 0x00, 0x00, 0x46, 0x00, 0x10, 0x00, 0x18, 0x47, 0xeb, 0x00, 0x00,
  0x2d, 0xcf, 0x00, 0x00, 0xe3, 0xe7, 0x00, 0x05, 0x27, 0x00, 0x51, 0x00,
  0xb0, 0x00, 0x00, 0x24, 0x00, 0x00, 0x00, 0x00, 0x0f, 0x0b, 0xb1, 0x00,
  0x00, 0x00, 0x00, 0x3e, 0x00, 0x13, 0x00, 0x20, 0x24, 0xe7, 0x00, 0x00,
  0x21, 0xa2, 0x00, 0x00, 0xd0, 0x0f, 0x00, 0x01, 0xf7, 0x00, 0x43, 0x00,
  0xbc, 0x00, 0x00, 0x57, 0x00, 0x00, 0x00, 0x00, 0x0b, 0x2d, 0x65, 0x00,
  0x00, 0x00, 0x00, 0x41, 0x00, 0x36, 0x00, 0x1a, 0x35, 0xf1, 0x00, 0x00,
  0x45, 0xc0, 0x00, 0x00, 0xfd, 0x3b, 0x00, 0x15, 0x40, 0x00, 0x5a, 0x00,
  0xef, 0x00, 0x00, 0x2c, 0x00, 0x00, 0x00, 0x00, 0x1f, 0x2b, 0x5b, 0x00,
  0x00, 0x00, 0x00, 0x38, 0x00, 0x2f, 0x00, 0x1b, 0x49, 0x13, 0x00, 0x00,
  0x3d, 0xfc, 0x00, 0x00, 0xf7, 0x31, 0x00, 0x15, 0x42, 0x00, 0x6b, 0x00,
  0xbc, 0x00, 0x00, 0xfe, 0x00, 0x00, 0x00, 0x00, 0x37, 0x1d, 0x2c, 0x00,
  0x00, 0x00, 0x00, 0x30, 0x00, 0x2a, 0x00, 0x19, 0x36, 0x07, 0x00, 0x00,
  0x2c, 0xc3, 0x00, 0x00, 0xf2, 0x35, 0x00, 0x0e, 0xff, 0x00, 0x7f, 0x00,
  0xd4, 0x00, 0x00, 0x43, 0x00, 0x00, 0x00, 0x00, 0x3f, 0x2b, 0x62, 0x00,
  0x00, 0x00, 0x00, 0x24, 0x00, 0x42, 0x00, 0x39, 0x47, 0xfc, 0x00, 0x00,
  0x2d, 0xf8, 0x00, 0x00, 0xcb, 0x28, 0x00, 0x20, 0x04, 0x00, 0x5f, 0x00,
  0xf0, 0x00, 0x00, 0x43, 0x00, 0x00, 0x00, 0x00, 0x37, 0x24, 0x4a, 0x00,
  0x00, 0x00, 0x00, 0x23, 0x00, 0x20, 0x00, 0x42, 0x72, 0xf4, 0x00, 0x00,
  0x1d, 0x15, 0x00, 0x00, 0x07, 0x44, 0x00, 0x1f, 0x15, 0x00, 0x57, 0x00,
  0xf1, 0x00, 0x00, 0x2d, 0x00, 0x00, 0x00, 0x00, 0x19, 0x18, 0x38, 0x00,
  0x00, 0x00, 0x00, 0x14, 0x00, 0x0c, 0x00, 0x40, 0x66, 0xfc, 0x00, 0x00,
  0x0b, 0x18, 0x00, 0x00, 0xcb, 0x2d, 0x00, 0x10, 0xfe, 0x00, 0x63, 0x00,
  0xe3, 0x00, 0x00, 0x09, 0x00, 0x00, 0x00, 0x00, 0x0f, 0x02, 0xf8, 0x00,
  0x00, 0x00, 0x00, 0x23, 0x00, 0x05, 0x00, 0x22, 0x27, 0xdd, 0x00, 0x00,
  0x06, 0xd9, 0x00, 0x00, 0x05, 0x04, 0x00, 0xde, 0xe3, 0x00, 0x0b, 0x00,
  0xff, 0x00, 0x00, 0x1c, 0x00, 0x00, 0x00, 0x00, 0x23, 0x1f, 0xf7, 0x00,
  0x00, 0x00, 0x00, 0x2d, 0x00, 0x21, 0x00, 0x2d, 0x3c, 0xfa, 0x00, 0x00,
  0x2b, 0xeb, 0x00, 0x00, 0x10, 0x14, 0x00, 0xf9, 0x07, 0x00, 0x09, 0x00,
  0x16, 0x00, 0x00, 0x29, 0x00, 0x00, 0x00, 0x00, 0x30, 0x39, 0xfa, 0x00,
  0x00, 0x00, 0x00, 0x34, 0x00, 0x2c, 0x00, 0x1f, 0x40, 0x11, 0x00, 0x00,
  0x3b, 0xfb, 0x00, 0x00, 0x15, 0x28, 0x00, 0x10, 0x05, 0x00, 0x13, 0x00,
  0xde, 0x00, 0x00, 0xf9, 0x00, 0x00, 0x00, 0x00, 0xf1, 0xc9, 0x9f, 0x00,
  0x00, 0x00, 0x00, 0x07, 0x00, 0xde, 0x00, 0x14, 0x19, 0xbd, 0x00, 0x00,
  0x81, 0xdc, 0x00, 0x00, 0x0c, 0xdd, 0x00, 0xd7, 0xe9, 0x00, 0x9b, 0x00,
  0xf9, 0x00, 0x00, 0x0e, 0x00, 0x00, 0x00, 0x00, 0x0f, 0xe1, 0xb1, 0x00,
  0x00, 0x00, 0x00, 0x08, 0x00, 0xf6, 0x00, 0x1d, 0x27, 0xdf, 0x00, 0x00,
  0x99, 0xf5, 0x00, 0x00, 0x06, 0xf1, 0x00, 0xf4, 0x06, 0x00, 0xa4, 0x00,
  0xf7, 0x00, 0x00, 0x01, 0x00, 0x00, 0x00, 0x00, 0x1d, 0xef, 0xd7, 0x00,
  0x00, 0x00, 0x00, 0x11, 0x00, 0xf2, 0x00, 0x12, 0x24, 0xf7, 0x00, 0x00,
  0xa0, 0xf0, 0x00, 0x00, 0x14, 0xf8, 0x00, 0xf1, 0xf3, 0x00, 0xdb, 0x00,
  0xba, 0x00, 0x00, 0x13, 0x00, 0x00, 0x00, 0x00, 0x34, 0xd9, 0x1e, 0x00,
  0x00, 0x00, 0x00, 0x38, 0x00, 0xf6, 0x00, 0xf5, 0x13, 0xb4, 0x00, 0x00,
  0xb1, 0x05, 0x00, 0x00, 0xf4, 0x13, 0x00, 0xd4, 0xe4, 0x00, 0x5d, 0x00,
  0xdc, 0x00, 0x00, 0x24, 0x00, 0x00, 0x00, 0x00, 0x40, 0xfb, 0x19, 0x00,
  0x00, 0x00, 0x00, 0x37, 0x00, 0x11, 0x00, 0x0b, 0x2a, 0xc7, 0x00, 0x00,
  0xd2, 0x1a, 0x00, 0x00, 0xf8, 0x1e, 0x00, 0xe6, 0x04, 0x00, 0x58, 0x00,
  0xe8, 0x00, 0x00, 0x14, 0x00, 0x00, 0x00, 0x00, 0x3b, 0x0a, 0x35, 0x00,
  0x00, 0x00, 0x00, 0x37, 0x00, 0x15, 0x00, 0xfa, 0x12, 0xd7, 0x00, 0x00,
  0xe3, 0x15, 0x00, 0x00, 0xf6, 0x1c, 0x00, 0xdb, 0x03, 0x00, 0x52, 0x00,
  0x1b, 0x00, 0x00, 0x1d, 0x00, 0x00, 0x00, 0x00, 0x14, 0x30, 0xf4, 0x00,
  0x00, 0x00, 0x00, 0xe6, 0x00, 0x2f, 0x00, 0x58, 0x7f, 0x24, 0x00, 0x00,
  0x28, 0x16, 0x00, 0x00, 0x10, 0x22, 0x00, 0x18, 0x20, 0x00, 0x1c, 0x00,
  0xf9, 0x00, 0x00, 0xf5, 0x00, 0x00, 0x00, 0x00, 0xfc, 0x13, 0xe5, 0x00,
  0x00, 0x00, 0x00, 0xd4, 0x00, 0x15, 0x00, 0x05, 0x06, 0x13, 0x00, 0x00,
  0x04, 0x00, 0x00, 0x00, 0x00, 0xfa, 0x00, 0x05, 0xf5, 0x00, 0x12, 0x00,
  0xea, 0x00, 0x00, 0xdb, 0x00, 0x00, 0x00, 0x00, 0xe0, 0xf5, 0xea, 0x00,
  0x00, 0x00, 0x00, 0xc5, 0x00, 0xf7, 0x00, 0x1f, 0x00, 0x00, 0x00, 0x00,
  0xf2, 0xdb, 0x00, 0x00, 0xd5, 0xf9, 0x00, 0xee, 0xee, 0x00, 0xec, 0x00,
  0x13, 0x00, 0x00, 0x15, 0x00, 0x00, 0x00, 0x00, 0x11, 0x1d, 0xed, 0x00,
  0x00, 0x00, 0x00, 0xec, 0x00, 0x07, 0x00, 0x5a, 0x71, 0x1b, 0x00, 0x00,
  0x08, 0x0f, 0x00, 0x00, 0x18, 0x15, 0x00, 0x06, 0x0b, 0x00, 0x0e, 0x00,
  0xf5, 0x00, 0x00, 0xed, 0x00, 0x00, 0x00, 0x00, 0xf0, 0x00, 0xed, 0x00,
  0x00, 0x00, 0x00, 0xe0, 0x00, 0xf3, 0x00, 0x01, 0xf2, 0x09, 0x00, 0x00,
  0xdd, 0xf8, 0x00, 0x00, 0x0a, 0x06, 0x00, 0xf7, 0xf5, 0x00, 0x05, 0x00,
  0xc4, 0x00, 0x00, 0xd5, 0x00, 0x00, 0x00, 0x00, 0xd9, 0xde, 0xe9, 0x00,
  0x00, 0x00, 0x00, 0xcf, 0x00, 0xd2, 0x00, 0x24, 0xf4, 0xf5, 0x00, 0x00,
  0xbd, 0xc1, 0x00, 0x00, 0xc2, 0xe3, 0x00, 0xda, 0xe6, 0x00, 0xf9, 0x00,
  0x17, 0x00, 0x00, 0x02, 0x00, 0x00, 0x00, 0x00, 0x1c, 0x1f, 0x0f, 0x00,
  0x00, 0x00, 0x00, 0x08, 0x00, 0x08, 0x00, 0x4e, 0x61, 0x1f, 0x00, 0x00,
  0x10, 0x1d, 0x00, 0x00, 0x02, 0x13, 0x00, 0x12, 0x1d, 0x00, 0x30, 0x00,
  0x05, 0x00, 0x00, 0xf5, 0x00, 0x00, 0x00, 0x00, 0xfc, 0x0b, 0x09, 0x00,
  0x00, 0x00, 0x00, 0x01, 0x00, 0x02, 0x00, 0x03, 0xee, 0x10, 0x00, 0x00,
  0xea, 0x11, 0x00, 0x00, 0xf9, 0xfd, 0x00, 0x07, 0x03, 0x00, 0x34, 0x00,
  0xcf, 0x00, 0x00, 0xc6, 0x00, 0x00, 0x00, 0x00, 0xd5, 0xe3, 0x03, 0x00,
  0x00, 0x00, 0x00, 0xf2, 0x00, 0xda, 0x00, 0x28, 0xf7, 0xf3, 0x00, 0x00,
  0xc6, 0xea, 0x00, 0x00, 0xc6, 0xdb, 0x00, 0xe3, 0xc3, 0x00, 0x21, 0x00,
  0x00, 0x00, 0x00, 0x00, 0x00, 0x00, 0x00, 0x00, 0x00, 0x00, 0x00, 0x00,
  0x00, 0x00, 0x00, 0x00, 0x00, 0x00, 0x00, 0x00, 0x00, 0x00, 0x00, 0x00,
  0x00, 0x00, 0x00, 0x00, 0x00, 0x00, 0x00, 0x00, 0x00, 0x00, 0x00, 0x00,
  0x00, 0x00, 0x00, 0x00, 0x00, 0x00, 0x00, 0x00, 0x00, 0x00, 0x00, 0x00,
  0x00, 0x00, 0x00, 0x00, 0x00, 0x00, 0x00, 0x00, 0x00, 0x00, 0x00, 0x00,
  0x00, 0x00, 0x00, 0x00, 0x00, 0x00, 0x00, 0x00, 0x00, 0x00, 0x00, 0x00,
  0x00, 0x00, 0x00, 0x00, 0x00, 0x00, 0x00, 0x00, 0x00, 0x00, 0x00, 0x00,
  0x00, 0x00, 0x00, 0x00, 0x00, 0x00, 0x00, 0x00, 0x00, 0x00, 0x00, 0x00,
  0x00, 0x00, 0x00, 0x00, 0x00, 0x00, 0x00, 0x00, 0x00, 0x00, 0x00, 0x00,
  0x00, 0x00, 0x00, 0x00, 0x00, 0x00, 0x00, 0x00, 0x00, 0x00, 0x00, 0x00,
  0x00, 0x00, 0x00, 0x00, 0x00, 0x00, 0x00, 0x00, 0x00, 0x00, 0x00, 0x00,
  0x00, 0x00, 0x00, 0x00, 0x00, 0x00, 0x00, 0x00, 0x00, 0x00, 0x00, 0x00,
  0x00, 0x00, 0x00, 0x00, 0x00, 0x00, 0x00, 0x00, 0x00, 0x00, 0x00, 0x00,
  0x00, 0x00, 0x00, 0x00, 0x00, 0x00, 0x00, 0x00, 0x00, 0x00, 0x00, 0x00,
  0x00, 0x00, 0x00, 0x00, 0x00, 0x00, 0x00, 0x00, 0x00, 0x00, 0x00, 0x00,
  0x00, 0x00, 0x00, 0x00, 0x00, 0x00, 0x00, 0x00, 0x00, 0x00, 0x00, 0x00,
  0x00, 0x00, 0x00, 0x00, 0x00, 0x00, 0x00, 0x00, 0x00, 0x00, 0x00, 0x00,
  0x00, 0x00, 0x00, 0x00, 0x00, 0x00, 0x00, 0x00, 0x00, 0x00, 0x00, 0x00,
  0x00, 0x00, 0x00, 0x00, 0x00, 0x00, 0x00, 0x00, 0x00, 0x00, 0x00, 0x00,
  0x00, 0x00, 0x00, 0x00, 0x00, 0x00, 0x00, 0x00, 0x00, 0x00, 0x00, 0x00,
  0x00, 0x00, 0x00, 0x00, 0x00, 0x00, 0x00, 0x00, 0x00, 0x00, 0x00, 0x00,
  0x00, 0x00, 0x00, 0x00, 0x00, 0x00, 0x00, 0x00, 0x00, 0x00, 0x00, 0x00,
  0x00, 0x00, 0x00, 0x00, 0x00, 0x00, 0x00, 0x00, 0x00, 0x00, 0x00, 0x00,
  0x00, 0x00, 0x00, 0x00, 0x00, 0x00, 0x00, 0x00, 0x00, 0x00, 0x00, 0x00,
  0x00, 0x00, 0x00, 0x00, 0x00, 0x00, 0x00, 0x00, 0x00, 0x00, 0x00, 0x00,
  0x00, 0x00, 0x00, 0x00, 0x00, 0x00, 0x00, 0x00, 0x00, 0x00, 0x00, 0x00,
  0x00, 0x00, 0x00, 0x00, 0x00, 0x00, 0x00, 0x00, 0x00, 0x00, 0x00, 0x00,
  0x9a, 0x00, 0x00, 0x0e, 0x00, 0x00, 0x00, 0x00, 0xe4, 0xe6, 0xc9, 0x00,
  0x00, 0x00, 0x00, 0x31, 0x00, 0xf4, 0x00, 0x28, 0xf1, 0xf1, 0x00, 0x00,
  0x01, 0xb3, 0x00, 0x00, 0xaf, 0xe0, 0x00, 0xf0, 0xf1, 0x00, 0x72, 0x00,
  0xa4, 0x00, 0x00, 0x17, 0x00, 0x00, 0x00, 0x00, 0xe3, 0xe9, 0xd1, 0x00,
  0x00, 0x00, 0x00, 0x32, 0x00, 0xf6, 0x00, 0x05, 0xe0, 0xf3, 0x00, 0x00,
  0x01, 0xb3, 0x00, 0x00, 0xac, 0xe3, 0x00, 0xf7, 0xfa, 0x00, 0x7c, 0x00,
  0x92, 0x00, 0x00, 0x20, 0x00, 0x00, 0x00, 0x00, 0xe2, 0xe6, 0xc1, 0x00,
  0x00, 0x00, 0x00, 0x45, 0x00, 0xf5, 0x00, 0x18, 0x03, 0xf2, 0x00, 0x00,
  0xf9, 0xa9, 0x00, 0x00, 0xb0, 0xe2, 0x00, 0xf6, 0x01, 0x00, 0x79, 0x00,
  0xb6, 0x00, 0x00, 0x2e, 0x00, 0x00, 0x00, 0x00, 0x1b, 0x0c, 0x66, 0x00,
  0x00, 0x00, 0x00, 0x2c, 0x00, 0x1c, 0x00, 0x17, 0xe9, 0x16, 0x00, 0x00,
  0x27, 0xdc, 0x00, 0x00, 0xb4, 0x0c, 0x00, 0x10, 0x23, 0x00, 0x65, 0x00,
  0xbe, 0x00, 0x00, 0x0f, 0x00, 0x00, 0x00, 0x00, 0x0e, 0x10, 0x37, 0x00,
  0x00, 0x00, 0x00, 0x30, 0x00, 0x1a, 0x00, 0xfe, 0xde, 0x16, 0x00, 0x00,
  0x32, 0xd9, 0x00, 0x00, 0xbb, 0x07, 0x00, 0x20, 0x14, 0x00, 0x66, 0x00,
  0xc0, 0x00, 0x00, 0x1f, 0x00, 0x00, 0x00, 0x00, 0x04, 0x0a, 0x36, 0x00,
  0x00, 0x00, 0x00, 0x2c, 0x00, 0x12, 0x00, 0x21, 0x18, 0x13, 0x00, 0x00,
  0x15, 0xd9, 0x00, 0x00, 0xbc, 0x03, 0x00, 0x1f, 0xfd, 0x00, 0x7f, 0x00,
  0xfa, 0x00, 0x00, 0x20, 0x00, 0x00, 0x00, 0x00, 0x22, 0x19, 0x2d, 0x00,
  0x00, 0x00, 0x00, 0x1a, 0x00, 0x27, 0x00, 0x32, 0x08, 0x24, 0x00, 0x00,
  0x18, 0x00, 0x00, 0x00, 0xaf, 0x28, 0x00, 0x22, 0x28, 0x00, 0x59, 0x00,
  0xe3, 0x00, 0x00, 0x33, 0x00, 0x00, 0x00, 0x00, 0x19, 0x15, 0x18, 0x00,
  0x00, 0x00, 0x00, 0x18, 0x00, 0x2a, 0x00, 0x1d, 0x0f, 0x23, 0x00, 0x00,
  0x11, 0x0c, 0x00, 0x00, 0xb1, 0x33, 0x00, 0x26, 0x2d, 0x00, 0x67, 0x00,
  0xfb, 0x00, 0x00, 0x17, 0x00, 0x00, 0x00, 0x00, 0x0f, 0x10, 0x10, 0x00,
  0x00, 0x00, 0x00, 0xee, 0x00, 0x1f, 0x00, 0x46, 0x4a, 0x1f, 0x00, 0x00,
  0x02, 0x0c, 0x00, 0x00, 0x9e, 0x25, 0x00, 0x1f, 0x2f, 0x00, 0x69, 0x00,
  0xd0, 0x00, 0x00, 0xeb, 0x00, 0x00, 0x00, 0x00, 0xd8, 0x06, 0xb2, 0x00,
  0x00, 0x00, 0x00, 0xf8, 0x00, 0xf8, 0x00, 0x4c, 0x0f, 0x02, 0x00, 0x00,
  0xec, 0xde, 0x00, 0x00, 0xd3, 0x01, 0x00, 0x05, 0xf4, 0x00, 0x18, 0x00,
  0xc8, 0x00, 0x00, 0xe6, 0x00, 0x00, 0x00, 0x00, 0xd8, 0x0a, 0xbb, 0x00,
  0x00, 0x00, 0x00, 0xfb, 0x00, 0xfb, 0x00, 0x38, 0xff, 0x05, 0x00, 0x00,
  0xee, 0xde, 0x00, 0x00, 0xb7, 0xff, 0x00, 0x08, 0x01, 0x00, 0x1d, 0x00,
  0xc4, 0x00, 0x00, 0xea, 0x00, 0x00, 0x00, 0x00, 0xdf, 0x05, 0xbc, 0x00,
  0x00, 0x00, 0x00, 0xfe, 0x00, 0xfb, 0x00, 0x55, 0x2a, 0x04, 0x00, 0x00,
  0xe7, 0xd1, 0x00, 0x00, 0xc6, 0x00, 0x00, 0x06, 0xf6, 0x00, 0x29, 0x00,
  0xe3, 0x00, 0x00, 0x05, 0x00, 0x00, 0x00, 0x00, 0xf1, 0x1c, 0xc6, 0x00,
  0x00, 0x00, 0x00, 0x24, 0x00, 0x15, 0x00, 0x3e, 0x09, 0x0e, 0x00, 0x00,
  0x11, 0xe4, 0x00, 0x00, 0xce, 0x19, 0x00, 0x17, 0xf7, 0x00, 0x66, 0x00,
  0xe7, 0x00, 0x00, 0x00, 0x00, 0x00, 0x00, 0x00, 0xf2, 0x1e, 0xbd, 0x00,
  0x00, 0x00, 0x00, 0x22, 0x00, 0x19, 0x00, 0x2f, 0x05, 0x10, 0x00, 0x00,
  0x0d, 0xf6, 0x00, 0x00, 0xcd, 0x15, 0x00, 0x19, 0xf9, 0x00, 0x61, 0x00,
  0xdc, 0x00, 0x00, 0xf5, 0x00, 0x00, 0x00, 0x00, 0xf4, 0x16, 0xca, 0x00,
  0x00, 0x00, 0x00, 0x23, 0x00, 0xfd, 0x00, 0x4b, 0x2e, 0x0d, 0x00, 0x00,
  0x00, 0xe6, 0x00, 0x00, 0xcd, 0x11, 0x00, 0x14, 0xfd, 0x00, 0x66, 0x00,
  0xf7, 0x00, 0x00, 0xf7, 0x00, 0x00, 0x00, 0x00, 0x00, 0x1c, 0x0c, 0x00,
  0x00, 0x00, 0x00, 0x14, 0x00, 0x1c, 0x00, 0x44, 0x1a, 0x14, 0x00, 0x00,
  0x01, 0xf8, 0x00, 0x00, 0xd3, 0x21, 0x00, 0x14, 0x1b, 0x00, 0x76, 0x00,
  0xfb, 0x00, 0x00, 0xfe, 0x00, 0x00, 0x00, 0x00, 0x01, 0x1d, 0xfd, 0x00,
  0x00, 0x00, 0x00, 0x12, 0x00, 0x0f, 0x00, 0x3b, 0x1f, 0x14, 0x00, 0x00,
  0xfe, 0xff, 0x00, 0x00, 0xd5, 0x29, 0x00, 0x18, 0x12, 0x00, 0x70, 0x00,
  0xeb, 0x00, 0x00, 0xef, 0x00, 0x00, 0x00, 0x00, 0xfe, 0x14, 0xee, 0x00,
  0x00, 0x00, 0x00, 0x10, 0x00, 0x0c, 0x00, 0x5a, 0x4a, 0x10, 0x00, 0x00,
  0xef, 0xf3, 0x00, 0x00, 0xde, 0x22, 0x00, 0x10, 0xf2, 0x00, 0x7f, 0x00,
  0xa9, 0x00, 0x00, 0x32, 0x00, 0x00, 0x00, 0x00, 0xe7, 0xee, 0xed, 0x00,
  0x00, 0x00, 0x00, 0x70, 0x00, 0x0d, 0x00, 0x2f, 0xfe, 0x01, 0x00, 0x00,
  0x0e, 0x81, 0x00, 0x00, 0xae, 0xe0, 0x00, 0xeb, 0x19, 0x00, 0x68, 0x00,
  0x97, 0x00, 0x00, 0x2c, 0x00, 0x00, 0x00, 0x00, 0xdc, 0xf9, 0xe7, 0x00,
  0x00, 0x00, 0x00, 0x5d, 0x00, 0x07, 0x00, 0x02, 0xe6, 0xf7, 0x00, 0x00,
  0x16, 0xbb, 0x00, 0x00, 0xaa, 0xc7, 0x00, 0xdc, 0x21, 0x00, 0x7c, 0x00,
  0xb0, 0x00, 0x00, 0x16, 0x00, 0x00, 0x00, 0x00, 0xea, 0xef, 0xdc, 0x00,
  0x00, 0x00, 0x00, 0x64, 0x00, 0x06, 0x00, 0x1a, 0xe1, 0xe0, 0x00, 0x00,
  0xfc, 0x83, 0x00, 0x00, 0x8d, 0x03, 0x00, 0xf5, 0x01, 0x00, 0x57, 0x00,
  0xa0, 0x00, 0x00, 0x3a, 0x00, 0x00, 0x00, 0x00, 0xef, 0x1d, 0x59, 0x00,
  0x00, 0x00, 0x00, 0x28, 0x00, 0x02, 0x00, 0x1d, 0xe2, 0x05, 0x00, 0x00,
  0x36, 0xed, 0x00, 0x00, 0xb1, 0x0f, 0x00, 0x1c, 0x09, 0x00, 0x61, 0x00,
  0xdd, 0x00, 0x00, 0x43, 0x00, 0x00, 0x00, 0x00, 0x23, 0x14, 0x45, 0x00,
  0x00, 0x00, 0x00, 0x3f, 0x00, 0x15, 0x00, 0x03, 0xfe, 0xf8, 0x00, 0x00,
  0x37, 0xeb, 0x00, 0x00, 0x9a, 0x1b, 0x00, 0x13, 0x1e, 0x00, 0x6c, 0x00,
  0xc9, 0x00, 0x00, 0x28, 0x00, 0x00, 0x00, 0x00, 0xf6, 0x1e, 0x61, 0x00,
  0x00, 0x00, 0x00, 0x27, 0x00, 0x1e, 0x00, 0x0e, 0x07, 0x1d, 0x00, 0x00,
  0x28, 0xe9, 0x00, 0x00, 0x98, 0x1e, 0x00, 0x20, 0x2e, 0x00, 0x57, 0x00,
  0xf2, 0x00, 0x00, 0x14, 0x00, 0x00, 0x00, 0x00, 0x17, 0x2c, 0x0f, 0x00,
  0x00, 0x00, 0x00, 0x1c, 0x00, 0x33, 0x00, 0x3b, 0xfb, 0x37, 0x00, 0x00,
  0x0b, 0xe7, 0x00, 0x00, 0xc9, 0x1c, 0x00, 0x27, 0x32, 0x00, 0x2c, 0x00,
  0xe2, 0x00, 0x00, 0x12, 0x00, 0x00, 0x00, 0x00, 0x2d, 0x30, 0x1a, 0x00,
  0x00, 0x00, 0x00, 0x1c, 0x00, 0x0e, 0x00, 0x1d, 0x2b, 0x1b, 0x00, 0x00,
  0x0c, 0xe6, 0x00, 0x00, 0xcb, 0x36, 0x00, 0x0d, 0x36, 0x00, 0x35, 0x00,
  0xe7, 0x00, 0x00, 0x2b, 0x00, 0x00, 0x00, 0x00, 0x04, 0x20, 0x14, 0x00,
  0x00, 0x00, 0x00, 0x28, 0x00, 0x3b, 0x00, 0x46, 0x3b, 0x23, 0x00, 0x00,
  0x0e, 0xf8, 0x00, 0x00, 0xae, 0x27, 0x00, 0x2b, 0x11, 0x00, 0x0f, 0x00,
  0xe7, 0x00, 0x00, 0x11, 0x00, 0x00, 0x00, 0x00, 0xfd, 0x01, 0xe2, 0x00,
  0x00, 0x00, 0x00, 0x1b, 0x00, 0x10, 0x00, 0x3f, 0x59, 0xf1, 0x00, 0x00,
  0xfc, 0xe8, 0x00, 0x00, 0x05, 0x0f, 0x00, 0x0f, 0x26, 0x00, 0x7d, 0x00,
  0xe1, 0x00, 0x00, 0xf5, 0x00, 0x00, 0x00, 0x00, 0xec, 0xf0, 0xed, 0x00,
  0x00, 0x00, 0x00, 0x1d, 0x00, 0xea, 0x00, 0x2d, 0x16, 0xe9, 0x00, 0x00,
  0xd5, 0xe8, 0x00, 0x00, 0xf9, 0xf6, 0x00, 0x06, 0xfa, 0x00, 0x73, 0x00,
  0xb3, 0x00, 0x00, 0xd6, 0x00, 0x00, 0x00, 0x00, 0xd0, 0xd2, 0xdd, 0x00,
  0x00, 0x00, 0x00, 0x19, 0x00, 0xc4, 0x00, 0x33, 0x21, 0xc8, 0x00, 0x00,
  0xb6, 0xb6, 0x00, 0x00, 0xea, 0xc5, 0x00, 0xeb, 0x00, 0x00, 0x69, 0x00,
  0xe1, 0x00, 0x00, 0x16, 0x00, 0x00, 0x00, 0x00, 0x00, 0x26, 0x19, 0x00,
  0x00, 0x00, 0x00, 0x34, 0x00, 0x12, 0x00, 0x27, 0x30, 0x0b, 0x00, 0x00,
  0x26, 0x02, 0x00, 0x00, 0x00, 0xfe, 0x00, 0x28, 0x14, 0x00, 0x66, 0x00,
  0xe5, 0x00, 0x00, 0x14, 0x00, 0x00, 0x00, 0x00, 0x02, 0x19, 0x28, 0x00,
  0x00, 0x00, 0x00, 0x22, 0x00, 0xf1, 0x00, 0x05, 0xfa, 0xf9, 0x00, 0x00,
  0x0c, 0xe9, 0x00, 0x00, 0xf3, 0xf5, 0x00, 0x1c, 0xed, 0x00, 0x72, 0x00,
  0xbd, 0x00, 0x00, 0xf9, 0x00, 0x00, 0x00, 0x00, 0xf6, 0x03, 0x0b, 0x00,
  0x00, 0x00, 0x00, 0x25, 0x00, 0xf9, 0x00, 0x11, 0x2b, 0xe6, 0x00, 0x00,
  0x01, 0xd7, 0x00, 0x00, 0xdb, 0xec, 0x00, 0x0c, 0xfc, 0x00, 0x56, 0x00,
  0xfc, 0x00, 0x00, 0xfc, 0x00, 0x00, 0x00, 0x00, 0xfd, 0x34, 0x26, 0x00,
  0x00, 0x00, 0x00, 0x12, 0x00, 0x2f, 0x00, 0x1b, 0x28, 0x1b, 0x00, 0x00,
  0x23, 0x05, 0x00, 0x00, 0xdc, 0x0d, 0x00, 0x36, 0x15, 0x00, 0x7f, 0x00,
  0x04, 0x00, 0x00, 0xf6, 0x00, 0x00, 0x00, 0x00, 0xe6, 0x2a, 0x20, 0x00,
  0x00, 0x00, 0x00, 0x1f, 0x00, 0x26, 0x00, 0xf9, 0x0a, 0x1d, 0x00, 0x00,
  0x0e, 0x09, 0x00, 0x00, 0xdd, 0x18, 0x00, 0x2c, 0xf0, 0x00, 0x64, 0x00,
  0xd0, 0x00, 0x00, 0xe2, 0x00, 0x00, 0x00, 0x00, 0xf6, 0x0e, 0x1b, 0x00,
  0x00, 0x00, 0x00, 0x05, 0x00, 0xf5, 0x00, 0x1c, 0x43, 0x05, 0x00, 0x00,
  0xef, 0xfe, 0x00, 0x00, 0xb7, 0xf0, 0x00, 0x12, 0xd9, 0x00, 0x6e, 0x00,
  0xe8, 0x00, 0x00, 0x21, 0x00, 0x00, 0x00, 0x00, 0x1d, 0x0a, 0xc7, 0x00,
  0x00, 0x00, 0x00, 0xfb, 0x00, 0x1d, 0x00, 0xe8, 0xe6, 0x2b, 0x00, 0x00,
  0x08, 0x1e, 0x00, 0x00, 0xf6, 0x15, 0x00, 0x20, 0x1b, 0x00, 0xdd, 0x00,
  0xe8, 0x00, 0x00, 0x1d, 0x00, 0x00, 0x00, 0x00, 0x27, 0x13, 0xdd, 0x00,
  0x00, 0x00, 0x00, 0xfb, 0x00, 0x10, 0x00, 0xf8, 0xe1, 0x2d, 0x00, 0x00,
  0xfd, 0x34, 0x00, 0x00, 0xfe, 0x15, 0x00, 0x22, 0x10, 0x00, 0xd4, 0x00,
  0xdd, 0x00, 0x00, 0x16, 0x00, 0x00, 0x00, 0x00, 0x1b, 0x06, 0xdc, 0x00,
  0x00, 0x00, 0x00, 0xfd, 0x00, 0x0a, 0x00, 0xe4, 0xd3, 0x24, 0x00, 0x00,
  0xfa, 0x25, 0x00, 0x00, 0x0b, 0x0e, 0x00, 0x16, 0x22, 0x00, 0xdb, 0x00,
  0xa6, 0x00, 0x00, 0xf7, 0x00, 0x00, 0x00, 0x00, 0x13, 0xf3, 0xc0, 0x00,
  0x00, 0x00, 0x00, 0x1b, 0x00, 0x0a, 0x00, 0xf4, 0xfe, 0x06, 0x00, 0x00,
  0x23, 0xbc, 0x00, 0x00, 0xd0, 0x11, 0x00, 0x03, 0xfa, 0x00, 0x02, 0x00,
  0xc2, 0x00, 0x00, 0xfd, 0x00, 0x00, 0x00, 0x00, 0x07, 0x08, 0xd2, 0x00,
  0x00, 0x00, 0x00, 0x1f, 0x00, 0x10, 0x00, 0xff, 0xfd, 0x12, 0x00, 0x00,
  0x1f, 0xe4, 0x00, 0x00, 0xe0, 0x10, 0x00, 0x0e, 0x07, 0x00, 0xfc, 0x00,
  0xa7, 0x00, 0x00, 0xfb, 0x00, 0x00, 0x00, 0x00, 0x05, 0xf9, 0xc7, 0x00,
  0x00, 0x00, 0x00, 0x1b, 0x00, 0x0c, 0x00, 0xdc, 0xdf, 0xfd, 0x00, 0x00,
  0x21, 0xcf, 0x00, 0x00, 0xea, 0x04, 0x00, 0xfe, 0xf8, 0x00, 0x01, 0x00,
  0x98, 0x00, 0x00, 0xee, 0x00, 0x00, 0x00, 0x00, 0x19, 0xdf, 0xd1, 0x00,
  0x00, 0x00, 0x00, 0x1b, 0x00, 0xec, 0x00, 0xef, 0x0a, 0xf7, 0x00, 0x00,
  0x34, 0xad, 0x00, 0x00, 0xca, 0x03, 0x00, 0xeb, 0xe1, 0x00, 0x22, 0x00,
  0xc3, 0x00, 0x00, 0xe6, 0x00, 0x00, 0x00, 0x00, 0x10, 0xf1, 0xe2, 0x00,
  0x00, 0x00, 0x00, 0x1c, 0x00, 0xfa, 0x00, 0xff, 0x0a, 0xfd, 0x00, 0x00,
  0x25, 0xde, 0x00, 0x00, 0xda, 0x05, 0x00, 0xf7, 0xfe, 0x00, 0x19, 0x00,
  0x81, 0x00, 0x00, 0xdc, 0x00, 0x00, 0x00, 0x00, 0x09, 0xdb, 0xdb, 0x00,
  0x00, 0x00, 0x00, 0x18, 0x00, 0xe3, 0x00, 0xd2, 0xd9, 0xe7, 0x00, 0x00,
  0x1b, 0xb1, 0x00, 0x00, 0xda, 0xf0, 0x00, 0xe2, 0xe3, 0x00, 0x24, 0x00,
  0x30, 0x00, 0x00, 0x01, 0x00, 0x00, 0x00, 0x00, 0x21, 0x2d, 0xe0, 0x00,
  0x00, 0x00, 0x00, 0xb2, 0x00, 0x39, 0x00, 0x7f, 0x7b, 0x37, 0x00, 0x00,
  0x1b, 0x1f, 0x00, 0x00, 0x03, 0x2f, 0x00, 0x10, 0x08, 0x00, 0xfd, 0x00,
  0xf6, 0x00, 0x00, 0xe1, 0x00, 0x00, 0x00, 0x00, 0x14, 0x19, 0xcd, 0x00,
  0x00, 0x00, 0x00, 0xb1, 0x00, 0x24, 0x00, 0x0b, 0xf9, 0x19, 0x00, 0x00,
  0xfb, 0xef, 0x00, 0x00, 0x07, 0x25, 0x00, 0x15, 0x07, 0x00, 0xf8, 0x00,
  0xd0, 0x00, 0x00, 0xd1, 0x00, 0x00, 0x00, 0x00, 0xdf, 0xfa, 0xd1, 0x00,
  0x00, 0x00, 0x00, 0xa2, 0x00, 0xea, 0x00, 0x5a, 0x06, 0x10, 0x00, 0x00,
  0xf0, 0xaa, 0x00, 0x00, 0xb9, 0x12, 0x00, 0xe7, 0xd4, 0x00, 0xe4, 0x00,
  0x29, 0x00, 0x00, 0xfa, 0x00, 0x00, 0x00, 0x00, 0x06, 0x1b, 0xe9, 0x00,
  0x00, 0x00, 0x00, 0xf6, 0x00, 0x10, 0x00, 0x75, 0x7f, 0x22, 0x00, 0x00,
  0x1d, 0x23, 0x00, 0x00, 0x10, 0x2f, 0x00, 0x0b, 0x14, 0x00, 0x23, 0x00,
  0xfe, 0x00, 0x00, 0xdb, 0x00, 0x00, 0x00, 0x00, 0xf0, 0x09, 0xeb, 0x00,
  0x00, 0x00, 0x00, 0x0c, 0x00, 0x11, 0x00, 0x09, 0xd5, 0x08, 0x00, 0x00,
  0xfe, 0x0b, 0x00, 0x00, 0xff, 0x05, 0x00, 0xf7, 0xf0, 0x00, 0x14, 0x00,
  0xaf, 0x00, 0x00, 0xc0, 0x00, 0x00, 0x00, 0x00, 0xf4, 0xe8, 0xe2, 0x00,
  0x00, 0x00, 0x00, 0x09, 0x00, 0xed, 0x00, 0x53, 0xfc, 0x04, 0x00, 0x00,
  0xe1, 0xac, 0x00, 0x00, 0x9c, 0xf1, 0x00, 0xee, 0xd5, 0x00, 0x27, 0x00,
  0x2f, 0x00, 0x00, 0x05, 0x00, 0x00, 0x00, 0x00, 0x12, 0x1b, 0x09, 0x00,
  0x00, 0x00, 0x00, 0xf1, 0x00, 0x28, 0x00, 0x77, 0x6c, 0x1a, 0x00, 0x00,
  0x0c, 0x1a, 0x00, 0x00, 0xfb, 0x2f, 0x00, 0x17, 0x14, 0x00, 0x39, 0x00,
  0xeb, 0x00, 0x00, 0xcb, 0x00, 0x00, 0x00, 0x00, 0xf5, 0x0d, 0xf1, 0x00,
  0x00, 0x00, 0x00, 0xf9, 0x00, 0x18, 0x00, 0x0e, 0xd3, 0x1f, 0x00, 0x00,
  0xfc, 0xf3, 0x00, 0x00, 0xfa, 0x13, 0x00, 0x10, 0xf5, 0x00, 0x33, 0x00,
  0xc5, 0x00, 0x00, 0xb7, 0x00, 0x00, 0x00, 0x00, 0xe4, 0xeb, 0xdb, 0x00,
  0x00, 0x00, 0x00, 0x07, 0x00, 0xd8, 0x00, 0x52, 0xf9, 0xff, 0x00, 0x00,
  0xdb, 0xaf, 0x00, 0x00, 0x9c, 0xdf, 0x00, 0xe5, 0xc1, 0x00, 0x3b, 0x00,
  0x23, 0x00, 0x00, 0x12, 0x00, 0x00, 0x00, 0x00, 0x30, 0x1f, 0x24, 0x00,
  0x00, 0x00, 0x00, 0x25, 0x00, 0x0e, 0x00, 0x5a, 0x7f, 0xf3, 0x00, 0x00,
  0x1e, 0xfd, 0x00, 0x00, 0x1d, 0x16, 0x00, 0xf1, 0x08, 0x00, 0x39, 0x00,
  0x20, 0x00, 0x00, 0x02, 0x00, 0x00, 0x00, 0x00, 0x27, 0xfa, 0x22, 0x00,
  0x00, 0x00, 0x00, 0x18, 0x00, 0xf3, 0x00, 0x26, 0x43, 0xe8, 0x00, 0x00,
  0x04, 0xed, 0x00, 0x00, 0x0c, 0x0d, 0x00, 0xdf, 0xf2, 0x00, 0x33, 0x00,
  0x24, 0x00, 0x00, 0x07, 0x00, 0x00, 0x00, 0x00, 0x2c, 0x0d, 0x3b, 0x00,
  0x00, 0x00, 0x00, 0x18, 0x00, 0x03, 0x00, 0x19, 0x2e, 0xf3, 0x00, 0x00,
  0x15, 0xef, 0x00, 0x00, 0x26, 0x15, 0x00, 0xe3, 0xef, 0x00, 0x37, 0x00,
  0xfe, 0x00, 0x00, 0x05, 0x00, 0x00, 0x00, 0x00, 0x21, 0xfd, 0x2d, 0x00,
  0x00, 0x00, 0x00, 0x19, 0x00, 0xf4, 0x00, 0x42, 0x68, 0xd8, 0x00, 0x00,
  0x0c, 0x07, 0x00, 0x00, 0x10, 0x03, 0x00, 0xdc, 0xe7, 0x00, 0x34, 0x00,
  0xfe, 0x00, 0x00, 0xfc, 0x00, 0x00, 0x00, 0x00, 0x1c, 0xbf, 0x33, 0x00,
  0x00, 0x00, 0x00, 0x16, 0x00, 0xe0, 0x00, 0x15, 0x2f, 0xcf, 0x00, 0x00,
  0xdb, 0x01, 0x00, 0x00, 0x17, 0xfa, 0x00, 0xb8, 0xe5, 0x00, 0x19, 0x00,
  0x04, 0x00, 0x00, 0xf6, 0x00, 0x00, 0x00, 0x00, 0x1c, 0xcd, 0x3e, 0x00,
  0x00, 0x00, 0x00, 0x15, 0x00, 0xe5, 0x00, 0x0f, 0x19, 0xd5, 0x00, 0x00,
  0xdf, 0xfd, 0x00, 0x00, 0x1b, 0xfe, 0x00, 0xbf, 0xd9, 0x00, 0x23, 0x00,
  0xda, 0x00, 0x00, 0x0d, 0x00, 0x00, 0x00, 0x00, 0x22, 0x16, 0x60, 0x00,
  0x00, 0x00, 0x00, 0x26, 0x00, 0xfb, 0x00, 0x2e, 0x59, 0xef, 0x00, 0x00,
  0x3a, 0x13, 0x00, 0x00, 0xd5, 0x02, 0x00, 0xf9, 0xf7, 0x00, 0x51, 0x00,
  0xd9, 0x00, 0x00, 0x07, 0x00, 0x00, 0x00, 0x00, 0x1e, 0xdf, 0x57, 0x00,
  0x00, 0x00, 0x00, 0x22, 0x00, 0xe7, 0x00, 0x03, 0x20, 0xde, 0x00, 0x00,
  0x21, 0x0f, 0x00, 0x00, 0xee, 0xff, 0x00, 0xd2, 0xdc, 0x00, 0x45, 0x00,
  0xf3, 0x00, 0x00, 0xf5, 0x00, 0x00, 0x00, 0x00, 0x13, 0xcf, 0x4e, 0x00,
  0x00, 0x00, 0x00, 0x21, 0x00, 0xd5, 0x00, 0x02, 0x06, 0xd5, 0x00, 0x00,
  0x03, 0x12, 0x00, 0x00, 0xf3, 0xf4, 0x00, 0xc7, 0xda, 0x00, 0x3c, 0x00,
  0xa8, 0x00, 0x00, 0x12, 0x00, 0x00, 0x00, 0x00, 0xea, 0xdc, 0xc4, 0x00,
  0x00, 0x00, 0x00, 0x3f, 0x00, 0xd0, 0x00, 0xe0, 0x9f, 0xd8, 0x00, 0x00,
  0xb2, 0xc2, 0x00, 0x00, 0xed, 0xc3, 0x00, 0xe2, 0x06, 0x00, 0x4a, 0x00,
  0xb3, 0x00, 0x00, 0x27, 0x00, 0x00, 0x00, 0x00, 0xec, 0xe1, 0xd5, 0x00,
  0x00, 0x00, 0x00, 0x43, 0x00, 0xdc, 0x00, 0x0e, 0x28, 0xd3, 0x00, 0x00,
  0xc2, 0xe7, 0x00, 0x00, 0x05, 0xcb, 0x00, 0xec, 0x18, 0x00, 0x64, 0x00,
  0xb5, 0x00, 0x00, 0x12, 0x00, 0x00, 0x00, 0x00, 0xf7, 0xe9, 0xf6, 0x00,
  0x00, 0x00, 0x00, 0x47, 0x00, 0xed, 0x00, 0xef, 0x02, 0xd8, 0x00, 0x00,
  0xcd, 0xe0, 0x00, 0x00, 0xfd, 0xf1, 0x00, 0xf2, 0x0e, 0x00, 0x7f, 0x00,
  0xae, 0x00, 0x00, 0x0e, 0x00, 0x00, 0x00, 0x00, 0xe4, 0x14, 0x42, 0x00,
  0x00, 0x00, 0x00, 0x1c, 0x00, 0x0e, 0x00, 0xd0, 0x94, 0x17, 0x00, 0x00,
  0x1c, 0xe7, 0x00, 0x00, 0xdf, 0x06, 0x00, 0x17, 0x0c, 0x00, 0x5a, 0x00,
  0xb9, 0x00, 0x00, 0x33, 0x00, 0x00, 0x00, 0x00, 0x01, 0x16, 0x37, 0x00,
  0x00, 0x00, 0x00, 0x1d, 0x00, 0x03, 0x00, 0xfe, 0x14, 0x11, 0x00, 0x00,
  0x23, 0x07, 0x00, 0x00, 0xf5, 0x18, 0x00, 0x1e, 0x09, 0x00, 0x55, 0x00,
  0xc2, 0x00, 0x00, 0x42, 0x00, 0x00, 0x00, 0x00, 0xff, 0x1d, 0x47, 0x00,
  0x00, 0x00, 0x00, 0x21, 0x00, 0x03, 0x00, 0xdb, 0xf0, 0x0e, 0x00, 0x00,
  0x2b, 0xf3, 0x00, 0x00, 0x05, 0xf1, 0x00, 0x20, 0x33, 0x00, 0x52, 0x00,
  0xc7, 0x00, 0x00, 0x0a, 0x00, 0x00, 0x00, 0x00, 0xd5, 0x2a, 0x1b, 0x00,
  0x00, 0x00, 0x00, 0x00, 0x00, 0x22, 0x00, 0xb2, 0xc2, 0x18, 0x00, 0x00,
  0x16, 0x03, 0x00, 0x00, 0xa7, 0x23, 0x00, 0x26, 0x14, 0x00, 0x2d, 0x00,
  0xdb, 0x00, 0x00, 0x20, 0x00, 0x00, 0x00, 0x00, 0x04, 0x24, 0x33, 0x00,
  0x00, 0x00, 0x00, 0x05, 0x00, 0x14, 0x00, 0xfc, 0x3a, 0x2c, 0x00, 0x00,
  0x13, 0x15, 0x00, 0x00, 0xbe, 0x22, 0x00, 0x2b, 0x2e, 0x00, 0x29, 0x00,
  0xec, 0x00, 0x00, 0x23, 0x00, 0x00, 0x00, 0x00, 0xe8, 0x22, 0x2d, 0x00,
  0x00, 0x00, 0x00, 0x03, 0x00, 0x29, 0x00, 0xe7, 0x1f, 0x29, 0x00, 0x00,
  0x0e, 0x15, 0x00, 0x00, 0xbf, 0xf7, 0x00, 0x29, 0x2e, 0x00, 0x29, 0x00,
  0xe2, 0x00, 0x00, 0x1a, 0x00, 0x00, 0x00, 0x00, 0x28, 0x1a, 0xaa, 0x00,
  0x00, 0x00, 0x00, 0xf6, 0x00, 0x24, 0x00, 0xdd, 0xd8, 0x37, 0x00, 0x00,
  0x0e, 0x23, 0x00, 0x00, 0x0d, 0x23, 0x00, 0x37, 0x26, 0x00, 0xb1, 0x00,
  0xf5, 0x00, 0x00, 0x1d, 0x00, 0x00, 0x00, 0x00, 0x1f, 0x1b, 0xae, 0x00,
  0x00, 0x00, 0x00, 0xf9, 0x00, 0x16, 0x00, 0xe8, 0xd8, 0x36, 0x00, 0x00,
  0xfc, 0x32, 0x00, 0x00, 0x03, 0x1c, 0x00, 0x35, 0x1f, 0x00, 0x9a, 0x00,
  0xe8, 0x00, 0x00, 0x23, 0x00, 0x00, 0x00, 0x00, 0x20, 0x17, 0xa9, 0x00,
  0x00, 0x00, 0x00, 0xf9, 0x00, 0x23, 0x00, 0xce, 0xc3, 0x31, 0x00, 0x00,
  0xff, 0x24, 0x00, 0x00, 0x1b, 0x1e, 0x00, 0x2f, 0x0c, 0x00, 0xad, 0x00,
  0xa3, 0x00, 0x00, 0xe9, 0x00, 0x00, 0x00, 0x00, 0x07, 0xfc, 0xbe, 0x00,
  0x00, 0x00, 0x00, 0x21, 0x00, 0x07, 0x00, 0xec, 0xe9, 0x10, 0x00, 0x00,
  0x21, 0xc3, 0x00, 0x00, 0xd3, 0x02, 0x00, 0x0e, 0x09, 0x00, 0x13, 0x00,
  0xdf, 0x00, 0x00, 0xfc, 0x00, 0x00, 0x00, 0x00, 0xff, 0x12, 0xc5, 0x00,
  0x00, 0x00, 0x00, 0x1d, 0x00, 0x05, 0x00, 0xf6, 0xf8, 0x1d, 0x00, 0x00,
  0x21, 0xe6, 0x00, 0x00, 0xf5, 0x03, 0x00, 0x1b, 0x0b, 0x00, 0x02, 0x00,
  0xae, 0x00, 0x00, 0x01, 0x00, 0x00, 0x00, 0x00, 0xfe, 0x08, 0xbe, 0x00,
  0x00, 0x00, 0x00, 0x1e, 0x00, 0x0e, 0x00, 0xc7, 0xc4, 0x0d, 0x00, 0x00,
  0x20, 0xc8, 0x00, 0x00, 0xfc, 0x00, 0x00, 0x0f, 0xf6, 0x00, 0xf7, 0x00,
  0x8e, 0x00, 0x00, 0xd9, 0x00, 0x00, 0x00, 0x00, 0x09, 0xe8, 0xcf, 0x00,
  0x00, 0x00, 0x00, 0x25, 0x00, 0xe8, 0x00, 0xe0, 0xfb, 0x01, 0x00, 0x00,
  0x3b, 0x9c, 0x00, 0x00, 0xcd, 0xf6, 0x00, 0xf0, 0xed, 0x00, 0x2a, 0x00,
  0xc2, 0x00, 0x00, 0xe0, 0x00, 0x00, 0x00, 0x00, 0x06, 0xfb, 0xd0, 0x00,
  0x00, 0x00, 0x00, 0x22, 0x00, 0xf5, 0x00, 0xf1, 0xfe, 0x0b, 0x00, 0x00,
  0x26, 0xcf, 0x00, 0x00, 0xd5, 0x01, 0x00, 0x01, 0xe9, 0x00, 0x1d, 0x00,
  0x81, 0x00, 0x00, 0xd5, 0x00, 0x00, 0x00, 0x00, 0x00, 0xe0, 0xc9, 0x00,
  0x00, 0x00, 0x00, 0x19, 0x00, 0xe9, 0x00, 0xb4, 0xb8, 0xee, 0x00, 0x00,
  0x19, 0xa2, 0x00, 0x00, 0xd4, 0xf0, 0x00, 0xe7, 0xd4, 0x00, 0x1a, 0x00,
  0x00, 0x00, 0x00, 0x00, 0x00, 0x00, 0x00, 0x00, 0x00, 0x00, 0x00, 0x00,
  0x00, 0x00, 0x00, 0x00, 0x00, 0x00, 0x00, 0x00, 0x00, 0x00, 0x00, 0x00,
  0x00, 0x00, 0x00, 0x00, 0x00, 0x00, 0x00, 0x00, 0x00, 0x00, 0x00, 0x00,
  0x00, 0x00, 0x00, 0x00, 0x00, 0x00, 0x00, 0x00, 0x00, 0x00, 0x00, 0x00,
  0x00, 0x00, 0x00, 0x00, 0x00, 0x00, 0x00, 0x00, 0x00, 0x00, 0x00, 0x00,
  0x00, 0x00, 0x00, 0x00, 0x00, 0x00, 0x00, 0x00, 0x00, 0x00, 0x00, 0x00,
  0x00, 0x00, 0x00, 0x00, 0x00, 0x00, 0x00, 0x00, 0x00, 0x00, 0x00, 0x00,
  0x00, 0x00, 0x00, 0x00, 0x00, 0x00, 0x00, 0x00, 0x00, 0x00, 0x00, 0x00,
  0x00, 0x00, 0x00, 0x00, 0x00, 0x00, 0x00, 0x00, 0x00, 0x00, 0x00, 0x00,
  0x00, 0x00, 0x00, 0x00, 0x00, 0x00, 0x00, 0x00, 0x00, 0x00, 0x00, 0x00,
  0x00, 0x00, 0x00, 0x00, 0x00, 0x00, 0x00, 0x00, 0x00, 0x00, 0x00, 0x00,
  0x00, 0x00, 0x00, 0x00, 0x00, 0x00, 0x00, 0x00, 0x00, 0x00, 0x00, 0x00,
  0x00, 0x00, 0x00, 0x00, 0x00, 0x00, 0x00, 0x00, 0x00, 0x00, 0x00, 0x00,
  0x00, 0x00, 0x00, 0x00, 0x00, 0x00, 0x00, 0x00, 0x00, 0x00, 0x00, 0x00,
  0x00, 0x00, 0x00, 0x00, 0x00, 0x00, 0x00, 0x00, 0x00, 0x00, 0x00, 0x00,
  0x00, 0x00, 0x00, 0x00, 0x00, 0x00, 0x00, 0x00, 0x00, 0x00, 0x00, 0x00,
  0x00, 0x00, 0x00, 0x00, 0x00, 0x00, 0x00, 0x00, 0x00, 0x00, 0x00, 0x00,
  0x00, 0x00, 0x00, 0x00, 0x00, 0x00, 0x00, 0x00, 0x00, 0x00, 0x00, 0x00,
  0x00, 0x00, 0x00, 0x00, 0x00, 0x00, 0x00, 0x00, 0x00, 0x00, 0x00, 0x00,
  0x00, 0x00, 0x00, 0x00, 0x00, 0x00, 0x00, 0x00, 0x00, 0x00, 0x00, 0x00,
  0x00, 0x00, 0x00, 0x00, 0x00, 0x00, 0x00, 0x00, 0x00, 0x00, 0x00, 0x00,
  0x00, 0x00, 0x00, 0x00, 0x00, 0x00, 0x00, 0x00, 0x00, 0x00, 0x00, 0x00,
  0x00, 0x00, 0x00, 0x00, 0x00, 0x00, 0x00, 0x00, 0x00, 0x00, 0x00, 0x00,
  0x00, 0x00, 0x00, 0x00, 0x00, 0x00, 0x00, 0x00, 0x00, 0x00, 0x00, 0x00,
  0x00, 0x00, 0x00, 0x00, 0x00, 0x00, 0x00, 0x00, 0x00, 0x00, 0x00, 0x00,
  0x00, 0x00, 0x00, 0x00, 0x00, 0x00, 0x00, 0x00, 0x00, 0x00, 0x00, 0x00,
  0x00, 0x00, 0x00, 0x00, 0x00, 0x00, 0x00, 0x00, 0x00, 0x00, 0x00, 0x00,
  0x00, 0x00, 0x00, 0x00, 0x00, 0x00, 0x00, 0x00, 0x00, 0x00, 0x00, 0x00,
  0x00, 0x00, 0x00, 0x00, 0x00, 0x00, 0x00, 0x00, 0x00, 0x00, 0x00, 0x00,
  0x00, 0x00, 0x00, 0x00, 0x00, 0x00, 0x00, 0x00, 0x00, 0x00, 0x00, 0x00,
  0x00, 0x00, 0x00, 0x00, 0x00, 0x00, 0x00, 0x00, 0x00, 0x00, 0x00, 0x00,
  0x00, 0x00, 0x00, 0x00, 0x00, 0x00, 0x00, 0x00, 0x00, 0x00, 0x00, 0x00,
  0x00, 0x00, 0x00, 0x00, 0x00, 0x00, 0x00, 0x00, 0x00, 0x00, 0x00, 0x00,
  0x00, 0x00, 0x00, 0x00, 0x00, 0x00, 0x00, 0x00, 0x00, 0x00, 0x00, 0x00,
  0x00, 0x00, 0x00, 0x00, 0x00, 0x00, 0x00, 0x00, 0x00, 0x00, 0x00, 0x00,
  0x00, 0x00, 0x00, 0x00, 0x00, 0x00, 0x00, 0x00, 0x00, 0x00, 0x00, 0x00,
  0x00, 0x00, 0x00, 0x00, 0x00, 0x00, 0x00, 0x00, 0x00, 0x00, 0x00, 0x00,
  0x00, 0x00, 0x00, 0x00, 0x00, 0x00, 0x00, 0x00, 0x00, 0x00, 0x00, 0x00,
  0x00, 0x00, 0x00, 0x00, 0x00, 0x00, 0x00, 0x00, 0x00, 0x00, 0x00, 0x00,
  0x00, 0x00, 0x00, 0x00, 0x00, 0x00, 0x00, 0x00, 0x00, 0x00, 0x00, 0x00,
  0x00, 0x00, 0x00, 0x00, 0x00, 0x00, 0x00, 0x00, 0x00, 0x00, 0x00, 0x00,
  0x00, 0x00, 0x00, 0x00, 0x00, 0x00, 0x00, 0x00, 0x00, 0x00, 0x00, 0x00,
  0x00, 0x00, 0x00, 0x00, 0x00, 0x00, 0x00, 0x00, 0x00, 0x00, 0x00, 0x00,
  0x00, 0x00, 0x00, 0x00, 0x00, 0x00, 0x00, 0x00, 0x00, 0x00, 0x00, 0x00,
  0x00, 0x00, 0x00, 0x00, 0x00, 0x00, 0x00, 0x00, 0x00, 0x00, 0x00, 0x00,
  0x00, 0x00, 0x00, 0x00, 0x00, 0x00, 0x00, 0x00, 0x00, 0x00, 0x00, 0x00,
  0x00, 0x00, 0x00, 0x00, 0x00, 0x00, 0x00, 0x00, 0x00, 0x00, 0x00, 0x00,
  0x00, 0x00, 0x00, 0x00, 0x00, 0x00, 0x00, 0x00, 0x00, 0x00, 0x00, 0x00,
  0x00, 0x00, 0x00, 0x00, 0x00, 0x00, 0x00, 0x00, 0x00, 0x00, 0x00, 0x00,
  0x00, 0x00, 0x00, 0x00, 0x00, 0x00, 0x00, 0x00, 0x00, 0x00, 0x00, 0x00,
  0x00, 0x00, 0x00, 0x00, 0x00, 0x00, 0x00, 0x00, 0x00, 0x00, 0x00, 0x00,
  0x00, 0x00, 0x00, 0x00, 0x00, 0x00, 0x00, 0x00, 0x00, 0x00, 0x00, 0x00,
  0x00, 0x00, 0x00, 0x00, 0x00, 0x00, 0x00, 0x00, 0x00, 0x00, 0x00, 0x00,
  0x00, 0x00, 0x00, 0x00, 0x00, 0x00, 0x00, 0x00, 0x00, 0x00, 0x00, 0x00,
  0x10, 0x00, 0x00, 0x13, 0x00, 0x00, 0x00, 0x00, 0x18, 0x35, 0x26, 0x00,
  0x00, 0x00, 0x00, 0xf7, 0x00, 0x28, 0x00, 0x55, 0x7f, 0x30, 0x00, 0x00,
  0x0d, 0x25, 0x00, 0x00, 0xf7, 0x13, 0x00, 0x20, 0x22, 0x00, 0x2b, 0x00,
  0x03, 0x00, 0x00, 0xfc, 0x00, 0x00, 0x00, 0x00, 0xfd, 0x0c, 0x13, 0x00,
  0x00, 0x00, 0x00, 0xe9, 0x00, 0x05, 0x00, 0xeb, 0x01, 0x0d, 0x00, 0x00,
  0xcd, 0xfd, 0x00, 0x00, 0xf9, 0xf0, 0x00, 0xfc, 0xf5, 0x00, 0x1b, 0x00,
  0xd3, 0x00, 0x00, 0xc3, 0x00, 0x00, 0x00, 0x00, 0xc5, 0xd2, 0x11, 0x00,
  0x00, 0x00, 0x00, 0xda, 0x00, 0xc8, 0x00, 0x09, 0xde, 0xf1, 0x00, 0x00,
  0x83, 0xbd, 0x00, 0x00, 0xec, 0xdb, 0x00, 0xce, 0xd4, 0x00, 0x02, 0x00,
  0x19, 0x00, 0x00, 0x28, 0x00, 0x00, 0x00, 0x00, 0x23, 0x37, 0x33, 0x00,
  0x00, 0x00, 0x00, 0x19, 0x00, 0x33, 0x00, 0x58, 0x79, 0x31, 0x00, 0x00,
  0x25, 0x28, 0x00, 0x00, 0xf5, 0x17, 0x00, 0x18, 0x2c, 0x00, 0x3c, 0x00,
  0xfe, 0x00, 0x00, 0x05, 0x00, 0x00, 0x00, 0x00, 0xed, 0x0e, 0x33, 0x00,
  0x00, 0x00, 0x00, 0x07, 0x00, 0xfb, 0x00, 0xf9, 0xe8, 0x08, 0x00, 0x00,
  0xef, 0x09, 0x00, 0x00, 0x0d, 0x03, 0x00, 0xfc, 0xf8, 0x00, 0x3b, 0x00,
  0xca, 0x00, 0x00, 0xb0, 0x00, 0x00, 0x00, 0x00, 0xde, 0xcc, 0x1c, 0x00,
  0x00, 0x00, 0x00, 0x01, 0x00, 0xd2, 0x00, 0x11, 0xd2, 0xe3, 0x00, 0x00,
  0xa3, 0xcc, 0x00, 0x00, 0xdd, 0xb8, 0x00, 0xcd, 0xd8, 0x00, 0x3b, 0x00,
  0x01, 0x00, 0x00, 0x18, 0x00, 0x00, 0x00, 0x00, 0xfe, 0x32, 0x1f, 0x00,
  0x00, 0x00, 0x00, 0x02, 0x00, 0x1c, 0x00, 0x4a, 0x57, 0x2a, 0x00, 0x00,
  0x2c, 0x13, 0x00, 0x00, 0xe7, 0x13, 0x00, 0x30, 0x24, 0x00, 0x27, 0x00,
  0x07, 0x00, 0x00, 0xf7, 0x00, 0x00, 0x00, 0x00, 0xd4, 0x14, 0x14, 0x00,
  0x00, 0x00, 0x00, 0xf3, 0x00, 0xfe, 0x00, 0xe9, 0xe7, 0x12, 0x00, 0x00,
  0xfa, 0x09, 0x00, 0x00, 0xec, 0xeb, 0x00, 0x0f, 0x08, 0x00, 0x1c, 0x00,
  0xa8, 0x00, 0x00, 0x9c, 0x00, 0x00, 0x00, 0x00, 0x95, 0xdf, 0x12, 0x00,
  0x00, 0x00, 0x00, 0xe9, 0x00, 0xc0, 0x00, 0x0d, 0xdd, 0xfb, 0x00, 0x00,
  0xb5, 0xd0, 0x00, 0x00, 0x9d, 0xbb, 0x00, 0xe2, 0xbc, 0x00, 0x39, 0x00,
  0xcd, 0x00, 0x00, 0x16, 0x00, 0x00, 0x00, 0x00, 0x1c, 0x02, 0x0f, 0x00,
  0x00, 0x00, 0x00, 0x17, 0x00, 0x04, 0x00, 0xdb, 0xcb, 0x24, 0x00, 0x00,
  0xfe, 0x02, 0x00, 0x00, 0x00, 0x14, 0x00, 0x1c, 0x0e, 0x00, 0x11, 0x00,
  0x05, 0x00, 0x00, 0x16, 0x00, 0x00, 0x00, 0x00, 0x0f, 0x00, 0x00, 0x00,
  0x00, 0x00, 0x00, 0x0e, 0x00, 0xfd, 0x00, 0x0e, 0x17, 0x1d, 0x00, 0x00,
  0xf9, 0x19, 0x00, 0x00, 0x12, 0x13, 0x00, 0x19, 0x1b, 0x00, 0xfd, 0x00,
  0xd7, 0x00, 0x00, 0x1b, 0x00, 0x00, 0x00, 0x00, 0x14, 0xfc, 0x0f, 0x00,
  0x00, 0x00, 0x00, 0x0c, 0x00, 0x04, 0x00, 0xca, 0xb8, 0x1a, 0x00, 0x00,
  0xf6, 0x09, 0x00, 0x00, 0x1a, 0x15, 0x00, 0x13, 0x12, 0x00, 0xfc, 0x00,
  0xa3, 0x00, 0x00, 0xee, 0x00, 0x00, 0x00, 0x00, 0x01, 0xec, 0x03, 0x00,
  0x00, 0x00, 0x00, 0x1a, 0x00, 0xf6, 0x00, 0xe8, 0xe6, 0x0f, 0x00, 0x00,
  0x10, 0xc9, 0x00, 0x00, 0xe4, 0xfc, 0x00, 0xfd, 0x02, 0x00, 0x07, 0x00,
  0x15, 0x00, 0x00, 0xf5, 0x00, 0x00, 0x00, 0x00, 0xfc, 0xfe, 0xfe, 0x00,
  0x00, 0x00, 0x00, 0x18, 0x00, 0x02, 0x00, 0x1b, 0x32, 0x11, 0x00, 0x00,
  0x14, 0xf3, 0x00, 0x00, 0xf8, 0xfb, 0x00, 0x0b, 0x03, 0x00, 0x01, 0x00,
  0xb0, 0x00, 0x00, 0xfb, 0x00, 0x00, 0x00, 0x00, 0xfa, 0xfa, 0xec, 0x00,
  0x00, 0x00, 0x00, 0x15, 0x00, 0xf9, 0x00, 0xc7, 0xda, 0x0b, 0x00, 0x00,
  0x16, 0xd9, 0x00, 0x00, 0xfe, 0xfe, 0x00, 0x00, 0x02, 0x00, 0xff, 0x00,
  0x81, 0x00, 0x00, 0xdf, 0x00, 0x00, 0x00, 0x00, 0x00, 0xdc, 0xe9, 0x00,
  0x00, 0x00, 0x00, 0x24, 0x00, 0xe8, 0x00, 0xd7, 0xf8, 0x04, 0x00, 0x00,
  0x1a, 0xaf, 0x00, 0x00, 0xdb, 0xe8, 0x00, 0xe1, 0xe9, 0x00, 0x05, 0x00,
  0x16, 0x00, 0x00, 0xe7, 0x00, 0x00, 0x00, 0x00, 0xf8, 0xe5, 0xf6, 0x00,
  0x00, 0x00, 0x00, 0x1e, 0x00, 0xf0, 0x00, 0x1c, 0x3a, 0x03, 0x00, 0x00,
  0x08, 0xf7, 0x00, 0x00, 0xf9, 0xef, 0x00, 0xed, 0xf2, 0x00, 0x0c, 0x00,
  0x87, 0x00, 0x00, 0xe3, 0x00, 0x00, 0x00, 0x00, 0xf8, 0xdb, 0xf8, 0x00,
  0x00, 0x00, 0x00, 0x1c, 0x00, 0xe6, 0x00, 0xb5, 0xd2, 0xfa, 0x00, 0x00,
  0xfb, 0xc3, 0x00, 0x00, 0xe3, 0xe3, 0x00, 0xdb, 0xde, 0x00, 0x04, 0x00,
  0xe8, 0x00, 0x00, 0x05, 0x00, 0x00, 0x00, 0x00, 0x17, 0xba, 0x01, 0x00,
  0x00, 0x00, 0x00, 0x23, 0x00, 0xd6, 0x00, 0x45, 0x3a, 0xcf, 0x00, 0x00,
  0x88, 0xe2, 0x00, 0x00, 0x2d, 0xed, 0x00, 0xdd, 0xe2, 0x00, 0x1d, 0x00,
  0xf8, 0x00, 0x00, 0x15, 0x00, 0x00, 0x00, 0x00, 0x27, 0xc9, 0xfb, 0x00,
  0x00, 0x00, 0x00, 0x2d, 0x00, 0xf1, 0x00, 0x40, 0x45, 0xe0, 0x00, 0x00,
  0x9f, 0xef, 0x00, 0x00, 0x31, 0xf9, 0x00, 0xe7, 0xf9, 0x00, 0x1a, 0x00,
  0x02, 0x00, 0x00, 0x1a, 0x00, 0x00, 0x00, 0x00, 0x32, 0xf0, 0x00, 0x00,
  0x00, 0x00, 0x00, 0x2e, 0x00, 0x02, 0x00, 0x2f, 0x33, 0xf5, 0x00, 0x00,
  0xb9, 0x00, 0x00, 0x00, 0x39, 0x0d, 0x00, 0xf6, 0x0a, 0x00, 0x1d, 0x00,
  0xde, 0x00, 0x00, 0x0a, 0x00, 0x00, 0x00, 0x00, 0x0c, 0xc0, 0xfa, 0x00,
  0x00, 0x00, 0x00, 0x45, 0x00, 0xe5, 0x00, 0x23, 0x30, 0xb6, 0x00, 0x00,
  0xa3, 0xfb, 0x00, 0x00, 0x21, 0xe7, 0x00, 0xd7, 0xfa, 0x00, 0x60, 0x00,
  0xef, 0x00, 0x00, 0x14, 0x00, 0x00, 0x00, 0x00, 0x18, 0xc6, 0xfc, 0x00,
  0x00, 0x00, 0x00, 0x45, 0x00, 0xf0, 0x00, 0x1b, 0x2e, 0xc1, 0x00, 0x00,
  0x9d, 0x03, 0x00, 0x00, 0x29, 0xed, 0x00, 0xd9, 0x01, 0x00, 0x5f, 0x00,
  0xfa, 0x00, 0x00, 0x0f, 0x00, 0x00, 0x00, 0x00, 0x1a, 0xe4, 0x03, 0x00,
  0x00, 0x00, 0x00, 0x44, 0x00, 0xfa, 0x00, 0x0d, 0x1a, 0xd1, 0x00, 0x00,
  0xb7, 0x11, 0x00, 0x00, 0x28, 0xf5, 0x00, 0xdf, 0x01, 0x00, 0x66, 0x00,
  0xb5, 0x00, 0x00, 0x0e, 0x00, 0x00, 0x00, 0x00, 0x1c, 0xe9, 0x1e, 0x00,
  0x00, 0x00, 0x00, 0x3d, 0x00, 0xf6, 0x00, 0x09, 0x2c, 0xc8, 0x00, 0x00,
  0xc5, 0xe8, 0x00, 0x00, 0xf1, 0xff, 0x00, 0xe6, 0xf2, 0x00, 0x7d, 0x00,
  0xce, 0x00, 0x00, 0x1d, 0x00, 0x00, 0x00, 0x00, 0x24, 0xe9, 0x1d, 0x00,
  0x00, 0x00, 0x00, 0x38, 0x00, 0x04, 0x00, 0x0c, 0x26, 0xcc, 0x00, 0x00,
  0xc9, 0xf3, 0x00, 0x00, 0xfa, 0xff, 0x00, 0xe6, 0xf8, 0x00, 0x77, 0x00,
  0xdb, 0x00, 0x00, 0x14, 0x00, 0x00, 0x00, 0x00, 0x25, 0xff, 0x2d, 0x00,
  0x00, 0x00, 0x00, 0x3c, 0x00, 0x0e, 0x00, 0xff, 0x0f, 0xe1, 0x00, 0x00,
  0xea, 0x01, 0x00, 0x00, 0x08, 0x06, 0x00, 0xe8, 0xfb, 0x00, 0x7f, 0x00,
  0x00, 0x00, 0x00, 0x00, 0x00, 0x00, 0x00, 0x00, 0x00, 0x00, 0x00, 0x00,
  0x00, 0x00, 0x00, 0x00, 0x00, 0x00, 0x00, 0x00, 0x00, 0x00, 0x00, 0x00,
  0x00, 0x00, 0x00, 0x00, 0x00, 0x00, 0x00, 0x00, 0x00, 0x00, 0x00, 0x00,
  0x00, 0x00, 0x00, 0x00, 0x00, 0x00, 0x00, 0x00, 0x00, 0x00, 0x00, 0x00,
  0x00, 0x00, 0x00, 0x00, 0x00, 0x00, 0x00, 0x00, 0x00, 0x00, 0x00, 0x00,
  0x00, 0x00, 0x00, 0x00, 0x00, 0x00, 0x00, 0x00, 0x00, 0x00, 0x00, 0x00,
  0x00, 0x00, 0x00, 0x00, 0x00, 0x00, 0x00, 0x00, 0x00, 0x00, 0x00, 0x00,
  0x00, 0x00, 0x00, 0x00, 0x00, 0x00, 0x00, 0x00, 0x00, 0x00, 0x00, 0x00,
  0x00, 0x00, 0x00, 0x00, 0x00, 0x00, 0x00, 0x00, 0x00, 0x00, 0x00, 0x00,
  0x00, 0x00, 0x00, 0x00, 0x00, 0x00, 0x00, 0x00, 0x00, 0x00, 0x00, 0x00,
  0x00, 0x00, 0x00, 0x00, 0x00, 0x00, 0x00, 0x00, 0x00, 0x00, 0x00, 0x00,
  0x00, 0x00, 0x00, 0x00, 0x00, 0x00, 0x00, 0x00, 0x00, 0x00, 0x00, 0x00,
  0x00, 0x00, 0x00, 0x00, 0x00, 0x00, 0x00, 0x00, 0x00, 0x00, 0x00, 0x00,
  0x00, 0x00, 0x00, 0x00, 0x00, 0x00, 0x00, 0x00, 0x00, 0x00, 0x00, 0x00,
  0x00, 0x00, 0x00, 0x00, 0x00, 0x00, 0x00, 0x00, 0x00, 0x00, 0x00, 0x00,
  0x00, 0x00, 0x00, 0x00, 0x00, 0x00, 0x00, 0x00, 0x00, 0x00, 0x00, 0x00,
  0x00, 0x00, 0x00, 0x00, 0x00, 0x00, 0x00, 0x00, 0x00, 0x00, 0x00, 0x00,
  0x00, 0x00, 0x00, 0x00, 0x00, 0x00, 0x00, 0x00, 0x00, 0x00, 0x00, 0x00,
  0x00, 0x00, 0x00, 0x00, 0x00, 0x00, 0x00, 0x00, 0x00, 0x00, 0x00, 0x00,
  0x00, 0x00, 0x00, 0x00, 0x00, 0x00, 0x00, 0x00, 0x00, 0x00, 0x00, 0x00,
  0x00, 0x00, 0x00, 0x00, 0x00, 0x00, 0x00, 0x00, 0x00, 0x00, 0x00, 0x00,
  0x00, 0x00, 0x00, 0x00, 0x00, 0x00, 0x00, 0x00, 0x00, 0x00, 0x00, 0x00,
  0x00, 0x00, 0x00, 0x00, 0x00, 0x00, 0x00, 0x00, 0x00, 0x00, 0x00, 0x00,
  0x00, 0x00, 0x00, 0x00, 0x00, 0x00, 0x00, 0x00, 0x00, 0x00, 0x00, 0x00,
  0x00, 0x00, 0x00, 0x00, 0x00, 0x00, 0x00, 0x00, 0x00, 0x00, 0x00, 0x00,
  0x00, 0x00, 0x00, 0x00, 0x00, 0x00, 0x00, 0x00, 0x00, 0x00, 0x00, 0x00,
  0x00, 0x00, 0x00, 0x00, 0x00, 0x00, 0x00, 0x00, 0x00, 0x00, 0x00, 0x00,
  0xd8, 0x00, 0x00, 0x06, 0x00, 0x00, 0x00, 0x00, 0xeb, 0xf5, 0xcb, 0x00,
  0x00, 0x00, 0x00, 0x36, 0x00, 0xeb, 0x00, 0x04, 0x20, 0xe8, 0x00, 0x00,
  0xdb, 0xcc, 0x00, 0x00, 0x07, 0xf4, 0x00, 0xf4, 0x15, 0x00, 0x66, 0x00,
  0xca, 0x00, 0x00, 0x13, 0x00, 0x00, 0x00, 0x00, 0xcd, 0xf0, 0xe4, 0x00,
  0x00, 0x00, 0x00, 0x29, 0x00, 0xec, 0x00, 0x05, 0x05, 0xe8, 0x00, 0x00,
  0xd1, 0xcd, 0x00, 0x00, 0xd8, 0xcc, 0x00, 0xea, 0x0a, 0x00, 0x6b, 0x00,
  0xb3, 0x00, 0x00, 0x1d, 0x00, 0x00, 0x00, 0x00, 0xe0, 0xf1, 0xdc, 0x00,
  0x00, 0x00, 0x00, 0x27, 0x00, 0xf0, 0x00, 0x01, 0x0c, 0xe8, 0x00, 0x00,
  0xdc, 0xb2, 0x00, 0x00, 0xe5, 0xd6, 0x00, 0xe6, 0x09, 0x00, 0x7f, 0x00,
  0xc2, 0x00, 0x00, 0x12, 0x00, 0x00, 0x00, 0x00, 0xf0, 0x24, 0x34, 0x00,
  0x00, 0x00, 0x00, 0x37, 0x00, 0x02, 0x00, 0xed, 0xfe, 0x09, 0x00, 0x00,
  0x19, 0xfd, 0x00, 0x00, 0xeb, 0x1d, 0x00, 0x07, 0x28, 0x00, 0x45, 0x00,
  0xd6, 0x00, 0x00, 0x1c, 0x00, 0x00, 0x00, 0x00, 0x05, 0x1f, 0x39, 0x00,
  0x00, 0x00, 0x00, 0x1e, 0x00, 0x21, 0x00, 0xf0, 0xf7, 0x0c, 0x00, 0x00,
  0x1c, 0xdc, 0x00, 0x00, 0xcd, 0x15, 0x00, 0x22, 0xf4, 0x00, 0x4c, 0x00,
  0xbf, 0x00, 0x00, 0x00, 0x00, 0x00, 0x00, 0x00, 0xf5, 0x1d, 0x3c, 0x00,
  0x00, 0x00, 0x00, 0x2f, 0x00, 0x04, 0x00, 0xec, 0xfa, 0x07, 0x00, 0x00,
  0x18, 0xf7, 0x00, 0x00, 0xea, 0xef, 0x00, 0x16, 0x1f, 0x00, 0x3e, 0x00,
  0xd9, 0x00, 0x00, 0x28, 0x00, 0x00, 0x00, 0x00, 0xfd, 0x34, 0x11, 0x00,
  0x00, 0x00, 0x00, 0x15, 0x00, 0x0b, 0x00, 0xe8, 0x09, 0x22, 0x00, 0x00,
  0x19, 0xf1, 0x00, 0x00, 0xd0, 0x32, 0x00, 0x31, 0xfe, 0x00, 0x14, 0x00,
  0xe9, 0x00, 0x00, 0x08, 0x00, 0x00, 0x00, 0x00, 0xf4, 0x2c, 0x14, 0x00,
  0x00, 0x00, 0x00, 0x05, 0x00, 0x09, 0x00, 0xf0, 0x14, 0x21, 0x00, 0x00,
  0x0a, 0x1c, 0x00, 0x00, 0xb7, 0x1e, 0x00, 0x15, 0x17, 0x00, 0xfb, 0x00,
  0xdf, 0x00, 0x00, 0xf6, 0x00, 0x00, 0x00, 0x00, 0xe7, 0x22, 0x12, 0x00,
  0x00, 0x00, 0x00, 0x04, 0x00, 0xf4, 0x00, 0xfe, 0x29, 0x1d, 0x00, 0x00,
  0xfe, 0xfd, 0x00, 0x00, 0xb4, 0x07, 0x00, 0x1f, 0x0a, 0x00, 0x08, 0x00,
  0xdc, 0x00, 0x00, 0x0d, 0x00, 0x00, 0x00, 0x00, 0x11, 0x06, 0xd8, 0x00,
  0x00, 0x00, 0x00, 0x14, 0x00, 0x18, 0x00, 0x43, 0x28, 0xff, 0x00, 0x00,
  0x13, 0xc4, 0x00, 0x00, 0xf2, 0x19, 0x00, 0x06, 0x26, 0x00, 0x17, 0x00,
  0xd9, 0x00, 0x00, 0x16, 0x00, 0x00, 0x00, 0x00, 0x07, 0x08, 0xd7, 0x00,
  0x00, 0x00, 0x00, 0x24, 0x00, 0x18, 0x00, 0x24, 0x12, 0x03, 0x00, 0x00,
  0x0f, 0xd2, 0x00, 0x00, 0xe6, 0x13, 0x00, 0x09, 0xfc, 0x00, 0x19, 0x00,
  0xc3, 0x00, 0x00, 0x08, 0x00, 0x00, 0x00, 0x00, 0x0b, 0x05, 0xd5, 0x00,
  0x00, 0x00, 0x00, 0x08, 0x00, 0x13, 0x00, 0x32, 0x20, 0x00, 0x00, 0x00,
  0x17, 0xce, 0x00, 0x00, 0xd6, 0x0b, 0x00, 0x03, 0xfd, 0x00, 0x15, 0x00,
  0xc9, 0x00, 0x00, 0x26, 0x00, 0x00, 0x00, 0x00, 0x25, 0x11, 0x0f, 0x00,
  0x00, 0x00, 0x00, 0x2c, 0x00, 0x22, 0x00, 0x47, 0x2d, 0x08, 0x00, 0x00,
  0x0b, 0xe5, 0x00, 0x00, 0xfd, 0x2b, 0x00, 0x12, 0x1f, 0x00, 0x5f, 0x00,
  0xf2, 0x00, 0x00, 0x19, 0x00, 0x00, 0x00, 0x00, 0x1a, 0x13, 0x07, 0x00,
  0x00, 0x00, 0x00, 0x33, 0x00, 0x22, 0x00, 0x27, 0x14, 0x0a, 0x00, 0x00,
  0x1c, 0xe1, 0x00, 0x00, 0xdb, 0x27, 0x00, 0x0d, 0x25, 0x00, 0x70, 0x00,
  0xdf, 0x00, 0x00, 0x10, 0x00, 0x00, 0x00, 0x00, 0x0e, 0x0c, 0x03, 0x00,
  0x00, 0x00, 0x00, 0x26, 0x00, 0x17, 0x00, 0x3c, 0x3a, 0x04, 0x00, 0x00,
  0x15, 0xdd, 0x00, 0x00, 0xdb, 0x1d, 0x00, 0x15, 0x15, 0x00, 0x62, 0x00,
  0xef, 0x00, 0x00, 0x32, 0x00, 0x00, 0x00, 0x00, 0x22, 0x12, 0x2b, 0x00,
  0x00, 0x00, 0x00, 0x13, 0x00, 0x29, 0x00, 0x5e, 0x39, 0x0a, 0x00, 0x00,
  0x12, 0xfd, 0x00, 0x00, 0xe8, 0x36, 0x00, 0x11, 0x30, 0x00, 0x79, 0x00,
  0xe3, 0x00, 0x00, 0x25, 0x00, 0x00, 0x00, 0x00, 0x1f, 0x10, 0x29, 0x00,
  0x00, 0x00, 0x00, 0x03, 0x00, 0x24, 0x00, 0x3c, 0x2b, 0x0a, 0x00, 0x00,
  0x14, 0xf3, 0x00, 0x00, 0xd5, 0x31, 0x00, 0x18, 0x14, 0x00, 0x7f, 0x00,
  0xd6, 0x00, 0x00, 0x15, 0x00, 0x00, 0x00, 0x00, 0x14, 0x08, 0x1d, 0x00,
  0x00, 0x00, 0x00, 0x21, 0x00, 0x19, 0x00, 0x51, 0x48, 0x03, 0x00, 0x00,
  0xf1, 0xfd, 0x00, 0x00, 0xe5, 0x25, 0x00, 0x02, 0xff, 0x00, 0x71, 0x00,
  0xeb, 0x00, 0x00, 0xaa, 0x00, 0x00, 0x00, 0x00, 0xeb, 0xbb, 0x56, 0x00,
  0x00, 0x00, 0x00, 0x0a, 0x00, 0xb6, 0x00, 0x2b, 0xeb, 0x00, 0x00, 0x00,
  0xbb, 0x87, 0x00, 0x00, 0xb4, 0xca, 0x00, 0xa3, 0xc1, 0x00, 0x59, 0x00,
  0x07, 0x00, 0x00, 0xe2, 0x00, 0x00, 0x00, 0x00, 0x16, 0xdb, 0x53, 0x00,
  0x00, 0x00, 0x00, 0x1d, 0x00, 0xe4, 0x00, 0x1c, 0x21, 0xfd, 0x00, 0x00,
  0x03, 0xd8, 0x00, 0x00, 0xe5, 0xec, 0x00, 0xc1, 0xfb, 0x00, 0x51, 0x00,
  0x3e, 0x00, 0x00, 0xf9, 0x00, 0x00, 0x00, 0x00, 0x1d, 0x19, 0x60, 0x00,
  0x00, 0x00, 0x00, 0x11, 0x00, 0x0c, 0x00, 0x35, 0x2b, 0x25, 0x00, 0x00,
  0x29, 0x1d, 0x00, 0x00, 0x16, 0x04, 0x00, 0xf8, 0x0e, 0x00, 0x6d, 0x00,
  0xd1, 0x00, 0x00, 0xae, 0x00, 0x00, 0x00, 0x00, 0xea, 0xc3, 0x5f, 0x00,
  0x00, 0x00, 0x00, 0xf1, 0x00, 0xbb, 0x00, 0x22, 0xef, 0x24, 0x00, 0x00,
  0xdf, 0xa5, 0x00, 0x00, 0xaf, 0xc1, 0x00, 0xc5, 0xd6, 0x00, 0x0b, 0x00,
  0xff, 0x00, 0x00, 0xed, 0x00, 0x00, 0x00, 0x00, 0x1a, 0xe8, 0x5b, 0x00,
  0x00, 0x00, 0x00, 0xfa, 0x00, 0xf4, 0x00, 0x08, 0x10, 0x1f, 0x00, 0x00,
  0x33, 0xe8, 0x00, 0x00, 0x09, 0xeb, 0x00, 0xde, 0x04, 0x00, 0x19, 0x00,
  0x32, 0x00, 0x00, 0x19, 0x00, 0x00, 0x00, 0x00, 0x27, 0x41, 0x54, 0x00,
  0x00, 0x00, 0x00, 0xea, 0x00, 0x34, 0x00, 0x29, 0x23, 0x5e, 0x00, 0x00,
  0x6a, 0x22, 0x00, 0x00, 0x14, 0x16, 0x00, 0x2c, 0x32, 0x00, 0x0a, 0x00,
  0xd3, 0x00, 0x00, 0xb5, 0x00, 0x00, 0x00, 0x00, 0x9c, 0xe7, 0x40, 0x00,
  0x00, 0x00, 0x00, 0x15, 0x00, 0xcf, 0x00, 0x32, 0x01, 0x29, 0x00, 0x00,
  0x01, 0xb6, 0x00, 0x00, 0x81, 0xa6, 0x00, 0xe4, 0xd8, 0x00, 0xf8, 0x00,
  0xe7, 0x00, 0x00, 0xfa, 0x00, 0x00, 0x00, 0x00, 0xf7, 0x01, 0x2e, 0x00,
  0x00, 0x00, 0x00, 0x1a, 0x00, 0x01, 0x00, 0x0f, 0x14, 0x24, 0x00, 0x00,
  0x4c, 0xe7, 0x00, 0x00, 0xf2, 0xdd, 0x00, 0xf1, 0xfb, 0x00, 0xe8, 0x00,
  0x28, 0x00, 0x00, 0x26, 0x00, 0x00, 0x00, 0x00, 0x21, 0x4c, 0x4a, 0x00,
  0x00, 0x00, 0x00, 0x0e, 0x00, 0x3b, 0x00, 0x18, 0x1f, 0x63, 0x00, 0x00,
  0x7f, 0x17, 0x00, 0x00, 0x01, 0x17, 0x00, 0x38, 0x2d, 0x00, 0xe3, 0x00,
  0xdc, 0x00, 0x00, 0x17, 0x00, 0x00, 0x00, 0x00, 0x2e, 0x11, 0xe3, 0x00,
  0x00, 0x00, 0x00, 0xfe, 0x00, 0x09, 0x00, 0xef, 0xdc, 0x35, 0x00, 0x00,
  0x07, 0x21, 0x00, 0x00, 0xf8, 0x20, 0x00, 0x21, 0x1a, 0x00, 0xe6, 0x00,
  0xfc, 0x00, 0x00, 0x1c, 0x00, 0x00, 0x00, 0x00, 0x1b, 0x14, 0xe7, 0x00,
  0x00, 0x00, 0x00, 0xf4, 0x00, 0x0f, 0x00, 0x00, 0xea, 0x30, 0x00, 0x00,
  0xf9, 0x31, 0x00, 0x00, 0x13, 0x1b, 0x00, 0x2a, 0x1b, 0x00, 0xd8, 0x00,
  0xe5, 0x00, 0x00, 0x23, 0x00, 0x00, 0x00, 0x00, 0x14, 0x06, 0xed, 0x00,
  0x00, 0x00, 0x00, 0x01, 0x00, 0x0d, 0x00, 0xe3, 0xcd, 0x1b, 0x00, 0x00,
  0xfa, 0x26, 0x00, 0x00, 0x16, 0x18, 0x00, 0x1d, 0x09, 0x00, 0xdc, 0x00,
  0xa3, 0x00, 0x00, 0x01, 0x00, 0x00, 0x00, 0x00, 0x08, 0xf8, 0xc7, 0x00,
  0x00, 0x00, 0x00, 0x1f, 0x00, 0x00, 0x00, 0xf9, 0xe6, 0x0e, 0x00, 0x00,
  0x25, 0xb8, 0x00, 0x00, 0xdf, 0xf5, 0x00, 0xff, 0x01, 0x00, 0x0a, 0x00,
  0xe7, 0x00, 0x00, 0x07, 0x00, 0x00, 0x00, 0x00, 0xff, 0x0b, 0xc8, 0x00,
  0x00, 0x00, 0x00, 0x27, 0x00, 0x02, 0x00, 0x0f, 0x0c, 0x16, 0x00, 0x00,
  0x23, 0xdf, 0x00, 0x00, 0xea, 0x02, 0x00, 0x0e, 0x06, 0x00, 0x05, 0x00,
  0xa2, 0x00, 0x00, 0x02, 0x00, 0x00, 0x00, 0x00, 0x00, 0xf7, 0xd2, 0x00,
  0x00, 0x00, 0x00, 0x1e, 0x00, 0x07, 0x00, 0xdb, 0xe4, 0xfe, 0x00, 0x00,
  0x1f, 0xc4, 0x00, 0x00, 0xf7, 0xfc, 0x00, 0xf8, 0x0c, 0x00, 0xf5, 0x00,
  0x9c, 0x00, 0x00, 0xd8, 0x00, 0x00, 0x00, 0x00, 0x13, 0xe0, 0xda, 0x00,
  0x00, 0x00, 0x00, 0x1b, 0x00, 0xec, 0x00, 0xf0, 0xfa, 0xfe, 0x00, 0x00,
  0x33, 0xa1, 0x00, 0x00, 0xdb, 0xea, 0x00, 0xe7, 0xf2, 0x00, 0x28, 0x00,
  0xd0, 0x00, 0x00, 0xe9, 0x00, 0x00, 0x00, 0x00, 0x15, 0xf1, 0xdf, 0x00,
  0x00, 0x00, 0x00, 0x1b, 0x00, 0xe8, 0x00, 0x07, 0x11, 0xfc, 0x00, 0x00,
  0x27, 0xd3, 0x00, 0x00, 0xdd, 0x06, 0x00, 0xf3, 0xfb, 0x00, 0x20, 0x00,
  0x81, 0x00, 0x00, 0xd5, 0x00, 0x00, 0x00, 0x00, 0x08, 0xd6, 0xd7, 0x00,
  0x00, 0x00, 0x00, 0x21, 0x00, 0xdc, 0x00, 0xc8, 0xd8, 0xe7, 0x00, 0x00,
  0x1b, 0xac, 0x00, 0x00, 0xde, 0xe6, 0x00, 0xd8, 0xeb, 0x00, 0x0f, 0x00,
  0x00, 0x00, 0x00, 0x00, 0x00, 0x00, 0x00, 0x00, 0x00, 0x00, 0x00, 0x00,
  0x00, 0x00, 0x00, 0x00, 0x00, 0x00, 0x00, 0x00, 0x00, 0x00, 0x00, 0x00,
  0x00, 0x00, 0x00, 0x00, 0x00, 0x00, 0x00, 0x00, 0x00, 0x00, 0x00, 0x00,
  0x00, 0x00, 0x00, 0x00, 0x00, 0x00, 0x00, 0x00, 0x00, 0x00, 0x00, 0x00,
  0x00, 0x00, 0x00, 0x00, 0x00, 0x00, 0x00, 0x00, 0x00, 0x00, 0x00, 0x00,
  0x00, 0x00, 0x00, 0x00, 0x00, 0x00, 0x00, 0x00, 0x00, 0x00, 0x00, 0x00,
  0x00, 0x00, 0x00, 0x00, 0x00, 0x00, 0x00, 0x00, 0x00, 0x00, 0x00, 0x00,
  0x00, 0x00, 0x00, 0x00, 0x00, 0x00, 0x00, 0x00, 0x00, 0x00, 0x00, 0x00,
  0x00, 0x00, 0x00, 0x00, 0x00, 0x00, 0x00, 0x00, 0x00, 0x00, 0x00, 0x00,
  0x00, 0x00, 0x00, 0x00, 0x00, 0x00, 0x00, 0x00, 0x00, 0x00, 0x00, 0x00,
  0x00, 0x00, 0x00, 0x00, 0x00, 0x00, 0x00, 0x00, 0x00, 0x00, 0x00, 0x00,
  0x00, 0x00, 0x00, 0x00, 0x00, 0x00, 0x00, 0x00, 0x00, 0x00, 0x00, 0x00,
  0x00, 0x00, 0x00, 0x00, 0x00, 0x00, 0x00, 0x00, 0x00, 0x00, 0x00, 0x00,
  0x00, 0x00, 0x00, 0x00, 0x00, 0x00, 0x00, 0x00, 0x00, 0x00, 0x00, 0x00,
  0x00, 0x00, 0x00, 0x00, 0x00, 0x00, 0x00, 0x00, 0x00, 0x00, 0x00, 0x00,
  0x00, 0x00, 0x00, 0x00, 0x00, 0x00, 0x00, 0x00, 0x00, 0x00, 0x00, 0x00,
  0x00, 0x00, 0x00, 0x00, 0x00, 0x00, 0x00, 0x00, 0x00, 0x00, 0x00, 0x00,
  0x00, 0x00, 0x00, 0x00, 0x00, 0x00, 0x00, 0x00, 0x00, 0x00, 0x00, 0x00,
  0x00, 0x00, 0x00, 0x00, 0x00, 0x00, 0x00, 0x00, 0x00, 0x00, 0x00, 0x00,
  0x00, 0x00, 0x00, 0x00, 0x00, 0x00, 0x00, 0x00, 0x00, 0x00, 0x00, 0x00,
  0x00, 0x00, 0x00, 0x00, 0x00, 0x00, 0x00, 0x00, 0x00, 0x00, 0x00, 0x00,
  0x00, 0x00, 0x00, 0x00, 0x00, 0x00, 0x00, 0x00, 0x00, 0x00, 0x00, 0x00,
  0x00, 0x00, 0x00, 0x00, 0x00, 0x00, 0x00, 0x00, 0x00, 0x00, 0x00, 0x00,
  0x00, 0x00, 0x00, 0x00, 0x00, 0x00, 0x00, 0x00, 0x00, 0x00, 0x00, 0x00,
  0x00, 0x00, 0x00, 0x00, 0x00, 0x00, 0x00, 0x00, 0x00, 0x00, 0x00, 0x00,
  0x00, 0x00, 0x00, 0x00, 0x00, 0x00, 0x00, 0x00, 0x00, 0x00, 0x00, 0x00,
  0x00, 0x00, 0x00, 0x00, 0x00, 0x00, 0x00, 0x00, 0x00, 0x00, 0x00, 0x00,
  0x00, 0x00, 0x00, 0x00, 0x00, 0x00, 0x00, 0x00, 0x00, 0x00, 0x00, 0x00,
  0x00, 0x00, 0x00, 0x00, 0x00, 0x00, 0x00, 0x00, 0x00, 0x00, 0x00, 0x00,
  0x00, 0x00, 0x00, 0x00, 0x00, 0x00, 0x00, 0x00, 0x00, 0x00, 0x00, 0x00,
  0x00, 0x00, 0x00, 0x00, 0x00, 0x00, 0x00, 0x00, 0x00, 0x00, 0x00, 0x00,
  0x00, 0x00, 0x00, 0x00, 0x00, 0x00, 0x00, 0x00, 0x00, 0x00, 0x00, 0x00,
  0x00, 0x00, 0x00, 0x00, 0x00, 0x00, 0x00, 0x00, 0x00, 0x00, 0x00, 0x00,
  0x00, 0x00, 0x00, 0x00, 0x00, 0x00, 0x00, 0x00, 0x00, 0x00, 0x00, 0x00,
  0x00, 0x00, 0x00, 0x00, 0x00, 0x00, 0x00, 0x00, 0x00, 0x00, 0x00, 0x00,
  0x00, 0x00, 0x00, 0x00, 0x00, 0x00, 0x00, 0x00, 0x00, 0x00, 0x00, 0x00,
  0x00, 0x00, 0x00, 0x00, 0x00, 0x00, 0x00, 0x00, 0x00, 0x00, 0x00, 0x00,
  0x00, 0x00, 0x00, 0x00, 0x00, 0x00, 0x00, 0x00, 0x00, 0x00, 0x00, 0x00,
  0x00, 0x00, 0x00, 0x00, 0x00, 0x00, 0x00, 0x00, 0x00, 0x00, 0x00, 0x00,
  0x00, 0x00, 0x00, 0x00, 0x00, 0x00, 0x00, 0x00, 0x00, 0x00, 0x00, 0x00,
  0x00, 0x00, 0x00, 0x00, 0x00, 0x00, 0x00, 0x00, 0x00, 0x00, 0x00, 0x00,
  0x00, 0x00, 0x00, 0x00, 0x00, 0x00, 0x00, 0x00, 0x00, 0x00, 0x00, 0x00,
  0x00, 0x00, 0x00, 0x00, 0x00, 0x00, 0x00, 0x00, 0x00, 0x00, 0x00, 0x00,
  0x00, 0x00, 0x00, 0x00, 0x00, 0x00, 0x00, 0x00, 0x00, 0x00, 0x00, 0x00,
  0x00, 0x00, 0x00, 0x00, 0x00, 0x00, 0x00, 0x00, 0x00, 0x00, 0x00, 0x00,
  0x00, 0x00, 0x00, 0x00, 0x00, 0x00, 0x00, 0x00, 0x00, 0x00, 0x00, 0x00,
  0x00, 0x00, 0x00, 0x00, 0x00, 0x00, 0x00, 0x00, 0x00, 0x00, 0x00, 0x00,
  0x00, 0x00, 0x00, 0x00, 0x00, 0x00, 0x00, 0x00, 0x00, 0x00, 0x00, 0x00,
  0x00, 0x00, 0x00, 0x00, 0x00, 0x00, 0x00, 0x00, 0x00, 0x00, 0x00, 0x00,
  0x00, 0x00, 0x00, 0x00, 0x00, 0x00, 0x00, 0x00, 0x00, 0x00, 0x00, 0x00,
  0x00, 0x00, 0x00, 0x00, 0x00, 0x00, 0x00, 0x00, 0x00, 0x00, 0x00, 0x00,
  0x00, 0x00, 0x00, 0x00, 0x00, 0x00, 0x00, 0x00, 0x00, 0x00, 0x00, 0x00,
  0x00, 0x00, 0x00, 0x00, 0x00, 0x00, 0x00, 0x00, 0x00, 0x00, 0x00, 0x00,
  0x00, 0x00, 0x00, 0x00, 0x00, 0x00, 0x00, 0x00, 0x00, 0x00, 0x00, 0x00,
  0xf3, 0x00, 0x00, 0x15, 0x00, 0x00, 0x00, 0x00, 0x11, 0x37, 0xf8, 0x00,
  0x00, 0x00, 0x00, 0x14, 0x00, 0x23, 0x00, 0x53, 0x7f, 0x2a, 0x00, 0x00,
  0x2d, 0x0b, 0x00, 0x00, 0x05, 0x1c, 0x00, 0x20, 0x1e, 0x00, 0x2e, 0x00,
  0xed, 0x00, 0x00, 0xfc, 0x00, 0x00, 0x00, 0x00, 0xf7, 0x1b, 0x09, 0x00,
  0x00, 0x00, 0x00, 0x06, 0x00, 0x0a, 0x00, 0x0e, 0x11, 0x12, 0x00, 0x00,
  0x06, 0xf0, 0x00, 0x00, 0xf5, 0xfe, 0x00, 0x08, 0xfb, 0x00, 0x29, 0x00,
  0xd2, 0x00, 0x00, 0xea, 0x00, 0x00, 0x00, 0x00, 0xe6, 0xf8, 0xf4, 0x00,
  0x00, 0x00, 0x00, 0xf9, 0x00, 0xed, 0x00, 0x1b, 0x09, 0xf4, 0x00, 0x00,
  0xed, 0xca, 0x00, 0x00, 0xd9, 0xef, 0x00, 0xe9, 0xe6, 0x00, 0x0f, 0x00,
  0xff, 0x00, 0x00, 0x1c, 0x00, 0x00, 0x00, 0x00, 0x1c, 0x30, 0x1f, 0x00,
  0x00, 0x00, 0x00, 0x2e, 0x00, 0x1e, 0x00, 0x5a, 0x77, 0x21, 0x00, 0x00,
  0x1d, 0x2c, 0x00, 0x00, 0x05, 0x21, 0x00, 0x16, 0x13, 0x00, 0x69, 0x00,
  0xfb, 0x00, 0x00, 0xff, 0x00, 0x00, 0x00, 0x00, 0x06, 0x0b, 0x15, 0x00,
  0x00, 0x00, 0x00, 0x1c, 0x00, 0xf8, 0x00, 0x0b, 0x01, 0x06, 0x00, 0x00,
  0xe4, 0x1c, 0x00, 0x00, 0x08, 0x0a, 0x00, 0xf8, 0xf1, 0x00, 0x63, 0x00,
  0xd7, 0x00, 0x00, 0xcf, 0x00, 0x00, 0x00, 0x00, 0xf2, 0xd4, 0x03, 0x00,
  0x00, 0x00, 0x00, 0x0e, 0x00, 0xd0, 0x00, 0x20, 0xfc, 0xe1, 0x00, 0x00,
  0xab, 0xf8, 0x00, 0x00, 0xe4, 0xdc, 0x00, 0xcb, 0xd0, 0x00, 0x5e, 0x00,
  0xf5, 0x00, 0x00, 0x14, 0x00, 0x00, 0x00, 0x00, 0x13, 0x28, 0x3c, 0x00,
  0x00, 0x00, 0x00, 0x1d, 0x00, 0x1b, 0x00, 0x58, 0x64, 0x2b, 0x00, 0x00,
  0x05, 0x28, 0x00, 0x00, 0xe2, 0x0e, 0x00, 0x17, 0x14, 0x00, 0x5f, 0x00,
  0xef, 0x00, 0x00, 0xf0, 0x00, 0x00, 0x00, 0x00, 0xf4, 0x06, 0x15, 0x00,
  0x00, 0x00, 0x00, 0x0f, 0x00, 0xee, 0x00, 0x14, 0xfb, 0x0f, 0x00, 0x00,
  0xd6, 0x1c, 0x00, 0x00, 0xe8, 0xfc, 0x00, 0xfc, 0xf2, 0x00, 0x50, 0x00,
  0xc4, 0x00, 0x00, 0xc4, 0x00, 0x00, 0x00, 0x00, 0xdc, 0xdc, 0x0e, 0x00,
  0x00, 0x00, 0x00, 0x0d, 0x00, 0xd0, 0x00, 0x26, 0xfd, 0xf6, 0x00, 0x00,
  0xab, 0xf5, 0x00, 0x00, 0xb6, 0xd8, 0x00, 0xd2, 0xbc, 0x00, 0x51, 0x00,
  0xd5, 0x00, 0x00, 0x1a, 0x00, 0x00, 0x00, 0x00, 0x1f, 0x0b, 0xf9, 0x00,
  0x00, 0x00, 0x00, 0x12, 0x00, 0x08, 0x00, 0xe6, 0xe5, 0x2d, 0x00, 0x00,
  0xfc, 0x0c, 0x00, 0x00, 0xf8, 0x06, 0x00, 0x1e, 0x04, 0x00, 0x06, 0x00,
  0x03, 0x00, 0x00, 0x12, 0x00, 0x00, 0x00, 0x00, 0x21, 0x0c, 0x01, 0x00,
  0x00, 0x00, 0x00, 0x0a, 0x00, 0x05, 0x00, 0x09, 0x05, 0x2c, 0x00, 0x00,
  0xf3, 0x1f, 0x00, 0x00, 0x02, 0x0f, 0x00, 0x1b, 0x0c, 0x00, 0xf7, 0x00,
  0xd0, 0x00, 0x00, 0x0c, 0x00, 0x00, 0x00, 0x00, 0x13, 0xff, 0xf7, 0x00,
  0x00, 0x00, 0x00, 0x08, 0x00, 0x06, 0x00, 0xd6, 0xcc, 0x21, 0x00, 0x00,
  0xf1, 0x1a, 0x00, 0x00, 0x04, 0x07, 0x00, 0x10, 0xfd, 0x00, 0xec, 0x00,
  0xa7, 0x00, 0x00, 0xef, 0x00, 0x00, 0x00, 0x00, 0x03, 0xf8, 0xd1, 0x00,
  0x00, 0x00, 0x00, 0x24, 0x00, 0xf0, 0x00, 0xf7, 0xfd, 0x0f, 0x00, 0x00,
  0x1c, 0xc5, 0x00, 0x00, 0xdc, 0xf2, 0x00, 0xfb, 0x00, 0x00, 0x08, 0x00,
  0xf1, 0x00, 0x00, 0x03, 0x00, 0x00, 0x00, 0x00, 0x05, 0x06, 0xdc, 0x00,
  0x00, 0x00, 0x00, 0x20, 0x00, 0xfb, 0x00, 0x13, 0x1c, 0x11, 0x00, 0x00,
  0x1d, 0xec, 0x00, 0x00, 0xed, 0xfd, 0x00, 0x10, 0xfc, 0x00, 0xfe, 0x00,
  0xb0, 0x00, 0x00, 0xee, 0x00, 0x00, 0x00, 0x00, 0xfa, 0xf7, 0xd7, 0x00,
  0x00, 0x00, 0x00, 0x1d, 0x00, 0xf8, 0x00, 0xd9, 0xf0, 0x03, 0x00, 0x00,
  0x1b, 0xd3, 0x00, 0x00, 0xed, 0xf8, 0x00, 0xfb, 0x04, 0x00, 0xf6, 0x00,
  0x9e, 0x00, 0x00, 0xde, 0x00, 0x00, 0x00, 0x00, 0x08, 0xd9, 0xe8, 0x00,
  0x00, 0x00, 0x00, 0x1f, 0x00, 0xe8, 0x00, 0xe7, 0x0c, 0xfa, 0x00, 0x00,
  0x1d, 0xbb, 0x00, 0x00, 0xe4, 0xe9, 0x00, 0xe2, 0xde, 0x00, 0x18, 0x00,
  0xf2, 0x00, 0x00, 0xe9, 0x00, 0x00, 0x00, 0x00, 0x09, 0xe6, 0xf4, 0x00,
  0x00, 0x00, 0x00, 0x1e, 0x00, 0xeb, 0x00, 0x09, 0x2d, 0x00, 0x00, 0x00,
  0x0f, 0xf3, 0x00, 0x00, 0xed, 0xf2, 0x00, 0xe9, 0xeb, 0x00, 0x0c, 0x00,
  0x81, 0x00, 0x00, 0xdc, 0x00, 0x00, 0x00, 0x00, 0xfd, 0xd1, 0xec, 0x00,
  0x00, 0x00, 0x00, 0x19, 0x00, 0xe1, 0x00, 0xc1, 0xeb, 0xe8, 0x00, 0x00,
  0x05, 0xc8, 0x00, 0x00, 0xec, 0xd6, 0x00, 0xd9, 0xdd, 0x00, 0x12, 0x00,
  0x00, 0x00, 0x00, 0x00, 0x00, 0x00, 0x00, 0x00, 0x00, 0x00, 0x00, 0x00,
  0x00, 0x00, 0x00, 0x00, 0x00, 0x00, 0x00, 0x00, 0x00, 0x00, 0x00, 0x00,
  0x00, 0x00, 0x00, 0x00, 0x00, 0x00, 0x00, 0x00, 0x00, 0x00, 0x00, 0x00,
  0x00, 0x00, 0x00, 0x00, 0x00, 0x00, 0x00, 0x00, 0x00, 0x00, 0x00, 0x00,
  0x00, 0x00, 0x00, 0x00, 0x00, 0x00, 0x00, 0x00, 0x00, 0x00, 0x00, 0x00,
  0x00, 0x00, 0x00, 0x00, 0x00, 0x00, 0x00, 0x00, 0x00, 0x00, 0x00, 0x00,
  0x00, 0x00, 0x00, 0x00, 0x00, 0x00, 0x00, 0x00, 0x00, 0x00, 0x00, 0x00,
  0x00, 0x00, 0x00, 0x00, 0x00, 0x00, 0x00, 0x00, 0x00, 0x00, 0x00, 0x00,
  0x00, 0x00, 0x00, 0x00, 0x00, 0x00, 0x00, 0x00, 0x00, 0x00, 0x00, 0x00,
  0x00, 0x00, 0x00, 0x00, 0x00, 0x00, 0x00, 0x00, 0x00, 0x00, 0x00, 0x00,
  0x00, 0x00, 0x00, 0x00, 0x00, 0x00, 0x00, 0x00, 0x00, 0x00, 0x00, 0x00,
  0x00, 0x00, 0x00, 0x00, 0x00, 0x00, 0x00, 0x00, 0x00, 0x00, 0x00, 0x00,
  0x00, 0x00, 0x00, 0x00, 0x00, 0x00, 0x00, 0x00, 0x00, 0x00, 0x00, 0x00,
  0x00, 0x00, 0x00, 0x00, 0x00, 0x00, 0x00, 0x00, 0x00, 0x00, 0x00, 0x00,
  0x00, 0x00, 0x00, 0x00, 0x00, 0x00, 0x00, 0x00, 0x00, 0x00, 0x00, 0x00,
  0x00, 0x00, 0x00, 0x00, 0x00, 0x00, 0x00, 0x00, 0x00, 0x00, 0x00, 0x00,
  0x00, 0x00, 0x00, 0x00, 0x00, 0x00, 0x00, 0x00, 0x00, 0x00, 0x00, 0x00,
  0x00, 0x00, 0x00, 0x00, 0x00, 0x00, 0x00, 0x00, 0x00, 0x00, 0x00, 0x00,
  0x00, 0x00, 0x00, 0x00, 0x00, 0x00, 0x00, 0x00, 0x00, 0x00, 0x00, 0x00,
  0x00, 0x00, 0x00, 0x00, 0x00, 0x00, 0x00, 0x00, 0x00, 0x00, 0x00, 0x00,
  0x00, 0x00, 0x00, 0x00, 0x00, 0x00, 0x00, 0x00, 0x00, 0x00, 0x00, 0x00,
  0x00, 0x00, 0x00, 0x00, 0x00, 0x00, 0x00, 0x00, 0x00, 0x00, 0x00, 0x00,
  0x00, 0x00, 0x00, 0x00, 0x00, 0x00, 0x00, 0x00, 0x00, 0x00, 0x00, 0x00,
  0x00, 0x00, 0x00, 0x00, 0x00, 0x00, 0x00, 0x00, 0x00, 0x00, 0x00, 0x00,
  0x00, 0x00, 0x00, 0x00, 0x00, 0x00, 0x00, 0x00, 0x00, 0x00, 0x00, 0x00,
  0x00, 0x00, 0x00, 0x00, 0x00, 0x00, 0x00, 0x00, 0x00, 0x00, 0x00, 0x00,
  0x00, 0x00, 0x00, 0x00, 0x00, 0x00, 0x00, 0x00, 0x00, 0x00, 0x00, 0x00,
  0x00, 0x00, 0x00, 0x00, 0x00, 0x00, 0x00, 0x00, 0x00, 0x00, 0x00, 0x00,
  0x00, 0x00, 0x00, 0x00, 0x00, 0x00, 0x00, 0x00, 0x00, 0x00, 0x00, 0x00,
  0x00, 0x00, 0x00, 0x00, 0x00, 0x00, 0x00, 0x00, 0x00, 0x00, 0x00, 0x00,
  0x00, 0x00, 0x00, 0x00, 0x00, 0x00, 0x00, 0x00, 0x00, 0x00, 0x00, 0x00,
  0x00, 0x00, 0x00, 0x00, 0x00, 0x00, 0x00, 0x00, 0x00, 0x00, 0x00, 0x00,
  0x00, 0x00, 0x00, 0x00, 0x00, 0x00, 0x00, 0x00, 0x00, 0x00, 0x00, 0x00,
  0x00, 0x00, 0x00, 0x00, 0x00, 0x00, 0x00, 0x00, 0x00, 0x00, 0x00, 0x00,
  0x00, 0x00, 0x00, 0x00, 0x00, 0x00, 0x00, 0x00, 0x00, 0x00, 0x00, 0x00,
  0x00, 0x00, 0x00, 0x00, 0x00, 0x00, 0x00, 0x00, 0x00, 0x00, 0x00, 0x00,
  0x00, 0x00, 0x00, 0x00, 0x00, 0x00, 0x00, 0x00, 0x00, 0x00, 0x00, 0x00,
  0x00, 0x00, 0x00, 0x00, 0x00, 0x00, 0x00, 0x00, 0x00, 0x00, 0x00, 0x00,
  0x00, 0x00, 0x00, 0x00, 0x00, 0x00, 0x00, 0x00, 0x00, 0x00, 0x00, 0x00,
  0x00, 0x00, 0x00, 0x00, 0x00, 0x00, 0x00, 0x00, 0x00, 0x00, 0x00, 0x00,
  0x00, 0x00, 0x00, 0x00, 0x00, 0x00, 0x00, 0x00, 0x00, 0x00, 0x00, 0x00,
  0x00, 0x00, 0x00, 0x00, 0x00, 0x00, 0x00, 0x00, 0x00, 0x00, 0x00, 0x00,
  0x00, 0x00, 0x00, 0x00, 0x00, 0x00, 0x00, 0x00, 0x00, 0x00, 0x00, 0x00,
  0x00, 0x00, 0x00, 0x00, 0x00, 0x00, 0x00, 0x00, 0x00, 0x00, 0x00, 0x00,
  0x00, 0x00, 0x00, 0x00, 0x00, 0x00, 0x00, 0x00, 0x00, 0x00, 0x00, 0x00,
  0x00, 0x00, 0x00, 0x00, 0x00, 0x00, 0x00, 0x00, 0x00, 0x00, 0x00, 0x00,
  0x00, 0x00, 0x00, 0x00, 0x00, 0x00, 0x00, 0x00, 0x00, 0x00, 0x00, 0x00,
  0x00, 0x00, 0x00, 0x00, 0x00, 0x00, 0x00, 0x00, 0x00, 0x00, 0x00, 0x00,
  0x00, 0x00, 0x00, 0x00, 0x00, 0x00, 0x00, 0x00, 0x00, 0x00, 0x00, 0x00,
  0x00, 0x00, 0x00, 0x00, 0x00, 0x00, 0x00, 0x00, 0x00, 0x00, 0x00, 0x00,
  0x00, 0x00, 0x00, 0x00, 0x00, 0x00, 0x00, 0x00, 0x00, 0x00, 0x00, 0x00,
  0x00, 0x00, 0x00, 0x00, 0x00, 0x00, 0x00, 0x00, 0x00, 0x00, 0x00, 0x00,
  0x00, 0x00, 0x00, 0x00, 0x00, 0x00, 0x00, 0x00, 0x00, 0x00, 0x00, 0x00,
  0x00, 0x00, 0x00, 0x00, 0x00, 0x00, 0x00, 0x00, 0x00, 0x00, 0x00, 0x00,
  0xef, 0x00, 0x00, 0x19, 0x00, 0x00, 0x00, 0x00, 0x1e, 0x0a, 0xf8, 0x00,
  0x00, 0x00, 0x00, 0x09, 0x00, 0x0d, 0x00, 0xd9, 0xdb, 0x2d, 0x00, 0x00,
  0x06, 0x1c, 0x00, 0x00, 0xfc, 0x19, 0x00, 0x25, 0x15, 0x00, 0xed, 0x00,
  0xf6, 0x00, 0x00, 0x1e, 0x00, 0x00, 0x00, 0x00, 0x29, 0x0b, 0xf1, 0x00,
  0x00, 0x00, 0x00, 0x07, 0x00, 0x0e, 0x00, 0xf5, 0xec, 0x2d, 0x00, 0x00,
  0x00, 0x2b, 0x00, 0x00, 0x0c, 0x11, 0x00, 0x22, 0x1a, 0x00, 0xe3, 0x00,
  0xe4, 0x00, 0x00, 0x1b, 0x00, 0x00, 0x00, 0x00, 0x1d, 0x00, 0xf1, 0x00,
  0x00, 0x00, 0x00, 0x04, 0x00, 0x0c, 0x00, 0xdc, 0xd4, 0x1a, 0x00, 0x00,
  0xff, 0x1f, 0x00, 0x00, 0x12, 0x16, 0x00, 0x14, 0x11, 0x00, 0xee, 0x00,
  0xa4, 0x00, 0x00, 0x03, 0x00, 0x00, 0x00, 0x00, 0x06, 0xf4, 0xc9, 0x00,
  0x00, 0x00, 0x00, 0x22, 0x00, 0xf6, 0x00, 0xf3, 0xf1, 0x0c, 0x00, 0x00,
  0x23, 0xc1, 0x00, 0x00, 0xd9, 0xfd, 0x00, 0xfd, 0xf9, 0x00, 0x06, 0x00,
  0xd1, 0x00, 0x00, 0xf6, 0x00, 0x00, 0x00, 0x00, 0x04, 0x05, 0xd1, 0x00,
  0x00, 0x00, 0x00, 0x1f, 0x00, 0x0d, 0x00, 0xfa, 0x00, 0x13, 0x00, 0x00,
  0x1d, 0xe1, 0x00, 0x00, 0xf8, 0x0c, 0x00, 0x07, 0x0d, 0x00, 0xf4, 0x00,
  0xa6, 0x00, 0x00, 0xf4, 0x00, 0x00, 0x00, 0x00, 0x07, 0xf7, 0xcd, 0x00,
  0x00, 0x00, 0x00, 0x1c, 0x00, 0x03, 0x00, 0xd4, 0xe8, 0x06, 0x00, 0x00,
  0x1e, 0xce, 0x00, 0x00, 0xfe, 0xf0, 0x00, 0xfe, 0x07, 0x00, 0x00, 0x00,
  0x94, 0x00, 0x00, 0xde, 0x00, 0x00, 0x00, 0x00, 0x12, 0xd9, 0xe0, 0x00,
  0x00, 0x00, 0x00, 0x1d, 0x00, 0xeb, 0x00, 0xe0, 0xf9, 0xf8, 0x00, 0x00,
  0x2f, 0xa5, 0x00, 0x00, 0xd0, 0xf8, 0x00, 0xe2, 0xee, 0x00, 0x1a, 0x00,
  0xd0, 0x00, 0x00, 0xe2, 0x00, 0x00, 0x00, 0x00, 0x11, 0xe7, 0xe9, 0x00,
  0x00, 0x00, 0x00, 0x20, 0x00, 0xed, 0x00, 0x00, 0x15, 0x07, 0x00, 0x00,
  0x1d, 0xdc, 0x00, 0x00, 0xe7, 0xff, 0x00, 0xef, 0xf6, 0x00, 0x0d, 0x00,
  0x81, 0x00, 0x00, 0xe7, 0x00, 0x00, 0x00, 0x00, 0x06, 0xd2, 0xdd, 0x00,
  0x00, 0x00, 0x00, 0x1c, 0x00, 0xdb, 0x00, 0xcf, 0xe0, 0xea, 0x00, 0x00,
  0x16, 0xab, 0x00, 0x00, 0xe5, 0xde, 0x00, 0xd5, 0xec, 0x00, 0x1f, 0x00,
  0xbb, 0x00, 0x00, 0x2c, 0x00, 0x00, 0x00, 0x00, 0xef, 0x01, 0xce, 0x00,
  0x00, 0x00, 0x00, 0x31, 0x00, 0xf3, 0x00, 0x36, 0x20, 0xf4, 0x00, 0x00,
  0x14, 0xc9, 0x00, 0x00, 0xd8, 0xe8, 0x00, 0xfe, 0x08, 0x00, 0x39, 0x00,
  0xd1, 0x00, 0x00, 0x2b, 0x00, 0x00, 0x00, 0x00, 0x11, 0x07, 0xe4, 0x00,
  0x00, 0x00, 0x00, 0x2d, 0x00, 0x09, 0x00, 0x2a, 0x23, 0xf6, 0x00, 0x00,
  0x1a, 0xd0, 0x00, 0x00, 0xdb, 0xf1, 0x00, 0x07, 0x29, 0x00, 0x45, 0x00,
  0xc2, 0x00, 0x00, 0x0d, 0x00, 0x00, 0x00, 0x00, 0x01, 0x04, 0xd6, 0x00,
  0x00, 0x00, 0x00, 0x29, 0x00, 0x15, 0x00, 0x2f, 0x20, 0xe9, 0x00, 0x00,
  0x15, 0xc8, 0x00, 0x00, 0xd3, 0x19, 0x00, 0x08, 0xfa, 0x00, 0x40, 0x00,
  0xd2, 0x00, 0x00, 0x0f, 0x00, 0x00, 0x00, 0x00, 0x0f, 0x19, 0x27, 0x00,
  0x00, 0x00, 0x00, 0x34, 0x00, 0x28, 0x00, 0x23, 0x14, 0xf6, 0x00, 0x00,
  0x2c, 0xd2, 0x00, 0x00, 0xde, 0x1b, 0x00, 0x12, 0x24, 0x00, 0x7f, 0x00,
  0xcf, 0x00, 0x00, 0x3c, 0x00, 0x00, 0x00, 0x00, 0x29, 0x19, 0x17, 0x00,
  0x00, 0x00, 0x00, 0x2f, 0x00, 0x1a, 0x00, 0x22, 0x26, 0xf6, 0x00, 0x00,
  0x2a, 0xfa, 0x00, 0x00, 0xe5, 0x04, 0x00, 0x15, 0x0d, 0x00, 0x65, 0x00,
  0xe8, 0x00, 0x00, 0x01, 0x00, 0x00, 0x00, 0x00, 0x1e, 0x12, 0x0b, 0x00,
  0x00, 0x00, 0x00, 0x2f, 0x00, 0x10, 0x00, 0x22, 0x27, 0xfe, 0x00, 0x00,
  0x1e, 0xdd, 0x00, 0x00, 0xd6, 0x26, 0x00, 0x12, 0xfe, 0x00, 0x6f, 0x00,
  0xda, 0x00, 0x00, 0x33, 0x00, 0x00, 0x00, 0x00, 0x12, 0x1a, 0x3d, 0x00,
  0x00, 0x00, 0x00, 0x20, 0x00, 0x32, 0x00, 0x36, 0x33, 0x08, 0x00, 0x00,
  0x1f, 0xfb, 0x00, 0x00, 0xe1, 0x14, 0x00, 0x14, 0x23, 0x00, 0x6a, 0x00,
  0xef, 0x00, 0x00, 0x28, 0x00, 0x00, 0x00, 0x00, 0x21, 0x17, 0x0d, 0x00,
  0x00, 0x00, 0x00, 0x1f, 0x00, 0x23, 0x00, 0x3b, 0x4b, 0x07, 0x00, 0x00,
  0x13, 0xf2, 0x00, 0x00, 0xe0, 0x29, 0x00, 0x18, 0x2c, 0x00, 0x7e, 0x00,
  0xef, 0x00, 0x00, 0x2e, 0x00, 0x00, 0x00, 0x00, 0x25, 0x10, 0x25, 0x00,
  0x00, 0x00, 0x00, 0x1e, 0x00, 0x32, 0x00, 0x42, 0x4e, 0x03, 0x00, 0x00,
  0x02, 0x0d, 0x00, 0x00, 0xd9, 0x3a, 0x00, 0x14, 0x32, 0x00, 0x6d, 0x00,
  0x00, 0x00, 0x00, 0x00, 0x00, 0x00, 0x00, 0x00, 0x00, 0x00, 0x00, 0x00,
  0x00, 0x00, 0x00, 0x00, 0x00, 0x00, 0x00, 0x00, 0x00, 0x00, 0x00, 0x00,
  0x00, 0x00, 0x00, 0x00, 0x00, 0x00, 0x00, 0x00, 0x00, 0x00, 0x00, 0x00,
  0x00, 0x00, 0x00, 0x00, 0x00, 0x00, 0x00, 0x00, 0x00, 0x00, 0x00, 0x00,
  0x00, 0x00, 0x00, 0x00, 0x00, 0x00, 0x00, 0x00, 0x00, 0x00, 0x00, 0x00,
  0x00, 0x00, 0x00, 0x00, 0x00, 0x00, 0x00, 0x00, 0x00, 0x00, 0x00, 0x00,
  0x00, 0x00, 0x00, 0x00, 0x00, 0x00, 0x00, 0x00, 0x00, 0x00, 0x00, 0x00,
  0x00, 0x00, 0x00, 0x00, 0x00, 0x00, 0x00, 0x00, 0x00, 0x00, 0x00, 0x00,
  0x00, 0x00, 0x00, 0x00, 0x00, 0x00, 0x00, 0x00, 0x00, 0x00, 0x00, 0x00,
  0x00, 0x00, 0x00, 0x00, 0x00, 0x00, 0x00, 0x00, 0x00, 0x00, 0x00, 0x00,
  0x00, 0x00, 0x00, 0x00, 0x00, 0x00, 0x00, 0x00, 0x00, 0x00, 0x00, 0x00,
  0x00, 0x00, 0x00, 0x00, 0x00, 0x00, 0x00, 0x00, 0x00, 0x00, 0x00, 0x00,
  0x00, 0x00, 0x00, 0x00, 0x00, 0x00, 0x00, 0x00, 0x00, 0x00, 0x00, 0x00,
  0x00, 0x00, 0x00, 0x00, 0x00, 0x00, 0x00, 0x00, 0x00, 0x00, 0x00, 0x00,
  0x00, 0x00, 0x00, 0x00, 0x00, 0x00, 0x00, 0x00, 0x00, 0x00, 0x00, 0x00,
  0x00, 0x00, 0x00, 0x00, 0x00, 0x00, 0x00, 0x00, 0x00, 0x00, 0x00, 0x00,
  0x00, 0x00, 0x00, 0x00, 0x00, 0x00, 0x00, 0x00, 0x00, 0x00, 0x00, 0x00,
  0x00, 0x00, 0x00, 0x00, 0x00, 0x00, 0x00, 0x00, 0x00, 0x00, 0x00, 0x00,
  0x00, 0x00, 0x00, 0x00, 0x00, 0x00, 0x00, 0x00, 0x00, 0x00, 0x00, 0x00,
  0x00, 0x00, 0x00, 0x00, 0x00, 0x00, 0x00, 0x00, 0x00, 0x00, 0x00, 0x00,
  0x00, 0x00, 0x00, 0x00, 0x00, 0x00, 0x00, 0x00, 0x00, 0x00, 0x00, 0x00,
  0x00, 0x00, 0x00, 0x00, 0x00, 0x00, 0x00, 0x00, 0x00, 0x00, 0x00, 0x00,
  0x00, 0x00, 0x00, 0x00, 0x00, 0x00, 0x00, 0x00, 0x00, 0x00, 0x00, 0x00,
  0x00, 0x00, 0x00, 0x00, 0x00, 0x00, 0x00, 0x00, 0x00, 0x00, 0x00, 0x00,
  0x00, 0x00, 0x00, 0x00, 0x00, 0x00, 0x00, 0x00, 0x00, 0x00, 0x00, 0x00,
  0x00, 0x00, 0x00, 0x00, 0x00, 0x00, 0x00, 0x00, 0x00, 0x00, 0x00, 0x00,
  0x00, 0x00, 0x00, 0x00, 0x00, 0x00, 0x00, 0x00, 0x00, 0x00, 0x00, 0x00,
  0x68, 0x00, 0x00, 0xf0, 0x00, 0x00, 0x00, 0x00, 0x02, 0xd2, 0x06, 0x00,
  0x00, 0x00, 0x00, 0x02, 0x00, 0xda, 0x00, 0xee, 0xe1, 0xc8, 0x00, 0x00,
  0xb1, 0x3d, 0x00, 0x00, 0x7f, 0xec, 0x00, 0xe8, 0xff, 0x00, 0x09, 0x00,
  0x25, 0x00, 0x00, 0xf3, 0x00, 0x00, 0x00, 0x00, 0x00, 0xd1, 0x0b, 0x00,
  0x00, 0x00, 0x00, 0x08, 0x00, 0xd0, 0x00, 0xcf, 0xc8, 0xc5, 0x00, 0x00,
  0xb7, 0x1a, 0x00, 0x00, 0x53, 0xee, 0x00, 0xe0, 0x01, 0x00, 0xff, 0x00,
  0x26, 0x00, 0x00, 0xfa, 0x00, 0x00, 0x00, 0x00, 0x0b, 0xcd, 0x19, 0x00,
  0x00, 0x00, 0x00, 0x16, 0x00, 0xda, 0x00, 0xdd, 0xd5, 0xc7, 0x00, 0x00,
  0xb5, 0x27, 0x00, 0x00, 0x4e, 0xef, 0x00, 0xdc, 0x07, 0x00, 0x0c, 0x00,
  0x54, 0x00, 0x00, 0x07, 0x00, 0x00, 0x00, 0x00, 0x0f, 0xe9, 0x01, 0x00,
  0x00, 0x00, 0x00, 0xe8, 0x00, 0xf1, 0x00, 0xee, 0xe2, 0xe3, 0x00, 0x00,
  0xee, 0x31, 0x00, 0x00, 0x7a, 0x02, 0x00, 0xf8, 0x01, 0x00, 0xb2, 0x00,
  0x19, 0x00, 0x00, 0xfd, 0x00, 0x00, 0x00, 0x00, 0x0c, 0xdd, 0x0d, 0x00,
  0x00, 0x00, 0x00, 0xea, 0x00, 0xe5, 0x00, 0xcb, 0xb9, 0xdb, 0x00, 0x00,
  0xe0, 0x1a, 0x00, 0x00, 0x3f, 0xf7, 0x00, 0xeb, 0x03, 0x00, 0xc9, 0x00,
  0x2e, 0x00, 0x00, 0x0a, 0x00, 0x00, 0x00, 0x00, 0x19, 0xd9, 0x18, 0x00,
  0x00, 0x00, 0x00, 0xf9, 0x00, 0xe8, 0x00, 0xdf, 0xdd, 0xdb, 0x00, 0x00,
  0xdc, 0x23, 0x00, 0x00, 0x5f, 0x07, 0x00, 0xf2, 0x11, 0x00, 0xd5, 0x00,
  0x50, 0x00, 0x00, 0x01, 0x00, 0x00, 0x00, 0x00, 0x32, 0xec, 0xef, 0x00,
  0x00, 0x00, 0x00, 0x3a, 0x00, 0xfd, 0x00, 0xee, 0xe4, 0xe7, 0x00, 0x00,
  0xf1, 0x25, 0x00, 0x00, 0x64, 0x14, 0x00, 0xf3, 0x09, 0x00, 0x4f, 0x00,
  0x20, 0x00, 0x00, 0xf3, 0x00, 0x00, 0x00, 0x00, 0x2f, 0xe0, 0xe4, 0x00,
  0x00, 0x00, 0x00, 0x3f, 0x00, 0xef, 0x00, 0xd6, 0xbb, 0xdf, 0x00, 0x00,
  0xe7, 0x0c, 0x00, 0x00, 0x41, 0x03, 0x00, 0xe9, 0x03, 0x00, 0x45, 0x00,
  0x1c, 0x00, 0x00, 0xfa, 0x00, 0x00, 0x00, 0x00, 0x39, 0xdb, 0xed, 0x00,
  0x00, 0x00, 0x00, 0x4d, 0x00, 0xec, 0x00, 0xef, 0xe9, 0xde, 0x00, 0x00,
  0xf0, 0x18, 0x00, 0x00, 0x5a, 0x12, 0x00, 0xea, 0x06, 0x00, 0x43, 0x00,
  0x00, 0x00, 0x00, 0x00, 0x00, 0x00, 0x00, 0x00, 0x00, 0x00, 0x00, 0x00,
  0x00, 0x00, 0x00, 0x00, 0x00, 0x00, 0x00, 0x00, 0x00, 0x00, 0x00, 0x00,
  0x00, 0x00, 0x00, 0x00, 0x00, 0x00, 0x00, 0x00, 0x00, 0x00, 0x00, 0x00,
  0x00, 0x00, 0x00, 0x00, 0x00, 0x00, 0x00, 0x00, 0x00, 0x00, 0x00, 0x00,
  0x00, 0x00, 0x00, 0x00, 0x00, 0x00, 0x00, 0x00, 0x00, 0x00, 0x00, 0x00,
  0x00, 0x00, 0x00, 0x00, 0x00, 0x00, 0x00, 0x00, 0x00, 0x00, 0x00, 0x00,
  0x00, 0x00, 0x00, 0x00, 0x00, 0x00, 0x00, 0x00, 0x00, 0x00, 0x00, 0x00,
  0x00, 0x00, 0x00, 0x00, 0x00, 0x00, 0x00, 0x00, 0x00, 0x00, 0x00, 0x00,
  0x00, 0x00, 0x00, 0x00, 0x00, 0x00, 0x00, 0x00, 0x00, 0x00, 0x00, 0x00,
  0x00, 0x00, 0x00, 0x00, 0x00, 0x00, 0x00, 0x00, 0x00, 0x00, 0x00, 0x00,
  0x00, 0x00, 0x00, 0x00, 0x00, 0x00, 0x00, 0x00, 0x00, 0x00, 0x00, 0x00,
  0x00, 0x00, 0x00, 0x00, 0x00, 0x00, 0x00, 0x00, 0x00, 0x00, 0x00, 0x00,
  0x00, 0x00, 0x00, 0x00, 0x00, 0x00, 0x00, 0x00, 0x00, 0x00, 0x00, 0x00,
  0x00, 0x00, 0x00, 0x00, 0x00, 0x00, 0x00, 0x00, 0x00, 0x00, 0x00, 0x00,
  0x00, 0x00, 0x00, 0x00, 0x00, 0x00, 0x00, 0x00, 0x00, 0x00, 0x00, 0x00,
  0x00, 0x00, 0x00, 0x00, 0x00, 0x00, 0x00, 0x00, 0x00, 0x00, 0x00, 0x00,
  0x00, 0x00, 0x00, 0x00, 0x00, 0x00, 0x00, 0x00, 0x00, 0x00, 0x00, 0x00,
  0x00, 0x00, 0x00, 0x00, 0x00, 0x00, 0x00, 0x00, 0x00, 0x00, 0x00, 0x00,
  0x00, 0x00, 0x00, 0x00, 0x00, 0x00, 0x00, 0x00, 0x00, 0x00, 0x00, 0x00,
  0x00, 0x00, 0x00, 0x00, 0x00, 0x00, 0x00, 0x00, 0x00, 0x00, 0x00, 0x00,
  0x00, 0x00, 0x00, 0x00, 0x00, 0x00, 0x00, 0x00, 0x00, 0x00, 0x00, 0x00,
  0x00, 0x00, 0x00, 0x00, 0x00, 0x00, 0x00, 0x00, 0x00, 0x00, 0x00, 0x00,
  0x00, 0x00, 0x00, 0x00, 0x00, 0x00, 0x00, 0x00, 0x00, 0x00, 0x00, 0x00,
  0x00, 0x00, 0x00, 0x00, 0x00, 0x00, 0x00, 0x00, 0x00, 0x00, 0x00, 0x00,
  0x00, 0x00, 0x00, 0x00, 0x00, 0x00, 0x00, 0x00, 0x00, 0x00, 0x00, 0x00,
  0x00, 0x00, 0x00, 0x00, 0x00, 0x00, 0x00, 0x00, 0x00, 0x00, 0x00, 0x00,
  0x00, 0x00, 0x00, 0x00, 0x00, 0x00, 0x00, 0x00, 0x00, 0x00, 0x00, 0x00,
  0x00, 0x00, 0x00, 0x00, 0x00, 0x00, 0x00, 0x00, 0x00, 0x00, 0x00, 0x00,
  0x00, 0x00, 0x00, 0x00, 0x00, 0x00, 0x00, 0x00, 0x00, 0x00, 0x00, 0x00,
  0x00, 0x00, 0x00, 0x00, 0x00, 0x00, 0x00, 0x00, 0x00, 0x00, 0x00, 0x00,
  0x00, 0x00, 0x00, 0x00, 0x00, 0x00, 0x00, 0x00, 0x00, 0x00, 0x00, 0x00,
  0x00, 0x00, 0x00, 0x00, 0x00, 0x00, 0x00, 0x00, 0x00, 0x00, 0x00, 0x00,
  0x00, 0x00, 0x00, 0x00, 0x00, 0x00, 0x00, 0x00, 0x00, 0x00, 0x00, 0x00,
  0x00, 0x00, 0x00, 0x00, 0x00, 0x00, 0x00, 0x00, 0x00, 0x00, 0x00, 0x00,
  0x00, 0x00, 0x00, 0x00, 0x00, 0x00, 0x00, 0x00, 0x00, 0x00, 0x00, 0x00,
  0x00, 0x00, 0x00, 0x00, 0x00, 0x00, 0x00, 0x00, 0x00, 0x00, 0x00, 0x00,
  0x00, 0x00, 0x00, 0x00, 0x00, 0x00, 0x00, 0x00, 0x00, 0x00, 0x00, 0x00,
  0x00, 0x00, 0x00, 0x00, 0x00, 0x00, 0x00, 0x00, 0x00, 0x00, 0x00, 0x00,
  0x00, 0x00, 0x00, 0x00, 0x00, 0x00, 0x00, 0x00, 0x00, 0x00, 0x00, 0x00,
  0x00, 0x00, 0x00, 0x00, 0x00, 0x00, 0x00, 0x00, 0x00, 0x00, 0x00, 0x00,
  0x00, 0x00, 0x00, 0x00, 0x00, 0x00, 0x00, 0x00, 0x00, 0x00, 0x00, 0x00,
  0x00, 0x00, 0x00, 0x00, 0x00, 0x00, 0x00, 0x00, 0x00, 0x00, 0x00, 0x00,
  0x00, 0x00, 0x00, 0x00, 0x00, 0x00, 0x00, 0x00, 0x00, 0x00, 0x00, 0x00,
  0x00, 0x00, 0x00, 0x00, 0x00, 0x00, 0x00, 0x00, 0x00, 0x00, 0x00, 0x00,
  0x00, 0x00, 0x00, 0x00, 0x00, 0x00, 0x00, 0x00, 0x00, 0x00, 0x00, 0x00,
  0x00, 0x00, 0x00, 0x00, 0x00, 0x00, 0x00, 0x00, 0x00, 0x00, 0x00, 0x00,
  0x00, 0x00, 0x00, 0x00, 0x00, 0x00, 0x00, 0x00, 0x00, 0x00, 0x00, 0x00,
  0x00, 0x00, 0x00, 0x00, 0x00, 0x00, 0x00, 0x00, 0x00, 0x00, 0x00, 0x00,
  0x00, 0x00, 0x00, 0x00, 0x00, 0x00, 0x00, 0x00, 0x00, 0x00, 0x00, 0x00,
  0x00, 0x00, 0x00, 0x00, 0x00, 0x00, 0x00, 0x00, 0x00, 0x00, 0x00, 0x00,
  0x00, 0x00, 0x00, 0x00, 0x00, 0x00, 0x00, 0x00, 0x00, 0x00, 0x00, 0x00,
  0x00, 0x00, 0x00, 0x00, 0x00, 0x00, 0x00, 0x00, 0x00, 0x00, 0x00, 0x00,
  0x00, 0x00, 0x00, 0x00, 0x00, 0x00, 0x00, 0x00, 0x00, 0x00, 0x00, 0x00,
  0x00, 0x00, 0x00, 0x00, 0x00, 0x00, 0x00, 0x00, 0x00, 0x00, 0x00, 0x00,
  0x8a, 0xf7, 0xff, 0xff, 0x04, 0x00, 0x00, 0x00, 0xc0, 0x00, 0x00, 0x00,
  0x70, 0x4a, 0xeb, 0xf4, 0x57, 0xf9, 0xff, 0xff, 0x19, 0xfc, 0xff, 0xff,
  0xa0, 0xde, 0xdb, 0xf6, 0x3f, 0xed, 0xff, 0xff, 0x95, 0xfd, 0xff, 0xff,
  0x22, 0xff, 0xff, 0xff, 0x8b, 0x06, 0x00, 0x00, 0x40, 0xb8, 0x46, 0xea,
  0x63, 0xfe, 0xff, 0xff, 0xd0, 0x38, 0xa7, 0xf7, 0x42, 0xfe, 0xff, 0xff,
  0x60, 0x0c, 0xf4, 0xe3, 0x44, 0xfc, 0xff, 0xff, 0xd1, 0xf8, 0xff, 0xff,
  0x3f, 0xff, 0xff, 0xff, 0xa8, 0x5c, 0x31, 0xfa, 0xc0, 0xfe, 0xff, 0xff,
  0x63, 0xfb, 0xff, 0xff, 0x18, 0x03, 0x00, 0x00, 0x18, 0xfc, 0xff, 0xff,
  0xc0, 0x09, 0x00, 0x00, 0x15, 0x00, 0x00, 0x00, 0x77, 0xf8, 0xff, 0xff,
  0x9f, 0xfe, 0xff, 0xff, 0xc6, 0x09, 0x00, 0x00, 0x00, 0xfb, 0xde, 0xd5,
  0x60, 0x19, 0xd5, 0xeb, 0x9c, 0x00, 0x00, 0x00, 0x81, 0x0b, 0x00, 0x00,
  0x85, 0xf7, 0xff, 0xff, 0x60, 0x8f, 0x23, 0xf4, 0x08, 0xfe, 0xff, 0xff,
  0x2a, 0xfe, 0xff, 0xff, 0x4f, 0x05, 0x00, 0x00, 0xec, 0x09, 0x00, 0x00,
  0x50, 0x7f, 0x28, 0xf0, 0xe0, 0xfa, 0x8d, 0xf2, 0xb2, 0xfb, 0xff, 0xff,
  0x11, 0x0b, 0x00, 0x00, 0xe0, 0xcf, 0x78, 0xe2, 0xa0, 0xf0, 0x5d, 0xf5,
  0x80, 0x09, 0x00, 0x00, 0x99, 0xfc, 0xff, 0xff, 0x78, 0x17, 0x3b, 0xfa,
  0x6b, 0xfc, 0xff, 0xff, 0xe0, 0x28, 0x19, 0xf3, 0xb0, 0xaa, 0x61, 0xf8,
  0x56, 0xf8, 0xff, 0xff, 0x04, 0x00, 0x00, 0x00, 0xc0, 0x06, 0x00, 0x00,
  0x00, 0x00, 0x00, 0x00, 0x00, 0x00, 0x00, 0x00, 0x00, 0x00, 0x00, 0x00,
  0x00, 0x00, 0x00, 0x00, 0x00, 0x00, 0x00, 0x00, 0x00, 0x00, 0x00, 0x00,
  0x00, 0x00, 0x00, 0x00, 0x00, 0x00, 0x00, 0x00, 0x00, 0x00, 0x00, 0x00,
  0x00, 0x00, 0x00, 0x00, 0x00, 0x00, 0x00, 0x00, 0x00, 0x00, 0x00, 0x00,
  0x00, 0x00, 0x00, 0x00, 0x00, 0x00, 0x00, 0x00, 0x00, 0x00, 0x00, 0x00,
  0x00, 0x00, 0x00, 0x00, 0x00, 0x00, 0x00, 0x00, 0x00, 0x00, 0x00, 0x00,
  0x00, 0x00, 0x00, 0x00, 0x00, 0x00, 0x00, 0x00, 0x00, 0x00, 0x00, 0x00,
  0x00, 0x00, 0x00, 0x00, 0x00, 0x00, 0x00, 0x00, 0x00, 0x00, 0x00, 0x00,
  0x00, 0x00, 0x00, 0x00, 0x00, 0x00, 0x00, 0x00, 0x00, 0x00, 0x00, 0x00,
  0x00, 0x00, 0x00, 0x00, 0x00, 0x00, 0x00, 0x00, 0x00, 0x00, 0x00, 0x00,
  0x00, 0x00, 0x00, 0x00, 0x00, 0x00, 0x00, 0x00, 0x00, 0x00, 0x00, 0x00,
  0x00, 0x00, 0x00, 0x00, 0x00, 0x00, 0x00, 0x00, 0x00, 0x00, 0x00, 0x00,
  0x00, 0x38, 0x2a, 0x00, 0x32, 0x23, 0x0f, 0x14, 0x00, 0x5e, 0x00, 0xfe,
  0x00, 0x26, 0x33, 0x51, 0x00, 0x21, 0x27, 0x08, 0x1c, 0xa1, 0x30, 0x50,
  0xe1, 0xc0, 0x00, 0x00, 0x61, 0xb8, 0x2d, 0x00, 0x18, 0x06, 0x45, 0xb3,
  0x00, 0x00, 0x3b, 0xa5, 0x00, 0x00, 0x81, 0x00, 0x00, 0xfe, 0x00, 0x00,
  0x00, 0x11, 0xe8, 0x00, 0xdb, 0xf1, 0xdd, 0x81, 0x00, 0xd8, 0x00, 0xc6,
  0x00, 0xef, 0xdc, 0xfe, 0x00, 0xe9, 0xde, 0xb7, 0xeb, 0x4b, 0xf9, 0xca,
  0xc1, 0x72, 0x00, 0x00, 0xc1, 0x02, 0xfd, 0x00, 0xef, 0xd2, 0x8f, 0x6e,
  0x00, 0x00, 0xe9, 0x58, 0x00, 0x00, 0x59, 0xf3, 0x00, 0x5d, 0x00, 0x00,
  0x00, 0x00, 0x00, 0x00, 0x00, 0x00, 0x00, 0x00, 0x00, 0x00, 0x00, 0x00,
  0x00, 0x00, 0x00, 0x00, 0x00, 0x00, 0x00, 0x00, 0x00, 0x00, 0x00, 0x00,
  0x00, 0x00, 0x00, 0x00, 0x00, 0x00, 0x00, 0x00, 0x00, 0x00, 0x00, 0x00,
  0x00, 0x00, 0x00, 0x00, 0x00, 0x00, 0x00, 0x00, 0x00, 0x00, 0x00, 0x00,
  0x00, 0xfa, 0xdc, 0x00, 0xad, 0x13, 0xb0, 0x84, 0x00, 0xad, 0x00, 0x2f,
  0x00, 0xb0, 0x1e, 0xf0, 0x00, 0xe9, 0x22, 0xe9, 0xd3, 0x7f, 0x44, 0xba,
  0xf0, 0x7b, 0x00, 0x00, 0xb9, 0x17, 0x0a, 0x00, 0xb6, 0xca, 0x92, 0x5e,
  0x00, 0x00, 0xdc, 0xff, 0x00, 0x00, 0x5f, 0xc2, 0x00, 0x61, 0x00, 0x00,
  0x00, 0x00, 0x00, 0x00, 0x00, 0x00, 0x00, 0x00, 0x00, 0x00, 0x00, 0x00,
  0x00, 0x00, 0x00, 0x00, 0x00, 0x00, 0x00, 0x00, 0x00, 0x00, 0x00, 0x00,
  0x00, 0x00, 0x00, 0x00, 0x00, 0x00, 0x00, 0x00, 0x00, 0x00, 0x00, 0x00,
  0x00, 0x00, 0x00, 0x00, 0x00, 0x00, 0x00, 0x00, 0x00, 0x00, 0x00, 0x00,
  0x00, 0x00, 0x00, 0x00, 0x00, 0x00, 0x00, 0x00, 0x00, 0x00, 0x00, 0x00,
  0x00, 0x00, 0x00, 0x00, 0x00, 0x00, 0x00, 0x00, 0x00, 0x00, 0x00, 0x00,
  0x00, 0x00, 0x00, 0x00, 0x00, 0x00, 0x00, 0x00, 0x00, 0x00, 0x00, 0x00,
  0x00, 0x00, 0x00, 0x00, 0x00, 0x00, 0x00, 0x00, 0x00, 0x00, 0x00, 0x00,
  0x00, 0x0b, 0xfa, 0x00, 0xdc, 0xd4, 0xdc, 0x81, 0x00, 0x03, 0x00, 0xf1,
  0x00, 0xea, 0xc8, 0x11, 0x00, 0xf0, 0x15, 0xac, 0xfa, 0x4f, 0x21, 0xb4,
  0xc7, 0x3f, 0x00, 0x00, 0xa8, 0x1a, 0x0b, 0x00, 0xf3, 0xf7, 0x9d, 0x72,
  0x00, 0x00, 0xf3, 0x2b, 0x00, 0x00, 0x56, 0xe9, 0x00, 0x4a, 0x00, 0x00,
  0x00, 0x04, 0x1e, 0x00, 0xf9, 0x01, 0xbc, 0x8e, 0x00, 0xed, 0x00, 0xf2,
  0x00, 0xd3, 0xfa, 0x12, 0x00, 0xc1, 0xfb, 0xc6, 0xd2, 0x78, 0x3e, 0xc5,
  0xdd, 0x58, 0x00, 0x00, 0xb6, 0x0c, 0x0c, 0x00, 0xdf, 0xcc, 0x81, 0x6a,
  0x00, 0x00, 0xfc, 0x18, 0x00, 0x00, 0x41, 0xec, 0x00, 0x3e, 0x00, 0x00,
  0x00, 0x30, 0x34, 0x00, 0x4d, 0xf3, 0x2b, 0x34, 0x00, 0x6c, 0x00, 0xf7,
  0x00, 0x13, 0x42, 0x1e, 0x00, 0x00, 0x0f, 0x20, 0x21, 0xb0, 0x3f, 0x5c,
  0x0c, 0xad, 0x00, 0x00, 0x47, 0x89, 0x33, 0x00, 0x2b, 0x32, 0x45, 0x81,
  0x00, 0x00, 0x52, 0x93, 0x00, 0x00, 0x83, 0x17, 0x00, 0x03, 0x00, 0x00,
  0x00, 0x11, 0x13, 0x00, 0xea, 0xfe, 0xde, 0x81, 0x00, 0xff, 0x00, 0xce,
  0x00, 0xea, 0xfa, 0x0f, 0x00, 0xd4, 0x20, 0xcd, 0x04, 0x5b, 0x02, 0xad,
  0xcb, 0x58, 0x00, 0x00, 0xe9, 0x0f, 0x08, 0x00, 0xf2, 0xed, 0xa9, 0x30,
  0x00, 0x00, 0xdb, 0x40, 0x00, 0x00, 0x39, 0xca, 0x00, 0x4e, 0x00, 0x00,
  0x00, 0x00, 0xfd, 0x00, 0x00, 0x7f, 0xff, 0x00, 0x00, 0x00, 0x00, 0xf0,
  0x00, 0xf9, 0x00, 0x00, 0x00, 0xff, 0x00, 0xef, 0x00, 0xff, 0x00, 0x00,
  0x00, 0xff, 0x00, 0x00, 0x00, 0x00, 0x00, 0x00, 0x00, 0xf3, 0x00, 0xff,
  0x00, 0x00, 0x00, 0x00, 0x00, 0x00, 0x00, 0xfe, 0x00, 0xf2, 0x00, 0x00,
  0x00, 0xe9, 0xb1, 0x00, 0x0c, 0xc8, 0xd3, 0x20, 0x00, 0xcd, 0x00, 0x36,
  0x00, 0xf9, 0xf5, 0x02, 0x00, 0xec, 0xbd, 0x3e, 0x1c, 0x99, 0x52, 0x12,
  0xf8, 0x81, 0x00, 0x00, 0xcb, 0xa4, 0xd8, 0x00, 0x0f, 0xdd, 0xfa, 0xaf,
  0x00, 0x00, 0xf4, 0xb2, 0x00, 0x00, 0xc2, 0xe0, 0x00, 0x44, 0x00, 0x00,
  0x00, 0x12, 0x06, 0x00, 0x31, 0x1e, 0x2f, 0x58, 0x00, 0x32, 0x00, 0x2c,
  0x00, 0xf9, 0x46, 0x27, 0x00, 0x0f, 0xf9, 0x30, 0x35, 0xaf, 0x4f, 0x14,
  0x30, 0xb5, 0x00, 0x00, 0x75, 0xce, 0x37, 0x00, 0x21, 0x14, 0x54, 0x99,
  0x00, 0x00, 0x56, 0x81, 0x00, 0x00, 0xa7, 0x26, 0x00, 0xdd, 0x00, 0x00,
  0x00, 0xdf, 0xf8, 0x00, 0xf8, 0x12, 0x01, 0x25, 0x00, 0xe2, 0x00, 0xf4,
  0x00, 0xfb, 0xe2, 0xd7, 0x00, 0xf7, 0xf6, 0xfe, 0xfb, 0x16, 0xb7, 0xf3,
  0x17, 0x17, 0x00, 0x00, 0xf4, 0x1c, 0xd7, 0x00, 0x01, 0xf2, 0x11, 0x21,
  0x00, 0x00, 0xec, 0x41, 0x00, 0x00, 0x3e, 0x02, 0x00, 0x81, 0x00, 0x00,
  0x00, 0x02, 0xea, 0x00, 0xfb, 0xb6, 0xca, 0x81, 0x00, 0xee, 0x00, 0xee,
  0x00, 0xe5, 0xfc, 0x1a, 0x00, 0xfa, 0xf4, 0x11, 0xed, 0x49, 0x2e, 0xd5,
  0xb1, 0x5d, 0x00, 0x00, 0x9a, 0x46, 0x05, 0x00, 0xb9, 0xfd, 0xad, 0x0b,
  0x00, 0x00, 0xe9, 0x5c, 0x00, 0x00, 0x29, 0xde, 0x00, 0x6b, 0x00, 0x00,
  0x00, 0x00, 0x00, 0x00, 0x00, 0x00, 0x00, 0x00, 0x00, 0x00, 0x00, 0x00,
  0x00, 0x00, 0x00, 0x00, 0x00, 0x00, 0x00, 0x00, 0x00, 0x00, 0x00, 0x00,
  0x00, 0x00, 0x00, 0x00, 0x00, 0x00, 0x00, 0x00, 0x00, 0x00, 0x00, 0x00,
  0x00, 0x00, 0x00, 0x00, 0x00, 0x00, 0x00, 0x00, 0x00, 0x00, 0x00, 0x00,
  0x00, 0x00, 0x00, 0x00, 0x00, 0x00, 0x00, 0x00, 0x00, 0x00, 0x00, 0x00,
  0x00, 0x00, 0x00, 0x00, 0x00, 0x00, 0x00, 0x00, 0x00, 0x00, 0x00, 0x00,
  0x00, 0x00, 0x00, 0x00, 0x00, 0x00, 0x00, 0x00, 0x00, 0x00, 0x00, 0x00,
  0x00, 0x00, 0x00, 0x00, 0x00, 0x00, 0x00, 0x00, 0x00, 0x00, 0x00, 0x00,
  0x00, 0x00, 0x00, 0x00, 0x00, 0x00, 0x00, 0x00, 0x00, 0x00, 0x00, 0x00,
  0x00, 0x00, 0x00, 0x00, 0x00, 0x00, 0x00, 0x00, 0x00, 0x00, 0x00, 0x00,
  0x00, 0x00, 0x00, 0x00, 0x00, 0x00, 0x00, 0x00, 0x00, 0x00, 0x00, 0x00,
  0x00, 0x00, 0x00, 0x00, 0x00, 0x00, 0x00, 0x00, 0x00, 0x00, 0x00, 0x00,
  0x00, 0x63, 0x24, 0x00, 0x51, 0xed, 0x34, 0x1f, 0x00, 0x39, 0x00, 0x0d,
  0x00, 0x19, 0x68, 0x28, 0x00, 0x04, 0x23, 0xf8, 0x40, 0x94, 0x26, 0x48,
  0x4a, 0xa1, 0x00, 0x00, 0x37, 0x89, 0x61, 0x00, 0x2c, 0x1a, 0x29, 0x81,
  0x00, 0x00, 0x3b, 0x9e, 0x00, 0x00, 0x94, 0x24, 0x00, 0x2a, 0x00, 0x00,
  0x00, 0x00, 0x00, 0x00, 0x00, 0x00, 0x00, 0x00, 0x00, 0x00, 0x00, 0x00,
  0x00, 0x00, 0x00, 0x00, 0x00, 0x00, 0x00, 0x00, 0x00, 0x00, 0x00, 0x00,
  0x00, 0x00, 0x00, 0x00, 0x00, 0x00, 0x00, 0x00, 0x00, 0x00, 0x00, 0x00,
  0x00, 0x00, 0x00, 0x00, 0x00, 0x00, 0x00, 0x00, 0x00, 0x00, 0x00, 0x00,
  0x00, 0x31, 0x20, 0x00, 0x2c, 0xfd, 0x21, 0x2f, 0x00, 0x4b, 0x00, 0x04,
  0x00, 0x12, 0x3a, 0x2e, 0x00, 0x15, 0x11, 0xff, 0x05, 0x95, 0x0a, 0x4e,
  0x13, 0x9d, 0x00, 0x00, 0x53, 0xb6, 0x44, 0x00, 0x09, 0x1e, 0x31, 0xc9,
  0x00, 0x00, 0x49, 0x81, 0x00, 0x00, 0xd3, 0x0f, 0x00, 0x07, 0x00, 0x00,
  0x00, 0x2b, 0x38, 0x00, 0x45, 0x29, 0x0d, 0x24, 0x00, 0x22, 0x00, 0x0d,
  0x00, 0x30, 0x5c, 0x49, 0x00, 0x2e, 0x38, 0xd7, 0x0d, 0xa4, 0x57, 0x2a,
  0x2c, 0x8a, 0x00, 0x00, 0x43, 0x81, 0x3d, 0x00, 0x13, 0x07, 0x48, 0xa4,
  0x00, 0x00, 0x45, 0x92, 0x00, 0x00, 0xbe, 0x15, 0x00, 0x07, 0x00, 0x00,
  0x00, 0x00, 0xe9, 0x00, 0xc9, 0xb5, 0xcc, 0x9c, 0x00, 0xc7, 0x00, 0xc8,
  0x00, 0xdd, 0x0c, 0xe9, 0x00, 0xf8, 0x04, 0x09, 0xf3, 0x36, 0x2a, 0xd2,
  0xd0, 0x7f, 0x00, 0x00, 0xf3, 0x40, 0xf5, 0x00, 0xd1, 0x0a, 0xa7, 0x4c,
  0x00, 0x00, 0xe8, 0x29, 0x00, 0x00, 0x0c, 0xf6, 0x00, 0x61, 0x00, 0x00,
  0x00, 0x12, 0x05, 0x00, 0xd6, 0xc8, 0xc5, 0x81, 0x00, 0xe4, 0x00, 0xd7,
  0x00, 0xe7, 0xf3, 0x00, 0x00, 0xe0, 0xf3, 0xb2, 0x04, 0x53, 0x30, 0xc9,
  0xca, 0x2d, 0x00, 0x00, 0xb1, 0xfe, 0x18, 0x00, 0xd4, 0x08, 0x8b, 0x59,
  0x00, 0x00, 0xf5, 0x69, 0x00, 0x00, 0x4b, 0xf1, 0x00, 0x46, 0x00, 0x00,
  0x00, 0x00, 0x00, 0x00, 0x00, 0x00, 0x00, 0x00, 0x00, 0x00, 0x00, 0x00,
  0x00, 0x00, 0x00, 0x00, 0x00, 0x00, 0x00, 0x00, 0x00, 0x00, 0x00, 0x00,
  0x00, 0x00, 0x00, 0x00, 0x00, 0x00, 0x00, 0x00, 0x00, 0x00, 0x00, 0x00,
  0x00, 0x00, 0x00, 0x00, 0x00, 0x00, 0x00, 0x00, 0x00, 0x00, 0x00, 0x00,
  0x00, 0x00, 0x00, 0x00, 0x00, 0x00, 0x00, 0x00, 0x00, 0x00, 0x00, 0x00,
  0x00, 0x00, 0x00, 0x00, 0x00, 0x00, 0x00, 0x00, 0x00, 0x00, 0x00, 0x00,
  0x00, 0x00, 0x00, 0x00, 0x00, 0x00, 0x00, 0x00, 0x00, 0x00, 0x00, 0x00,
  0x00, 0x00, 0x00, 0x00, 0x00, 0x00, 0x00, 0x00, 0x00, 0x00, 0x00, 0x00,
  0x00, 0x21, 0xf5, 0x00, 0x03, 0xfc, 0x3e, 0x51, 0x00, 0x64, 0x00, 0x31,
  0x00, 0x10, 0x65, 0x48, 0x00, 0x11, 0x13, 0x09, 0x1a, 0x9e, 0x5a, 0x5b,
  0x15, 0x87, 0x00, 0x00, 0x68, 0xa5, 0x46, 0x00, 0x03, 0x41, 0x5e, 0x81,
  0x00, 0x00, 0x4c, 0x90, 0x00, 0x00, 0xa0, 0x12, 0x00, 0xe5, 0x00, 0x00,
  0x00, 0x00, 0x00, 0x00, 0x00, 0x00, 0x00, 0x00, 0x00, 0x00, 0x00, 0x00,
  0x00, 0x00, 0x00, 0x00, 0x00, 0x00, 0x00, 0x00, 0x00, 0x00, 0x00, 0x00,
  0x00, 0x00, 0x00, 0x00, 0x00, 0x00, 0x00, 0x00, 0x00, 0x00, 0x00, 0x00,
  0x00, 0x00, 0x00, 0x00, 0x00, 0x00, 0x00, 0x00, 0x00, 0x00, 0x00, 0x00,
  0x00, 0x00, 0x00, 0x00, 0x00, 0x00, 0x00, 0x00, 0x00, 0x00, 0x00, 0x00,
  0x00, 0x00, 0x00, 0x00, 0x00, 0x00, 0x00, 0x00, 0x00, 0x00, 0x00, 0x00,
  0x00, 0x00, 0x00, 0x00, 0x00, 0x00, 0x00, 0x00, 0x00, 0x00, 0x00, 0x00,
  0x00, 0x00, 0x00, 0x00, 0x00, 0x00, 0x00, 0x00, 0x00, 0x00, 0x00, 0x00,
  0x00, 0x34, 0xfa, 0x00, 0x20, 0x33, 0xfb, 0x2b, 0x00, 0x61, 0x00, 0x06,
  0x00, 0xfe, 0x55, 0x55, 0x00, 0x09, 0x2e, 0x2d, 0x38, 0x90, 0x3b, 0x41,
  0x09, 0x8c, 0x00, 0x00, 0x62, 0xa4, 0x32, 0x00, 0x06, 0x39, 0x47, 0xb7,
  0x00, 0x00, 0x48, 0xa2, 0x00, 0x00, 0x81, 0x2c, 0x00, 0x00, 0x00, 0x00,
  0x00, 0x00, 0x00, 0x00, 0x00, 0x00, 0x00, 0x00, 0x00, 0x00, 0x00, 0x00,
  0x00, 0x00, 0x00, 0x00, 0x00, 0x00, 0x00, 0x00, 0x00, 0x00, 0x00, 0x00,
  0x00, 0x00, 0x00, 0x00, 0x00, 0x00, 0x00, 0x00, 0x00, 0x00, 0x00, 0x00,
  0x00, 0x00, 0x00, 0x00, 0x00, 0x00, 0x00, 0x00, 0x00, 0x00, 0x00, 0x00,
  0x00, 0x3e, 0x0d, 0x00, 0x54, 0x22, 0x0a, 0x58, 0x00, 0x64, 0x00, 0x20,
  0x00, 0x0c, 0x5b, 0x2b, 0x00, 0x0d, 0x1a, 0xe8, 0x24, 0xc0, 0x38, 0x4f,
  0x45, 0x9d, 0x00, 0x00, 0x59, 0x87, 0x3e, 0x00, 0x0f, 0x0e, 0x4f, 0xa4,
  0x00, 0x00, 0x42, 0x81, 0x00, 0x00, 0x8e, 0x12, 0x00, 0x09, 0x00, 0x00,
  0x00, 0x11, 0x27, 0x00, 0x1e, 0x20, 0x2a, 0x25, 0x00, 0x1c, 0x00, 0x29,
  0x00, 0xe0, 0x50, 0x60, 0x00, 0xe3, 0x01, 0x2f, 0x1d, 0xbd, 0x20, 0x2b,
  0xf9, 0xbc, 0x00, 0x00, 0x60, 0x81, 0x2f, 0x00, 0xe9, 0x2a, 0x3a, 0x98,
  0x00, 0x00, 0x62, 0xc4, 0x00, 0x00, 0xa2, 0x1f, 0x00, 0xfd, 0x00, 0x00,
  0x22, 0xff, 0xff, 0xff, 0x04, 0x00, 0x00, 0x00, 0x90, 0x00, 0x00, 0x00,
  0x80, 0x03, 0x8a, 0xec, 0x80, 0x80, 0x82, 0xd9, 0xe0, 0xa0, 0xb2, 0xeb,
  0xac, 0xf8, 0xff, 0xff, 0x7e, 0x08, 0x00, 0x00, 0xb0, 0x86, 0x3d, 0xf1,
  0x8e, 0x01, 0x00, 0x00, 0xa0, 0x5d, 0x76, 0xeb, 0xc0, 0x11, 0x79, 0xf9,
  0x6a, 0x03, 0x00, 0x00, 0xa2, 0x05, 0x00, 0x00, 0x6d, 0xf8, 0xff, 0xff,
  0xce, 0x03, 0x00, 0x00, 0x58, 0x6c, 0xff, 0xff, 0x49, 0xeb, 0xff, 0xff,
  0x6d, 0xfb, 0xff, 0xff, 0x6f, 0x05, 0x00, 0x00, 0x14, 0x02, 0x00, 0x00,
  0x80, 0x4b, 0x13, 0xd8, 0x40, 0xb6, 0x08, 0xeb, 0x00, 0x3d, 0x33, 0xdb,
  0x50, 0xee, 0xff, 0xff, 0xa0, 0x86, 0x75, 0xf3, 0xce, 0xf8, 0xff, 0xff,
  0x14, 0xf6, 0xff, 0xff, 0x60, 0x00, 0x00, 0x00, 0x56, 0x09, 0x00, 0x00,
  0xb0, 0x32, 0xa7, 0xf3, 0x60, 0x54, 0x0e, 0xf0, 0x8c, 0xfc, 0xff, 0xff,
  0x40, 0xce, 0x34, 0xef, 0xe0, 0x11, 0xed, 0xee, 0x20, 0xf7, 0xff, 0xff,
  0x60, 0xf9, 0xd4, 0xe4, 0x71, 0xf7, 0xff, 0xff, 0xea, 0xf8, 0xff, 0xff,
  0xbe, 0xff, 0xff, 0xff, 0x04, 0x00, 0x00, 0x00, 0x24, 0x00, 0x00, 0x00,
  0xd4, 0xe4, 0x23, 0x8a, 0x50, 0x0c, 0x53, 0xfa, 0x16, 0x75, 0x64, 0x9d,
  0x4f, 0x1c, 0x2a, 0x87, 0x81, 0x43, 0x15, 0xf1, 0xd6, 0x9f, 0x00, 0x83,
  0xa0, 0x50, 0x54, 0xf6, 0xe3, 0x91, 0x09, 0x0c, 0xa5, 0xe9, 0x95, 0x92,
  0xee, 0xff, 0xff, 0xff, 0x04, 0x00, 0x00, 0x00, 0x04, 0x00, 0x00, 0x00,
  0xd4, 0x18, 0x00, 0x00, 0x00, 0x00, 0x06, 0x00, 0x08, 0x00, 0x04, 0x00,
  0x06, 0x00, 0x00, 0x00, 0x04, 0x00, 0x00, 0x00, 0x08, 0x00, 0x00, 0x00,
  0x01, 0x00, 0x00, 0x00, 0x02, 0x00, 0x00, 0x00, 0xc0, 0xe4, 0xff, 0xff,
  0xc4, 0xe4, 0xff, 0xff, 0x0f, 0x00, 0x00, 0x00, 0x4d, 0x4c, 0x49, 0x52,
  0x20, 0x43, 0x6f, 0x6e, 0x76, 0x65, 0x72, 0x74, 0x65, 0x64, 0x2e, 0x00,
  0x01, 0x00, 0x00, 0x00, 0x14, 0x00, 0x00, 0x00, 0x00, 0x00, 0x0e, 0x00,
  0x18, 0x00, 0x14, 0x00, 0x10, 0x00, 0x0c, 0x00, 0x08, 0x00, 0x04, 0x00,
  0x0e, 0x00, 0x00, 0x00, 0x14, 0x00, 0x00, 0x00, 0x1c, 0x00, 0x00, 0x00,
  0x90, 0x02, 0x00, 0x00, 0x94, 0x02, 0x00, 0x00, 0x98, 0x02, 0x00, 0x00,
  0x04, 0x00, 0x00, 0x00, 0x6d, 0x61, 0x69, 0x6e, 0x00, 0x00, 0x00, 0x00,
  0x09, 0x00, 0x00, 0x00, 0x2c, 0x02, 0x00, 0x00, 0xc8, 0x01, 0x00, 0x00,
  0x78, 0x01, 0x00, 0x00, 0x34, 0x01, 0x00, 0x00, 0xe4, 0x00, 0x00, 0x00,
  0xb0, 0x00, 0x00, 0x00, 0x6c, 0x00, 0x00, 0x00, 0x34, 0x00, 0x00, 0x00,
  0x10, 0x00, 0x00, 0x00, 0x00, 0x00, 0x0a, 0x00, 0x10, 0x00, 0x0c, 0x00,
  0x08, 0x00, 0x04, 0x00, 0x0a, 0x00, 0x00, 0x00, 0x0c, 0x00, 0x00, 0x00,
  0x10, 0x00, 0x00, 0x00, 0x04, 0x00, 0x00, 0x00, 0x01, 0x00, 0x00, 0x00,
  0x14, 0x00, 0x00, 0x00, 0x01, 0x00, 0x00, 0x00, 0x13, 0x00, 0x00, 0x00,
  0x1e, 0xff, 0xff, 0xff, 0x14, 0x00, 0x00, 0x00, 0x00, 0x00, 0x00, 0x08,
  0x10, 0x00, 0x00, 0x00, 0x14, 0x00, 0x00, 0x00, 0x03, 0x00, 0x00, 0x00,
  0x84, 0xe5, 0xff, 0xff, 0x01, 0x00, 0x00, 0x00, 0x13, 0x00, 0x00, 0x00,
  0x03, 0x00, 0x00, 0x00, 0x12, 0x00, 0x00, 0x00, 0x03, 0x00, 0x00, 0x00,
  0x02, 0x00, 0x00, 0x00, 0xc6, 0xfe, 0xff, 0xff, 0x1c, 0x00, 0x00, 0x00,
  0x00, 0x00, 0x00, 0x08, 0x1c, 0x00, 0x00, 0x00, 0x20, 0x00, 0x00, 0x00,
  0x03, 0x00, 0x00, 0x00, 0x00, 0x00, 0x06, 0x00, 0x08, 0x00, 0x07, 0x00,
  0x06, 0x00, 0x00, 0x00, 0x00, 0x00, 0x00, 0x01, 0x01, 0x00, 0x00, 0x00,
  0x12, 0x00, 0x00, 0x00, 0x03, 0x00, 0x00, 0x00, 0x11, 0x00, 0x00, 0x00,
  0x05, 0x00, 0x00, 0x00, 0x04, 0x00, 0x00, 0x00, 0x92, 0xff, 0xff, 0xff,
  0x14, 0x00, 0x00, 0x00, 0x00, 0x00, 0x00, 0x1b, 0x10, 0x00, 0x00, 0x00,
  0x14, 0x00, 0x00, 0x00, 0x02, 0x00, 0x00, 0x00, 0xf8, 0xe5, 0xff, 0xff,
  0x01, 0x00, 0x00, 0x00, 0x11, 0x00, 0x00, 0x00, 0x02, 0x00, 0x00, 0x00,
  0x10, 0x00, 0x00, 0x00, 0x01, 0x00, 0x00, 0x00, 0xd6, 0xfe, 0xff, 0xff,
  0x10, 0x00, 0x00, 0x00, 0x00, 0x00, 0x00, 0x01, 0x18, 0x00, 0x00, 0x00,
  0x1c, 0x00, 0x00, 0x00, 0xc8, 0xfe, 0xff, 0xff, 0x00, 0x00, 0x00, 0x01,
  0x01, 0x00, 0x00, 0x00, 0x01, 0x00, 0x00, 0x00, 0x01, 0x00, 0x00, 0x00,
  0x10, 0x00, 0x00, 0x00, 0x03, 0x00, 0x00, 0x00, 0x0f, 0x00, 0x00, 0x00,
  0x07, 0x00, 0x00, 0x00, 0x06, 0x00, 0x00, 0x00, 0x00, 0x00, 0x0e, 0x00,
  0x18, 0x00, 0x14, 0x00, 0x10, 0x00, 0x0c, 0x00, 0x0b, 0x00, 0x04, 0x00,
  0x0e, 0x00, 0x00, 0x00, 0x14, 0x00, 0x00, 0x00, 0x00, 0x00, 0x00, 0x05,
  0x24, 0x00, 0x00, 0x00, 0x28, 0x00, 0x00, 0x00, 0x01, 0x00, 0x00, 0x00,
  0x72, 0xff, 0xff, 0xff, 0x02, 0x00, 0x00, 0x00, 0x02, 0x00, 0x00, 0x00,
  0x02, 0x00, 0x00, 0x00, 0x02, 0x00, 0x00, 0x00, 0x00, 0x00, 0x00, 0x01,
  0x01, 0x00, 0x00, 0x00, 0x0f, 0x00, 0x00, 0x00, 0x01, 0x00, 0x00, 0x00,
  0x0e, 0x00, 0x00, 0x00, 0x62, 0xff, 0xff, 0xff, 0x10, 0x00, 0x00, 0x00,
  0x00, 0x00, 0x00, 0x01, 0x18, 0x00, 0x00, 0x00, 0x1c, 0x00, 0x00, 0x00,
  0x54, 0xff, 0xff, 0xff, 0x00, 0x00, 0x00, 0x01, 0x01, 0x00, 0x00, 0x00,
  0x01, 0x00, 0x00, 0x00, 0x01, 0x00, 0x00, 0x00, 0x0e, 0x00, 0x00, 0x00,
  0x03, 0x00, 0x00, 0x00, 0x0d, 0x00, 0x00, 0x00, 0x09, 0x00, 0x00, 0x00,
  0x08, 0x00, 0x00, 0x00, 0x00, 0x00, 0x0e, 0x00, 0x1a, 0x00, 0x14, 0x00,
  0x10, 0x00, 0x0c, 0x00, 0x0b, 0x00, 0x04, 0x00, 0x0e, 0x00, 0x00, 0x00,
  0x24, 0x00, 0x00, 0x00, 0x00, 0x00, 0x00, 0x05, 0x34, 0x00, 0x00, 0x00,
  0x38, 0x00, 0x00, 0x00, 0x01, 0x00, 0x00, 0x00, 0x00, 0x00, 0x0e, 0x00,
  0x18, 0x00, 0x17, 0x00, 0x10, 0x00, 0x0c, 0x00, 0x08, 0x00, 0x04, 0x00,
  0x0e, 0x00, 0x00, 0x00, 0x02, 0x00, 0x00, 0x00, 0x02, 0x00, 0x00, 0x00,
  0x02, 0x00, 0x00, 0x00, 0x02, 0x00, 0x00, 0x00, 0x00, 0x00, 0x00, 0x01,
  0x01, 0x00, 0x00, 0x00, 0x0d, 0x00, 0x00, 0x00, 0x01, 0x00, 0x00, 0x00,
  0x0c, 0x00, 0x00, 0x00, 0x00, 0x00, 0x0e, 0x00, 0x14, 0x00, 0x00, 0x00,
  0x10, 0x00, 0x0c, 0x00, 0x0b, 0x00, 0x04, 0x00, 0x0e, 0x00, 0x00, 0x00,
  0x1c, 0x00, 0x00, 0x00, 0x00, 0x00, 0x00, 0x01, 0x24, 0x00, 0x00, 0x00,
  0x28, 0x00, 0x00, 0x00, 0x0c, 0x00, 0x10, 0x00, 0x00, 0x00, 0x0c, 0x00,
  0x08, 0x00, 0x07, 0x00, 0x0c, 0x00, 0x00, 0x00, 0x00, 0x00, 0x00, 0x01,
  0x01, 0x00, 0x00, 0x00, 0x01, 0x00, 0x00, 0x00, 0x01, 0x00, 0x00, 0x00,
  0x0c, 0x00, 0x00, 0x00, 0x03, 0x00, 0x00, 0x00, 0x00, 0x00, 0x00, 0x00,
  0x0b, 0x00, 0x00, 0x00, 0x0a, 0x00, 0x00, 0x00, 0x01, 0x00, 0x00, 0x00,
  0x14, 0x00, 0x00, 0x00, 0x01, 0x00, 0x00, 0x00, 0x00, 0x00, 0x00, 0x00,
  0x15, 0x00, 0x00, 0x00, 0x98, 0x18, 0x00, 0x00, 0x3c, 0x18, 0x00, 0x00,
  0xc4, 0x17, 0x00, 0x00, 0x60, 0x17, 0x00, 0x00, 0x5c, 0x15, 0x00, 0x00,
  0x50, 0x13, 0x00, 0x00, 0xbc, 0x10, 0x00, 0x00, 0x18, 0x0e, 0x00, 0x00,
  0x14, 0x0c, 0x00, 0x00, 0x00, 0x0a, 0x00, 0x00, 0x2c, 0x08, 0x00, 0x00,
  0x48, 0x06, 0x00, 0x00, 0x74, 0x05, 0x00, 0x00, 0xd8, 0x04, 0x00, 0x00,
  0xdc, 0x03, 0x00, 0x00, 0x40, 0x03, 0x00, 0x00, 0x64, 0x02, 0x00, 0x00,
  0xd0, 0x01, 0x00, 0x00, 0x1c, 0x01, 0x00, 0x00, 0x80, 0x00, 0x00, 0x00,
  0x04, 0x00, 0x00, 0x00, 0xd2, 0xe7, 0xff, 0xff, 0x00, 0x00, 0x00, 0x01,
  0x18, 0x00, 0x00, 0x00, 0x20, 0x00, 0x00, 0x00, 0x3c, 0x00, 0x00, 0x00,
  0x15, 0x00, 0x00, 0x00, 0x00, 0x00, 0x00, 0x09, 0x50, 0x00, 0x00, 0x00,
  0x02, 0x00, 0x00, 0x00, 0xff, 0xff, 0xff, 0xff, 0x01, 0x00, 0x00, 0x00,
  0xb4, 0xe7, 0xff, 0xff, 0x08, 0x00, 0x00, 0x00, 0x10, 0x00, 0x00, 0x00,
  0x01, 0x00, 0x00, 0x00, 0x80, 0xff, 0xff, 0xff, 0xff, 0xff, 0xff, 0xff,
  0x01, 0x00, 0x00, 0x00, 0x00, 0x00, 0x80, 0x3b, 0x1b, 0x00, 0x00, 0x00,
  0x53, 0x74, 0x61, 0x74, 0x65, 0x66, 0x75, 0x6c, 0x50, 0x61, 0x72, 0x74,
  0x69, 0x74, 0x69, 0x6f, 0x6e, 0x65, 0x64, 0x43, 0x61, 0x6c, 0x6c, 0x5f,
  0x31, 0x3a, 0x30, 0x00, 0x02, 0x00, 0x00, 0x00, 0x01, 0x00, 0x00, 0x00,
  0x01, 0x00, 0x00, 0x00, 0x4a, 0xe8, 0xff, 0xff, 0x00, 0x00, 0x00, 0x01,
  0x18, 0x00, 0x00, 0x00, 0x20, 0x00, 0x00, 0x00, 0x3c, 0x00, 0x00, 0x00,
  0x14, 0x00, 0x00, 0x00, 0x00, 0x00, 0x00, 0x09, 0x70, 0x00, 0x00, 0x00,
  0x02, 0x00, 0x00, 0x00, 0xff, 0xff, 0xff, 0xff, 0x01, 0x00, 0x00, 0x00,
  0x2c, 0xe8, 0xff, 0xff, 0x08, 0x00, 0x00, 0x00, 0x10, 0x00, 0x00, 0x00,
  0x01, 0x00, 0x00, 0x00, 0x27, 0x00, 0x00, 0x00, 0x00, 0x00, 0x00, 0x00,
  0x01, 0x00, 0x00, 0x00, 0x73, 0x8f, 0x18, 0x3d, 0x38, 0x00, 0x00, 0x00,
  0x73, 0x65, 0x71, 0x75, 0x65, 0x6e, 0x74, 0x69, 0x61, 0x6c, 0x5f, 0x31,
  0x2f, 0x64, 0x65, 0x6e, 0x73, 0x65, 0x5f, 0x31, 0x5f, 0x32, 0x2f, 0x4d,
  0x61, 0x74, 0x4d, 0x75, 0x6c, 0x3b, 0x73, 0x65, 0x71, 0x75, 0x65, 0x6e,
  0x74, 0x69, 0x61, 0x6c, 0x5f, 0x31, 0x2f, 0x64, 0x65, 0x6e, 0x73, 0x65,
  0x5f, 0x31, 0x5f, 0x32, 0x2f, 0x41, 0x64, 0x64, 0x00, 0x00, 0x00, 0x00,
  0x02, 0x00, 0x00, 0x00, 0x01, 0x00, 0x00, 0x00, 0x01, 0x00, 0x00, 0x00,
  0xe2, 0xe8, 0xff, 0xff, 0x00, 0x00, 0x00, 0x01, 0x18, 0x00, 0x00, 0x00,
  0x20, 0x00, 0x00, 0x00, 0x3c, 0x00, 0x00, 0x00, 0x13, 0x00, 0x00, 0x00,
  0x00, 0x00, 0x00, 0x09, 0x88, 0x00, 0x00, 0x00, 0x02, 0x00, 0x00, 0x00,
  0xff, 0xff, 0xff, 0xff, 0x24, 0x00, 0x00, 0x00, 0xc4, 0xe8, 0xff, 0xff,
  0x08, 0x00, 0x00, 0x00, 0x10, 0x00, 0x00, 0x00, 0x01, 0x00, 0x00, 0x00,
  0x80, 0xff, 0xff, 0xff, 0xff, 0xff, 0xff, 0xff, 0x01, 0x00, 0x00, 0x00,
  0x31, 0x58, 0x8d, 0x3b, 0x52, 0x00, 0x00, 0x00, 0x73, 0x65, 0x71, 0x75,
  0x65, 0x6e, 0x74, 0x69, 0x61, 0x6c, 0x5f, 0x31, 0x2f, 0x64, 0x65, 0x6e,
  0x73, 0x65, 0x5f, 0x31, 0x2f, 0x4d, 0x61, 0x74, 0x4d, 0x75, 0x6c, 0x3b,
  0x73, 0x65, 0x71, 0x75, 0x65, 0x6e, 0x74, 0x69, 0x61, 0x6c, 0x5f, 0x31,
  0x2f, 0x64, 0x65, 0x6e, 0x73, 0x65, 0x5f, 0x31, 0x2f, 0x52, 0x65, 0x6c,
  0x75, 0x3b, 0x73, 0x65, 0x71, 0x75, 0x65, 0x6e, 0x74, 0x69, 0x61, 0x6c,
  0x5f, 0x31, 0x2f, 0x64, 0x65, 0x6e, 0x73, 0x65, 0x5f, 0x31, 0x2f, 0x42,
  0x69, 0x61, 0x73, 0x41, 0x64, 0x64, 0x00, 0x00, 0x02, 0x00, 0x00, 0x00,
  0x01, 0x00, 0x00, 0x00, 0x24, 0x00, 0x00, 0x00, 0x92, 0xe9, 0xff, 0xff,
  0x00, 0x00, 0x00, 0x01, 0x18, 0x00, 0x00, 0x00, 0x20, 0x00, 0x00, 0x00,
  0x40, 0x00, 0x00, 0x00, 0x12, 0x00, 0x00, 0x00, 0x00, 0x00, 0x00, 0x09,
  0x68, 0x00, 0x00, 0x00, 0x02, 0x00, 0x00, 0x00, 0xff, 0xff, 0xff, 0xff,
  0x30, 0x00, 0x00, 0x00, 0x74, 0xe9, 0xff, 0xff, 0x08, 0x00, 0x00, 0x00,
  0x14, 0x00, 0x00, 0x00, 0x01, 0x00, 0x00, 0x00, 0x80, 0xff, 0xff, 0xff,
  0xff, 0xff, 0xff, 0xff, 0x00, 0x00, 0x00, 0x00, 0x01, 0x00, 0x00, 0x00,
  0x55, 0x21, 0x4a, 0x3c, 0x2c, 0x00, 0x00, 0x00, 0x73, 0x65, 0x71, 0x75,
  0x65, 0x6e, 0x74, 0x69, 0x61, 0x6c, 0x5f, 0x31, 0x2f, 0x67, 0x6c, 0x6f,
  0x62, 0x61, 0x6c, 0x5f, 0x61, 0x76, 0x65, 0x72, 0x61, 0x67, 0x65, 0x5f,
  0x70, 0x6f, 0x6f, 0x6c, 0x69, 0x6e, 0x67, 0x32, 0x64, 0x5f, 0x31, 0x2f,
  0x4d, 0x65, 0x61, 0x6e, 0x00, 0x00, 0x00, 0x00, 0x02, 0x00, 0x00, 0x00,
  0x01, 0x00, 0x00, 0x00, 0x30, 0x00, 0x00, 0x00, 0x22, 0xea, 0xff, 0xff,
  0x00, 0x00, 0x00, 0x01, 0x18, 0x00, 0x00, 0x00, 0x28, 0x00, 0x00, 0x00,
  0x48, 0x00, 0x00, 0x00, 0x11, 0x00, 0x00, 0x00, 0x00, 0x00, 0x00, 0x09,
  0xa8, 0x00, 0x00, 0x00, 0x04, 0x00, 0x00, 0x00, 0xff, 0xff, 0xff, 0xff,
  0x18, 0x00, 0x00, 0x00, 0x18, 0x00, 0x00, 0x00, 0x30, 0x00, 0x00, 0x00,
  0x0c, 0xea, 0xff, 0xff, 0x08, 0x00, 0x00, 0x00, 0x14, 0x00, 0x00, 0x00,
  0x01, 0x00, 0x00, 0x00, 0x80, 0xff, 0xff, 0xff, 0xff, 0xff, 0xff, 0xff,
  0x00, 0x00, 0x00, 0x00, 0x01, 0x00, 0x00, 0x00, 0x6e, 0xbf, 0x95, 0x3d,
  0x65, 0x00, 0x00, 0x00, 0x73, 0x65, 0x71, 0x75, 0x65, 0x6e, 0x74, 0x69,
  0x61, 0x6c, 0x5f, 0x31, 0x2f, 0x61, 0x63, 0x74, 0x69, 0x76, 0x61, 0x74,
  0x69, 0x6f, 0x6e, 0x5f, 0x32, 0x5f, 0x31, 0x2f, 0x52, 0x65, 0x6c, 0x75,
  0x3b, 0x73, 0x65, 0x71, 0x75, 0x65, 0x6e, 0x74, 0x69, 0x61, 0x6c, 0x5f,
  0x31, 0x2f, 0x63, 0x6f, 0x6e, 0x76, 0x32, 0x64, 0x5f, 0x32, 0x5f, 0x31,
  0x2f, 0x42, 0x69, 0x61, 0x73, 0x41, 0x64, 0x64, 0x3b, 0x73, 0x65, 0x71,
  0x75, 0x65, 0x6e, 0x74, 0x69, 0x61, 0x6c, 0x5f, 0x31, 0x2f, 0x63, 0x6f,
  0x6e, 0x76, 0x32, 0x64, 0x5f, 0x32, 0x5f, 0x31, 0x2f, 0x63, 0x6f, 0x6e,
  0x76, 0x6f, 0x6c, 0x75, 0x74, 0x69, 0x6f, 0x6e, 0x3b, 0x00, 0x00, 0x00,
  0x04, 0x00, 0x00, 0x00, 0x01, 0x00, 0x00, 0x00, 0x18, 0x00, 0x00, 0x00,
  0x18, 0x00, 0x00, 0x00, 0x30, 0x00, 0x00, 0x00, 0xfa, 0xea, 0xff, 0xff,
  0x00, 0x00, 0x00, 0x01, 0x18, 0x00, 0x00, 0x00, 0x28, 0x00, 0x00, 0x00,
  0x44, 0x00, 0x00, 0x00, 0x10, 0x00, 0x00, 0x00, 0x00, 0x00, 0x00, 0x09,
  0x68, 0x00, 0x00, 0x00, 0x04, 0x00, 0x00, 0x00, 0xff, 0xff, 0xff, 0xff,
  0x18, 0x00, 0x00, 0x00, 0x18, 0x00, 0x00, 0x00, 0x24, 0x00, 0x00, 0x00,
  0xe4, 0xea, 0xff, 0xff, 0x08, 0x00, 0x00, 0x00, 0x10, 0x00, 0x00, 0x00,
  0x01, 0x00, 0x00, 0x00, 0x80, 0xff, 0xff, 0xff, 0xff, 0xff, 0xff, 0xff,
  0x01, 0x00, 0x00, 0x00, 0x5c, 0x3b, 0x9a, 0x3c, 0x28, 0x00, 0x00, 0x00,
  0x73, 0x65, 0x71, 0x75, 0x65, 0x6e, 0x74, 0x69, 0x61, 0x6c, 0x5f, 0x31,
  0x2f, 0x6d, 0x61, 0x78, 0x5f, 0x70, 0x6f, 0x6f, 0x6c, 0x69, 0x6e, 0x67,
  0x32, 0x64, 0x5f, 0x31, 0x5f, 0x32, 0x2f, 0x4d, 0x61, 0x78, 0x50, 0x6f,
  0x6f, 0x6c, 0x32, 0x64, 0x00, 0x00, 0x00, 0x00, 0x04, 0x00, 0x00, 0x00,
  0x01, 0x00, 0x00, 0x00, 0x18, 0x00, 0x00, 0x00, 0x18, 0x00, 0x00, 0x00,
  0x24, 0x00, 0x00, 0x00, 0x92, 0xeb, 0xff, 0xff, 0x00, 0x00, 0x00, 0x01,
  0x18, 0x00, 0x00, 0x00, 0x28, 0x00, 0x00, 0x00, 0x48, 0x00, 0x00, 0x00,
  0x0f, 0x00, 0x00, 0x00, 0x00, 0x00, 0x00, 0x09, 0xc8, 0x00, 0x00, 0x00,
  0x04, 0x00, 0x00, 0x00, 0xff, 0xff, 0xff, 0xff, 0x30, 0x00, 0x00, 0x00,
  0x30, 0x00, 0x00, 0x00, 0x24, 0x00, 0x00, 0x00, 0x7c, 0xeb, 0xff, 0xff,
  0x08, 0x00, 0x00, 0x00, 0x14, 0x00, 0x00, 0x00, 0x01, 0x00, 0x00, 0x00,
  0x80, 0xff, 0xff, 0xff, 0xff, 0xff, 0xff, 0xff, 0x00, 0x00, 0x00, 0x00,
  0x01, 0x00, 0x00, 0x00, 0x5c, 0x3b, 0x9a, 0x3c, 0x84, 0x00, 0x00, 0x00,
  0x73, 0x65, 0x71, 0x75, 0x65, 0x6e, 0x74, 0x69, 0x61, 0x6c, 0x5f, 0x31,
  0x2f, 0x61, 0x63, 0x74, 0x69, 0x76, 0x61, 0x74, 0x69, 0x6f, 0x6e, 0x5f,
  0x31, 0x5f, 0x32, 0x2f, 0x52, 0x65, 0x6c, 0x75, 0x3b, 0x73, 0x65, 0x71,
  0x75, 0x65, 0x6e, 0x74, 0x69, 0x61, 0x6c, 0x5f, 0x31, 0x2f, 0x63, 0x6f,
  0x6e, 0x76, 0x32, 0x64, 0x5f, 0x31, 0x5f, 0x32, 0x2f, 0x42, 0x69, 0x61,
  0x73, 0x41, 0x64, 0x64, 0x3b, 0x73, 0x65, 0x71, 0x75, 0x65, 0x6e, 0x74,
  0x69, 0x61, 0x6c, 0x5f, 0x31, 0x2f, 0x63, 0x6f, 0x6e, 0x76, 0x32, 0x64,
  0x5f, 0x31, 0x5f, 0x32, 0x2f, 0x63, 0x6f, 0x6e, 0x76, 0x6f, 0x6c, 0x75,
  0x74, 0x69, 0x6f, 0x6e, 0x3b, 0x73, 0x65, 0x71, 0x75, 0x65, 0x6e, 0x74,
  0x69, 0x61, 0x6c, 0x5f, 0x31, 0x2f, 0x63, 0x6f, 0x6e, 0x76, 0x32, 0x64,
  0x5f, 0x31, 0x5f, 0x32, 0x2f, 0x53, 0x71, 0x75, 0x65, 0x65, 0x7a, 0x65,
  0x00, 0x00, 0x00, 0x00, 0x04, 0x00, 0x00, 0x00, 0x01, 0x00, 0x00, 0x00,
  0x30, 0x00, 0x00, 0x00, 0x30, 0x00, 0x00, 0x00, 0x24, 0x00, 0x00, 0x00,
  0x8a, 0xec, 0xff, 0xff, 0x00, 0x00, 0x00, 0x01, 0x18, 0x00, 0x00, 0x00,
  0x28, 0x00, 0x00, 0x00, 0x48, 0x00, 0x00, 0x00, 0x0e, 0x00, 0x00, 0x00,
  0x00, 0x00, 0x00, 0x09, 0x68, 0x00, 0x00, 0x00, 0x04, 0x00, 0x00, 0x00,
  0xff, 0xff, 0xff, 0xff, 0x30, 0x00, 0x00, 0x00, 0x30, 0x00, 0x00, 0x00,
  0x20, 0x00, 0x00, 0x00, 0x74, 0xec, 0xff, 0xff, 0x08, 0x00, 0x00, 0x00,
  0x14, 0x00, 0x00, 0x00, 0x01, 0x00, 0x00, 0x00, 0x80, 0xff, 0xff, 0xff,
  0xff, 0xff, 0xff, 0xff, 0x00, 0x00, 0x00, 0x00, 0x01, 0x00, 0x00, 0x00,
  0xf5, 0x45, 0x3d, 0x3b, 0x26, 0x00, 0x00, 0x00, 0x73, 0x65, 0x71, 0x75,
  0x65, 0x6e, 0x74, 0x69, 0x61, 0x6c, 0x5f, 0x31, 0x2f, 0x6d, 0x61, 0x78,
  0x5f, 0x70, 0x6f, 0x6f, 0x6c, 0x69, 0x6e, 0x67, 0x32, 0x64, 0x5f, 0x31,
  0x2f, 0x4d, 0x61, 0x78, 0x50, 0x6f, 0x6f, 0x6c, 0x32, 0x64, 0x00, 0x00,
  0x04, 0x00, 0x00, 0x00, 0x01, 0x00, 0x00, 0x00, 0x30, 0x00, 0x00, 0x00,
  0x30, 0x00, 0x00, 0x00, 0x20, 0x00, 0x00, 0x00, 0x22, 0xed, 0xff, 0xff,
  0x00, 0x00, 0x00, 0x01, 0x18, 0x00, 0x00, 0x00, 0x28, 0x00, 0x00, 0x00,
  0x44, 0x00, 0x00, 0x00, 0x0d, 0x00, 0x00, 0x00, 0x00, 0x00, 0x00, 0x09,
  0xa0, 0x00, 0x00, 0x00, 0x04, 0x00, 0x00, 0x00, 0xff, 0xff, 0xff, 0xff,
  0x60, 0x00, 0x00, 0x00, 0x60, 0x00, 0x00, 0x00, 0x20, 0x00, 0x00, 0x00,
  0x0c, 0xed, 0xff, 0xff, 0x08, 0x00, 0x00, 0x00, 0x10, 0x00, 0x00, 0x00,
  0x01, 0x00, 0x00, 0x00, 0x80, 0xff, 0xff, 0xff, 0xff, 0xff, 0xff, 0xff,
  0x01, 0x00, 0x00, 0x00, 0xf5, 0x45, 0x3d, 0x3b, 0x60, 0x00, 0x00, 0x00,
  0x73, 0x65, 0x71, 0x75, 0x65, 0x6e, 0x74, 0x69, 0x61, 0x6c, 0x5f, 0x31,
  0x2f, 0x61, 0x63, 0x74, 0x69, 0x76, 0x61, 0x74, 0x69, 0x6f, 0x6e, 0x5f,
  0x31, 0x2f, 0x52, 0x65, 0x6c, 0x75, 0x3b, 0x73, 0x65, 0x71, 0x75, 0x65,
  0x6e, 0x74, 0x69, 0x61, 0x6c, 0x5f, 0x31, 0x2f, 0x63, 0x6f, 0x6e, 0x76,
  0x32, 0x64, 0x5f, 0x31, 0x2f, 0x42, 0x69, 0x61, 0x73, 0x41, 0x64, 0x64,
  0x3b, 0x73, 0x65, 0x71, 0x75, 0x65, 0x6e, 0x74, 0x69, 0x61, 0x6c, 0x5f,
  0x31, 0x2f, 0x63, 0x6f, 0x6e, 0x76, 0x32, 0x64, 0x5f, 0x31, 0x2f, 0x63,
  0x6f, 0x6e, 0x76, 0x6f, 0x6c, 0x75, 0x74, 0x69, 0x6f, 0x6e, 0x3b, 0x31,
  0x00, 0x00, 0x00, 0x00, 0x04, 0x00, 0x00, 0x00, 0x01, 0x00, 0x00, 0x00,
  0x60, 0x00, 0x00, 0x00, 0x60, 0x00, 0x00, 0x00, 0x20, 0x00, 0x00, 0x00,
  0x4a, 0xee, 0xff, 0xff, 0x00, 0x00, 0x00, 0x01, 0x14, 0x00, 0x00, 0x00,
  0xa8, 0x01, 0x00, 0x00, 0x0c, 0x00, 0x00, 0x00, 0x00, 0x00, 0x00, 0x09,
  0xb4, 0x01, 0x00, 0x00, 0xc4, 0xed, 0xff, 0xff, 0x08, 0x00, 0x00, 0x00,
  0x0c, 0x01, 0x00, 0x00, 0x20, 0x00, 0x00, 0x00, 0x00, 0x00, 0x00, 0x00,
  0x00, 0x00, 0x00, 0x00, 0x00, 0x00, 0x00, 0x00, 0x00, 0x00, 0x00, 0x00,
  0x00, 0x00, 0x00, 0x00, 0x00, 0x00, 0x00, 0x00, 0x00, 0x00, 0x00, 0x00,
  0x00, 0x00, 0x00, 0x00, 0x00, 0x00, 0x00, 0x00, 0x00, 0x00, 0x00, 0x00,
  0x00, 0x00, 0x00, 0x00, 0x00, 0x00, 0x00, 0x00, 0x00, 0x00, 0x00, 0x00,
  0x00, 0x00, 0x00, 0x00, 0x00, 0x00, 0x00, 0x00, 0x00, 0x00, 0x00, 0x00,
  0x00, 0x00, 0x00, 0x00, 0x00, 0x00, 0x00, 0x00, 0x00, 0x00, 0x00, 0x00,
  0x00, 0x00, 0x00, 0x00, 0x00, 0x00, 0x00, 0x00, 0x00, 0x00, 0x00, 0x00,
  0x00, 0x00, 0x00, 0x00, 0x00, 0x00, 0x00, 0x00, 0x00, 0x00, 0x00, 0x00,
  0x00, 0x00, 0x00, 0x00, 0x00, 0x00, 0x00, 0x00, 0x00, 0x00, 0x00, 0x00,
  0x00, 0x00, 0x00, 0x00, 0x00, 0x00, 0x00, 0x00, 0x00, 0x00, 0x00, 0x00,
  0x00, 0x00, 0x00, 0x00, 0x00, 0x00, 0x00, 0x00, 0x00, 0x00, 0x00, 0x00,
  0x00, 0x00, 0x00, 0x00, 0x00, 0x00, 0x00, 0x00, 0x00, 0x00, 0x00, 0x00,
  0x00, 0x00, 0x00, 0x00, 0x00, 0x00, 0x00, 0x00, 0x00, 0x00, 0x00, 0x00,
  0x00, 0x00, 0x00, 0x00, 0x00, 0x00, 0x00, 0x00, 0x00, 0x00, 0x00, 0x00,
  0x00, 0x00, 0x00, 0x00, 0x00, 0x00, 0x00, 0x00, 0x00, 0x00, 0x00, 0x00,
  0x00, 0x00, 0x00, 0x00, 0x00, 0x00, 0x00, 0x00, 0x00, 0x00, 0x00, 0x00,
  0x00, 0x00, 0x00, 0x00, 0x00, 0x00, 0x00, 0x00, 0x00, 0x00, 0x00, 0x00,
  0x00, 0x00, 0x00, 0x00, 0x00, 0x00, 0x00, 0x00, 0x00, 0x00, 0x00, 0x00,
  0x00, 0x00, 0x00, 0x00, 0x00, 0x00, 0x00, 0x00, 0x00, 0x00, 0x00, 0x00,
  0x00, 0x00, 0x00, 0x00, 0x00, 0x00, 0x00, 0x00, 0x00, 0x00, 0x00, 0x00,
  0x00, 0x00, 0x00, 0x00, 0x00, 0x00, 0x00, 0x00, 0x00, 0x00, 0x00, 0x00,
  0x00, 0x00, 0x00, 0x00, 0x20, 0x00, 0x00, 0x00, 0xaf, 0x5f, 0xf5, 0x3a,
  0x8a, 0x85, 0x5f, 0x3b, 0xa1, 0x80, 0x1c, 0x3b, 0xbc, 0xa7, 0x27, 0x3b,
  0x62, 0x3d, 0xf4, 0x3a, 0xfe, 0x5d, 0x0a, 0x3b, 0xa0, 0x48, 0xc0, 0x3a,
  0xcb, 0x7a, 0x34, 0x3b, 0x2e, 0x35, 0x0c, 0x3b, 0xcc, 0x65, 0xce, 0x3a,
  0x2b, 0xab, 0xd5, 0x3a, 0x16, 0x86, 0x07, 0x3b, 0xdd, 0x0a, 0x26, 0x3b,
  0xf6, 0xaf, 0xb0, 0x3a, 0x50, 0x3a, 0xc0, 0x3a, 0x62, 0x2e, 0x30, 0x3b,
  0x03, 0x84, 0x19, 0x3b, 0x00, 0xb4, 0x03, 0x3b, 0x97, 0x1d, 0x0c, 0x3b,
  0xfe, 0xb3, 0x3b, 0x3b, 0xcb, 0xe3, 0x3c, 0x3b, 0x4a, 0x46, 0x87, 0x31,
  0xa8, 0xfe, 0xd1, 0x3a, 0xc1, 0xe0, 0x1b, 0x3b, 0x69, 0xb1, 0x07, 0x3b,
  0xef, 0x3d, 0x55, 0x3b, 0xba, 0xe1, 0x9f, 0x3a, 0x2c, 0xed, 0x03, 0x3b,
  0x6b, 0x33, 0xfc, 0x3a, 0xba, 0xe3, 0xe7, 0x3a, 0xa2, 0x3b, 0x70, 0x3a,
  0x71, 0xd1, 0x33, 0x3b, 0x12, 0x00, 0x00, 0x00, 0x74, 0x66, 0x6c, 0x2e,
  0x70, 0x73, 0x65, 0x75, 0x64, 0x6f, 0x5f, 0x71, 0x63, 0x6f, 0x6e, 0x73,
  0x74, 0x39, 0x00, 0x00, 0x04, 0x00, 0x00, 0x00, 0x20, 0x00, 0x00, 0x00,
  0x03, 0x00, 0x00, 0x00, 0x03, 0x00, 0x00, 0x00, 0x01, 0x00, 0x00, 0x00,
  0x2a, 0xf0, 0xff, 0xff, 0x00, 0x00, 0x00, 0x01, 0x14, 0x00, 0x00, 0x00,
  0xa4, 0x01, 0x00, 0x00, 0x0b, 0x00, 0x00, 0x00, 0x00, 0x00, 0x00, 0x02,
  0xb0, 0x01, 0x00, 0x00, 0xa4, 0xef, 0xff, 0xff, 0x08, 0x00, 0x00, 0x00,
  0x08, 0x01, 0x00, 0x00, 0x20, 0x00, 0x00, 0x00, 0x00, 0x00, 0x00, 0x00,
  0x00, 0x00, 0x00, 0x00, 0x00, 0x00, 0x00, 0x00, 0x00, 0x00, 0x00, 0x00,
  0x00, 0x00, 0x00, 0x00, 0x00, 0x00, 0x00, 0x00, 0x00, 0x00, 0x00, 0x00,
  0x00, 0x00, 0x00, 0x00, 0x00, 0x00, 0x00, 0x00, 0x00, 0x00, 0x00, 0x00,
  0x00, 0x00, 0x00, 0x00, 0x00, 0x00, 0x00, 0x00, 0x00, 0x00, 0x00, 0x00,
  0x00, 0x00, 0x00, 0x00, 0x00, 0x00, 0x00, 0x00, 0x00, 0x00, 0x00, 0x00,
  0x00, 0x00, 0x00, 0x00, 0x00, 0x00, 0x00, 0x00, 0x00, 0x00, 0x00, 0x00,
  0x00, 0x00, 0x00, 0x00, 0x00, 0x00, 0x00, 0x00, 0x00, 0x00, 0x00, 0x00,
  0x00, 0x00, 0x00, 0x00, 0x00, 0x00, 0x00, 0x00, 0x00, 0x00, 0x00, 0x00,
  0x00, 0x00, 0x00, 0x00, 0x00, 0x00, 0x00, 0x00, 0x00, 0x00, 0x00, 0x00,
  0x00, 0x00, 0x00, 0x00, 0x00, 0x00, 0x00, 0x00, 0x00, 0x00, 0x00, 0x00,
  0x00, 0x00, 0x00, 0x00, 0x00, 0x00, 0x00, 0x00, 0x00, 0x00, 0x00, 0x00,
  0x00, 0x00, 0x00, 0x00, 0x00, 0x00, 0x00, 0x00, 0x00, 0x00, 0x00, 0x00,
  0x00, 0x00, 0x00, 0x00, 0x00, 0x00, 0x00, 0x00, 0x00, 0x00, 0x00, 0x00,
  0x00, 0x00, 0x00, 0x00, 0x00, 0x00, 0x00, 0x00, 0x00, 0x00, 0x00, 0x00,
  0x00, 0x00, 0x00, 0x00, 0x00, 0x00, 0x00, 0x00, 0x00, 0x00, 0x00, 0x00,
  0x00, 0x00, 0x00, 0x00, 0x00, 0x00, 0x00, 0x00, 0x00, 0x00, 0x00, 0x00,
  0x00, 0x00, 0x00, 0x00, 0x00, 0x00, 0x00, 0x00, 0x00, 0x00, 0x00, 0x00,
  0x00, 0x00, 0x00, 0x00, 0x00, 0x00, 0x00, 0x00, 0x00, 0x00, 0x00, 0x00,
  0x00, 0x00, 0x00, 0x00, 0x00, 0x00, 0x00, 0x00, 0x00, 0x00, 0x00, 0x00,
  0x00, 0x00, 0x00, 0x00, 0x00, 0x00, 0x00, 0x00, 0x00, 0x00, 0x00, 0x00,
  0x00, 0x00, 0x00, 0x00, 0x00, 0x00, 0x00, 0x00, 0x00, 0x00, 0x00, 0x00,
  0x20, 0x00, 0x00, 0x00, 0x06, 0x56, 0xf6, 0x36, 0xf1, 0x65, 0x60, 0x37,
  0xbf, 0x1d, 0x1d, 0x37, 0x0d, 0x50, 0x28, 0x37, 0x96, 0x32, 0xf5, 0x36,
  0xe7, 0xe8, 0x0a, 0x37, 0xaa, 0x09, 0xc1, 0x36, 0xfc, 0x2f, 0x35, 0x37,
  0xf0, 0xc1, 0x0c, 0x37, 0x02, 0x35, 0xcf, 0x36, 0xae, 0x81, 0xd6, 0x36,
  0x25, 0x0e, 0x08, 0x37, 0x8f, 0xb1, 0x26, 0x37, 0x58, 0x61, 0xb1, 0x36,
  0x4c, 0xfb, 0xc0, 0x36, 0x42, 0xdf, 0x30, 0x37, 0x22, 0x1e, 0x1a, 0x37,
  0x39, 0x38, 0x04, 0x37, 0x42, 0xaa, 0x0c, 0x37, 0x6f, 0x70, 0x3c, 0x37,
  0x6d, 0xa1, 0x3d, 0x37, 0x19, 0xce, 0x87, 0x2d, 0x7a, 0xd1, 0xd2, 0x36,
  0x3f, 0x7d, 0x1c, 0x37, 0xa3, 0x39, 0x08, 0x37, 0x04, 0x14, 0x56, 0x37,
  0x3d, 0x82, 0xa0, 0x36, 0x9e, 0x71, 0x04, 0x37, 0x9d, 0x30, 0xfd, 0x36,
  0x87, 0xcc, 0xe8, 0x36, 0xd0, 0x2c, 0x71, 0x36, 0xf8, 0x85, 0x34, 0x37,
  0x12, 0x00, 0x00, 0x00, 0x74, 0x66, 0x6c, 0x2e, 0x70, 0x73, 0x65, 0x75,
  0x64, 0x6f, 0x5f, 0x71, 0x63, 0x6f, 0x6e, 0x73, 0x74, 0x38, 0x00, 0x00,
  0x01, 0x00, 0x00, 0x00, 0x20, 0x00, 0x00, 0x00, 0xfa, 0xf1, 0xff, 0xff,
  0x00, 0x00, 0x00, 0x01, 0x14, 0x00, 0x00, 0x00, 0xd8, 0x01, 0x00, 0x00,
  0x0a, 0x00, 0x00, 0x00, 0x00, 0x00, 0x00, 0x09, 0xe4, 0x01, 0x00, 0x00,
  0x74, 0xf1, 0xff, 0xff, 0x08, 0x00, 0x00, 0x00, 0x2c, 0x01, 0x00, 0x00,
  0x24, 0x00, 0x00, 0x00, 0x00, 0x00, 0x00, 0x00, 0x00, 0x00, 0x00, 0x00,
  0x00, 0x00, 0x00, 0x00, 0x00, 0x00, 0x00, 0x00, 0x00, 0x00, 0x00, 0x00,
  0x00, 0x00, 0x00, 0x00, 0x00, 0x00, 0x00, 0x00, 0x00, 0x00, 0x00, 0x00,
  0x00, 0x00, 0x00, 0x00, 0x00, 0x00, 0x00, 0x00, 0x00, 0x00, 0x00, 0x00,
  0x00, 0x00, 0x00, 0x00, 0x00, 0x00, 0x00, 0x00, 0x00, 0x00, 0x00, 0x00,
  0x00, 0x00, 0x00, 0x00, 0x00, 0x00, 0x00, 0x00, 0x00, 0x00, 0x00, 0x00,
  0x00, 0x00, 0x00, 0x00, 0x00, 0x00, 0x00, 0x00, 0x00, 0x00, 0x00, 0x00,
  0x00, 0x00, 0x00, 0x00, 0x00, 0x00, 0x00, 0x00, 0x00, 0x00, 0x00, 0x00,
  0x00, 0x00, 0x00, 0x00, 0x00, 0x00, 0x00, 0x00, 0x00, 0x00, 0x00, 0x00,
  0x00, 0x00, 0x00, 0x00, 0x00, 0x00, 0x00, 0x00, 0x00, 0x00, 0x00, 0x00,
  0x00, 0x00, 0x00, 0x00, 0x00, 0x00, 0x00, 0x00, 0x00, 0x00, 0x00, 0x00,
  0x00, 0x00, 0x00, 0x00, 0x00, 0x00, 0x00, 0x00, 0x00, 0x00, 0x00, 0x00,
  0x00, 0x00, 0x00, 0x00, 0x00, 0x00, 0x00, 0x00, 0x00, 0x00, 0x00, 0x00,
  0x00, 0x00, 0x00, 0x00, 0x00, 0x00, 0x00, 0x00, 0x00, 0x00, 0x00, 0x00,
  0x00, 0x00, 0x00, 0x00, 0x00, 0x00, 0x00, 0x00, 0x00, 0x00, 0x00, 0x00,
  0x00, 0x00, 0x00, 0x00, 0x00, 0x00, 0x00, 0x00, 0x00, 0x00, 0x00, 0x00,
  0x00, 0x00, 0x00, 0x00, 0x00, 0x00, 0x00, 0x00, 0x00, 0x00, 0x00, 0x00,
  0x00, 0x00, 0x00, 0x00, 0x00, 0x00, 0x00, 0x00, 0x00, 0x00, 0x00, 0x00,
  0x00, 0x00, 0x00, 0x00, 0x00, 0x00, 0x00, 0x00, 0x00, 0x00, 0x00, 0x00,
  0x00, 0x00, 0x00, 0x00, 0x00, 0x00, 0x00, 0x00, 0x00, 0x00, 0x00, 0x00,
  0x00, 0x00, 0x00, 0x00, 0x00, 0x00, 0x00, 0x00, 0x00, 0x00, 0x00, 0x00,
  0x00, 0x00, 0x00, 0x00, 0x00, 0x00, 0x00, 0x00, 0x00, 0x00, 0x00, 0x00,
  0x00, 0x00, 0x00, 0x00, 0x00, 0x00, 0x00, 0x00, 0x00, 0x00, 0x00, 0x00,
  0x00, 0x00, 0x00, 0x00, 0x00, 0x00, 0x00, 0x00, 0x00, 0x00, 0x00, 0x00,
  0x00, 0x00, 0x00, 0x00, 0x00, 0x00, 0x00, 0x00, 0x24, 0x00, 0x00, 0x00,
  0xd9, 0xcd, 0xbc, 0x3b, 0x4a, 0x46, 0x87, 0x31, 0x4a, 0x46, 0x87, 0x31,
  0x47, 0x22, 0x74, 0x3b, 0xe2, 0xdd, 0xd4, 0x31, 0x4a, 0x46, 0x87, 0x31,
  0x0b, 0xbd, 0x20, 0x32, 0xff, 0x6b, 0x7d, 0x32, 0x62, 0x48, 0x9c, 0x3b,
  0xd4, 0x73, 0x55, 0x3b, 0x34, 0x54, 0xaf, 0x3b, 0x6d, 0xeb, 0x4d, 0x32,
  0x51, 0x1f, 0x17, 0x32, 0x2e, 0x9f, 0x22, 0x32, 0x9f, 0x4a, 0x13, 0x32,
  0x7e, 0x67, 0xa9, 0x3b, 0x7d, 0xc2, 0x0b, 0x32, 0x72, 0x90, 0x42, 0x3b,
  0x4a, 0x46, 0x87, 0x31, 0xe8, 0x17, 0x7a, 0x3b, 0x6f, 0xba, 0x90, 0x3b,
  0x13, 0x55, 0x78, 0x3b, 0x93, 0x5b, 0x28, 0x32, 0xf8, 0x70, 0x2a, 0x32,
  0xe4, 0x6b, 0x85, 0x3b, 0x07, 0x1c, 0xd5, 0x3b, 0x2f, 0x95, 0x26, 0x32,
  0x20, 0x6c, 0xf4, 0x31, 0x03, 0x8d, 0xd1, 0x3b, 0x78, 0x50, 0x58, 0x3b,
  0x79, 0xd9, 0x37, 0x32, 0x7b, 0x84, 0x88, 0x3b, 0xc2, 0x70, 0x6b, 0x3b,
  0x06, 0x76, 0x71, 0x32, 0x8a, 0x82, 0x8f, 0x3b, 0x32, 0x14, 0x33, 0x32,
  0x12, 0x00, 0x00, 0x00, 0x74, 0x66, 0x6c, 0x2e, 0x70, 0x73, 0x65, 0x75,
  0x64, 0x6f, 0x5f, 0x71, 0x63, 0x6f, 0x6e, 0x73, 0x74, 0x37, 0x00, 0x00,
  0x04, 0x00, 0x00, 0x00, 0x24, 0x00, 0x00, 0x00, 0x03, 0x00, 0x00, 0x00,
  0x03, 0x00, 0x00, 0x00, 0x20, 0x00, 0x00, 0x00, 0x0a, 0xf4, 0xff, 0xff,
  0x00, 0x00, 0x00, 0x01, 0x14, 0x00, 0x00, 0x00, 0xd4, 0x01, 0x00, 0x00,
  0x09, 0x00, 0x00, 0x00, 0x00, 0x00, 0x00, 0x02, 0xe0, 0x01, 0x00, 0x00,
  0x84, 0xf3, 0xff, 0xff, 0x08, 0x00, 0x00, 0x00, 0x28, 0x01, 0x00, 0x00,
  0x24, 0x00, 0x00, 0x00, 0x00, 0x00, 0x00, 0x00, 0x00, 0x00, 0x00, 0x00,
  0x00, 0x00, 0x00, 0x00, 0x00, 0x00, 0x00, 0x00, 0x00, 0x00, 0x00, 0x00,
  0x00, 0x00, 0x00, 0x00, 0x00, 0x00, 0x00, 0x00, 0x00, 0x00, 0x00, 0x00,
  0x00, 0x00, 0x00, 0x00, 0x00, 0x00, 0x00, 0x00, 0x00, 0x00, 0x00, 0x00,
  0x00, 0x00, 0x00, 0x00, 0x00, 0x00, 0x00, 0x00, 0x00, 0x00, 0x00, 0x00,
  0x00, 0x00, 0x00, 0x00, 0x00, 0x00, 0x00, 0x00, 0x00, 0x00, 0x00, 0x00,
  0x00, 0x00, 0x00, 0x00, 0x00, 0x00, 0x00, 0x00, 0x00, 0x00, 0x00, 0x00,
  0x00, 0x00, 0x00, 0x00, 0x00, 0x00, 0x00, 0x00, 0x00, 0x00, 0x00, 0x00,
  0x00, 0x00, 0x00, 0x00, 0x00, 0x00, 0x00, 0x00, 0x00, 0x00, 0x00, 0x00,
  0x00, 0x00, 0x00, 0x00, 0x00, 0x00, 0x00, 0x00, 0x00, 0x00, 0x00, 0x00,
  0x00, 0x00, 0x00, 0x00, 0x00, 0x00, 0x00, 0x00, 0x00, 0x00, 0x00, 0x00,
  0x00, 0x00, 0x00, 0x00, 0x00, 0x00, 0x00, 0x00, 0x00, 0x00, 0x00, 0x00,
  0x00, 0x00, 0x00, 0x00, 0x00, 0x00, 0x00, 0x00, 0x00, 0x00, 0x00, 0x00,
  0x00, 0x00, 0x00, 0x00, 0x00, 0x00, 0x00, 0x00, 0x00, 0x00, 0x00, 0x00,
  0x00, 0x00, 0x00, 0x00, 0x00, 0x00, 0x00, 0x00, 0x00, 0x00, 0x00, 0x00,
  0x00, 0x00, 0x00, 0x00, 0x00, 0x00, 0x00, 0x00, 0x00, 0x00, 0x00, 0x00,
  0x00, 0x00, 0x00, 0x00, 0x00, 0x00, 0x00, 0x00, 0x00, 0x00, 0x00, 0x00,
  0x00, 0x00, 0x00, 0x00, 0x00, 0x00, 0x00, 0x00, 0x00, 0x00, 0x00, 0x00,
  0x00, 0x00, 0x00, 0x00, 0x00, 0x00, 0x00, 0x00, 0x00, 0x00, 0x00, 0x00,
  0x00, 0x00, 0x00, 0x00, 0x00, 0x00, 0x00, 0x00, 0x00, 0x00, 0x00, 0x00,
  0x00, 0x00, 0x00, 0x00, 0x00, 0x00, 0x00, 0x00, 0x00, 0x00, 0x00, 0x00,
  0x00, 0x00, 0x00, 0x00, 0x00, 0x00, 0x00, 0x00, 0x00, 0x00, 0x00, 0x00,
  0x00, 0x00, 0x00, 0x00, 0x00, 0x00, 0x00, 0x00, 0x00, 0x00, 0x00, 0x00,
  0x00, 0x00, 0x00, 0x00, 0x00, 0x00, 0x00, 0x00, 0x00, 0x00, 0x00, 0x00,
  0x00, 0x00, 0x00, 0x00, 0x24, 0x00, 0x00, 0x00, 0x91, 0x97, 0x8b, 0x37,
  0xb8, 0x07, 0x48, 0x2d, 0xb8, 0x07, 0x48, 0x2d, 0x05, 0x80, 0x34, 0x37,
  0xfb, 0x61, 0x9d, 0x2d, 0xb8, 0x07, 0x48, 0x2d, 0xfc, 0xae, 0xed, 0x2d,
  0xfc, 0x5d, 0x3b, 0x2e, 0x4b, 0x18, 0x67, 0x37, 0xd8, 0xd0, 0x1d, 0x37,
  0x14, 0xa1, 0x81, 0x37, 0x15, 0x3f, 0x18, 0x2e, 0xd5, 0x76, 0xdf, 0x2d,
  0xeb, 0x77, 0xf0, 0x2d, 0xaf, 0xcc, 0xd9, 0x2d, 0x66, 0x7f, 0x7a, 0x37,
  0x8f, 0xa9, 0xce, 0x2d, 0xcf, 0xd9, 0x0f, 0x37, 0xb8, 0x07, 0x48, 0x2d,
  0xfe, 0xe7, 0x38, 0x37, 0x61, 0x02, 0x56, 0x37, 0xac, 0x9a, 0x37, 0x37,
  0x3b, 0xf3, 0xf8, 0x2d, 0xf5, 0x07, 0xfc, 0x2d, 0x3a, 0x4a, 0x45, 0x37,
  0xee, 0x8f, 0x9d, 0x37, 0x53, 0x53, 0xf6, 0x2d, 0x9f, 0xb6, 0xb4, 0x2d,
  0x5f, 0xee, 0x9a, 0x37, 0x85, 0xee, 0x1f, 0x37, 0xcc, 0xed, 0x07, 0x2e,
  0x3a, 0xde, 0x49, 0x37, 0x96, 0x12, 0x2e, 0x37, 0x1e, 0x86, 0x32, 0x2e,
  0x2f, 0x35, 0x54, 0x37, 0xd9, 0x66, 0x04, 0x2e, 0x12, 0x00, 0x00, 0x00,
  0x74, 0x66, 0x6c, 0x2e, 0x70, 0x73, 0x65, 0x75, 0x64, 0x6f, 0x5f, 0x71,
  0x63, 0x6f, 0x6e, 0x73, 0x74, 0x36, 0x00, 0x00, 0x01, 0x00, 0x00, 0x00,
  0x24, 0x00, 0x00, 0x00, 0x0a, 0xf6, 0xff, 0xff, 0x00, 0x00, 0x00, 0x01,
  0x14, 0x00, 0x00, 0x00, 0x68, 0x02, 0x00, 0x00, 0x08, 0x00, 0x00, 0x00,
  0x00, 0x00, 0x00, 0x09, 0x74, 0x02, 0x00, 0x00, 0x84, 0xf5, 0xff, 0xff,
  0x08, 0x00, 0x00, 0x00, 0x8c, 0x01, 0x00, 0x00, 0x30, 0x00, 0x00, 0x00,
  0x00, 0x00, 0x00, 0x00, 0x00, 0x00, 0x00, 0x00, 0x00, 0x00, 0x00, 0x00,
  0x00, 0x00, 0x00, 0x00, 0x00, 0x00, 0x00, 0x00, 0x00, 0x00, 0x00, 0x00,
  0x00, 0x00, 0x00, 0x00, 0x00, 0x00, 0x00, 0x00, 0x00, 0x00, 0x00, 0x00,
  0x00, 0x00, 0x00, 0x00, 0x00, 0x00, 0x00, 0x00, 0x00, 0x00, 0x00, 0x00,
  0x00, 0x00, 0x00, 0x00, 0x00, 0x00, 0x00, 0x00, 0x00, 0x00, 0x00, 0x00,
  0x00, 0x00, 0x00, 0x00, 0x00, 0x00, 0x00, 0x00, 0x00, 0x00, 0x00, 0x00,
  0x00, 0x00, 0x00, 0x00, 0x00, 0x00, 0x00, 0x00, 0x00, 0x00, 0x00, 0x00,
  0x00, 0x00, 0x00, 0x00, 0x00, 0x00, 0x00, 0x00, 0x00, 0x00, 0x00, 0x00,
  0x00, 0x00, 0x00, 0x00, 0x00, 0x00, 0x00, 0x00, 0x00, 0x00, 0x00, 0x00,
  0x00, 0x00, 0x00, 0x00, 0x00, 0x00, 0x00, 0x00, 0x00, 0x00, 0x00, 0x00,
  0x00, 0x00, 0x00, 0x00, 0x00, 0x00, 0x00, 0x00, 0x00, 0x00, 0x00, 0x00,
  0x00, 0x00, 0x00, 0x00, 0x00, 0x00, 0x00, 0x00, 0x00, 0x00, 0x00, 0x00,
  0x00, 0x00, 0x00, 0x00, 0x00, 0x00, 0x00, 0x00, 0x00, 0x00, 0x00, 0x00,
  0x00, 0x00, 0x00, 0x00, 0x00, 0x00, 0x00, 0x00, 0x00, 0x00, 0x00, 0x00,
  0x00, 0x00, 0x00, 0x00, 0x00, 0x00, 0x00, 0x00, 0x00, 0x00, 0x00, 0x00,
  0x00, 0x00, 0x00, 0x00, 0x00, 0x00, 0x00, 0x00, 0x00, 0x00, 0x00, 0x00,
  0x00, 0x00, 0x00, 0x00, 0x00, 0x00, 0x00, 0x00, 0x00, 0x00, 0x00, 0x00,
  0x00, 0x00, 0x00, 0x00, 0x00, 0x00, 0x00, 0x00, 0x00, 0x00, 0x00, 0x00,
  0x00, 0x00, 0x00, 0x00, 0x00, 0x00, 0x00, 0x00, 0x00, 0x00, 0x00, 0x00,
  0x00, 0x00, 0x00, 0x00, 0x00, 0x00, 0x00, 0x00, 0x00, 0x00, 0x00, 0x00,
  0x00, 0x00, 0x00, 0x00, 0x00, 0x00, 0x00, 0x00, 0x00, 0x00, 0x00, 0x00,
  0x00, 0x00, 0x00, 0x00, 0x00, 0x00, 0x00, 0x00, 0x00, 0x00, 0x00, 0x00,
  0x00, 0x00, 0x00, 0x00, 0x00, 0x00, 0x00, 0x00, 0x00, 0x00, 0x00, 0x00,
  0x00, 0x00, 0x00, 0x00, 0x00, 0x00, 0x00, 0x00, 0x00, 0x00, 0x00, 0x00,
  0x00, 0x00, 0x00, 0x00, 0x00, 0x00, 0x00, 0x00, 0x00, 0x00, 0x00, 0x00,
  0x00, 0x00, 0x00, 0x00, 0x00, 0x00, 0x00, 0x00, 0x00, 0x00, 0x00, 0x00,
  0x00, 0x00, 0x00, 0x00, 0x00, 0x00, 0x00, 0x00, 0x00, 0x00, 0x00, 0x00,
  0x00, 0x00, 0x00, 0x00, 0x00, 0x00, 0x00, 0x00, 0x00, 0x00, 0x00, 0x00,
  0x00, 0x00, 0x00, 0x00, 0x00, 0x00, 0x00, 0x00, 0x00, 0x00, 0x00, 0x00,
  0x00, 0x00, 0x00, 0x00, 0x00, 0x00, 0x00, 0x00, 0x00, 0x00, 0x00, 0x00,
  0x00, 0x00, 0x00, 0x00, 0x00, 0x00, 0x00, 0x00, 0x00, 0x00, 0x00, 0x00,
  0x00, 0x00, 0x00, 0x00, 0x00, 0x00, 0x00, 0x00, 0x00, 0x00, 0x00, 0x00,
  0x00, 0x00, 0x00, 0x00, 0x30, 0x00, 0x00, 0x00, 0x4a, 0x46, 0x87, 0x31,
  0x20, 0x99, 0x5c, 0x3b, 0x56, 0x40, 0x60, 0x3b, 0x4a, 0x46, 0x87, 0x31,
  0xa8, 0xf8, 0x0e, 0x3b, 0x54, 0x60, 0xf8, 0x3a, 0xf5, 0xbe, 0x1e, 0x3b,
  0xfc, 0xf6, 0x94, 0x3b, 0x4a, 0x46, 0x87, 0x31, 0xc8, 0x5e, 0x85, 0x3b,
  0x4a, 0x46, 0x87, 0x31, 0x3d, 0x33, 0x14, 0x3b, 0x4a, 0x46, 0x87, 0x31,
  0xd1, 0x63, 0x07, 0x3b, 0x61, 0xc5, 0x73, 0x3b, 0xf5, 0x2f, 0x92, 0x3b,
  0x4a, 0x46, 0x87, 0x31, 0x38, 0xe9, 0x0a, 0x3b, 0x19, 0xd4, 0x3b, 0x3b,
  0xa4, 0x22, 0x10, 0x3b, 0x43, 0x5a, 0x2e, 0x3b, 0x0f, 0x40, 0xbe, 0x3b,
  0x47, 0x94, 0x5f, 0x3b, 0xc7, 0xd6, 0x79, 0x3b, 0x9d, 0xf8, 0x21, 0x3b,
  0x1d, 0x27, 0x9c, 0x3b, 0x4a, 0x46, 0x87, 0x31, 0x4a, 0x46, 0x87, 0x31,
  0xbc, 0x46, 0x8d, 0x3b, 0x5a, 0x4a, 0xb8, 0x3b, 0xef, 0x89, 0x6d, 0x3b,
  0x4a, 0x46, 0x87, 0x31, 0x48, 0x31, 0x29, 0x3b, 0x43, 0x87, 0x51, 0x3b,
  0x7f, 0xc0, 0x6f, 0x3b, 0xfa, 0x51, 0xb3, 0x3b, 0x4a, 0x46, 0x87, 0x31,
  0x4a, 0x46, 0x87, 0x31, 0x7b, 0x8b, 0x83, 0x3b, 0x33, 0x29, 0xca, 0x3b,
  0x4a, 0x46, 0x87, 0x31, 0x4a, 0x46, 0x87, 0x31, 0x66, 0x90, 0xb1, 0x3b,
  0xba, 0x6d, 0x35, 0x3b, 0x4a, 0x46, 0x87, 0x31, 0x23, 0xbb, 0x96, 0x3b,
  0x4a, 0x46, 0x87, 0x31, 0x4a, 0x46, 0x87, 0x31, 0x12, 0x00, 0x00, 0x00,
  0x74, 0x66, 0x6c, 0x2e, 0x70, 0x73, 0x65, 0x75, 0x64, 0x6f, 0x5f, 0x71,
  0x63, 0x6f, 0x6e, 0x73, 0x74, 0x35, 0x00, 0x00, 0x04, 0x00, 0x00, 0x00,
  0x30, 0x00, 0x00, 0x00, 0x03, 0x00, 0x00, 0x00, 0x03, 0x00, 0x00, 0x00,
  0x24, 0x00, 0x00, 0x00, 0xaa, 0xf8, 0xff, 0xff, 0x00, 0x00, 0x00, 0x01,
  0x14, 0x00, 0x00, 0x00, 0x64, 0x02, 0x00, 0x00, 0x07, 0x00, 0x00, 0x00,
  0x00, 0x00, 0x00, 0x02, 0x70, 0x02, 0x00, 0x00, 0x24, 0xf8, 0xff, 0xff,
  0x08, 0x00, 0x00, 0x00, 0x88, 0x01, 0x00, 0x00, 0x30, 0x00, 0x00, 0x00,
  0x00, 0x00, 0x00, 0x00, 0x00, 0x00, 0x00, 0x00, 0x00, 0x00, 0x00, 0x00,
  0x00, 0x00, 0x00, 0x00, 0x00, 0x00, 0x00, 0x00, 0x00, 0x00, 0x00, 0x00,
  0x00, 0x00, 0x00, 0x00, 0x00, 0x00, 0x00, 0x00, 0x00, 0x00, 0x00, 0x00,
  0x00, 0x00, 0x00, 0x00, 0x00, 0x00, 0x00, 0x00, 0x00, 0x00, 0x00, 0x00,
  0x00, 0x00, 0x00, 0x00, 0x00, 0x00, 0x00, 0x00, 0x00, 0x00, 0x00, 0x00,
  0x00, 0x00, 0x00, 0x00, 0x00, 0x00, 0x00, 0x00, 0x00, 0x00, 0x00, 0x00,
  0x00, 0x00, 0x00, 0x00, 0x00, 0x00, 0x00, 0x00, 0x00, 0x00, 0x00, 0x00,
  0x00, 0x00, 0x00, 0x00, 0x00, 0x00, 0x00, 0x00, 0x00, 0x00, 0x00, 0x00,
  0x00, 0x00, 0x00, 0x00, 0x00, 0x00, 0x00, 0x00, 0x00, 0x00, 0x00, 0x00,
  0x00, 0x00, 0x00, 0x00, 0x00, 0x00, 0x00, 0x00, 0x00, 0x00, 0x00, 0x00,
  0x00, 0x00, 0x00, 0x00, 0x00, 0x00, 0x00, 0x00, 0x00, 0x00, 0x00, 0x00,
  0x00, 0x00, 0x00, 0x00, 0x00, 0x00, 0x00, 0x00, 0x00, 0x00, 0x00, 0x00,
  0x00, 0x00, 0x00, 0x00, 0x00, 0x00, 0x00, 0x00, 0x00, 0x00, 0x00, 0x00,
  0x00, 0x00, 0x00, 0x00, 0x00, 0x00, 0x00, 0x00, 0x00, 0x00, 0x00, 0x00,
  0x00, 0x00, 0x00, 0x00, 0x00, 0x00, 0x00, 0x00, 0x00, 0x00, 0x00, 0x00,
  0x00, 0x00, 0x00, 0x00, 0x00, 0x00, 0x00, 0x00, 0x00, 0x00, 0x00, 0x00,
  0x00, 0x00, 0x00, 0x00, 0x00, 0x00, 0x00, 0x00, 0x00, 0x00, 0x00, 0x00,
  0x00, 0x00, 0x00, 0x00, 0x00, 0x00, 0x00, 0x00, 0x00, 0x00, 0x00, 0x00,
  0x00, 0x00, 0x00, 0x00, 0x00, 0x00, 0x00, 0x00, 0x00, 0x00, 0x00, 0x00,
  0x00, 0x00, 0x00, 0x00, 0x00, 0x00, 0x00, 0x00, 0x00, 0x00, 0x00, 0x00,
  0x00, 0x00, 0x00, 0x00, 0x00, 0x00, 0x00, 0x00, 0x00, 0x00, 0x00, 0x00,
  0x00, 0x00, 0x00, 0x00, 0x00, 0x00, 0x00, 0x00, 0x00, 0x00, 0x00, 0x00,
  0x00, 0x00, 0x00, 0x00, 0x00, 0x00, 0x00, 0x00, 0x00, 0x00, 0x00, 0x00,
  0x00, 0x00, 0x00, 0x00, 0x00, 0x00, 0x00, 0x00, 0x00, 0x00, 0x00, 0x00,
  0x00, 0x00, 0x00, 0x00, 0x00, 0x00, 0x00, 0x00, 0x00, 0x00, 0x00, 0x00,
  0x00, 0x00, 0x00, 0x00, 0x00, 0x00, 0x00, 0x00, 0x00, 0x00, 0x00, 0x00,
  0x00, 0x00, 0x00, 0x00, 0x00, 0x00, 0x00, 0x00, 0x00, 0x00, 0x00, 0x00,
  0x00, 0x00, 0x00, 0x00, 0x00, 0x00, 0x00, 0x00, 0x00, 0x00, 0x00, 0x00,
  0x00, 0x00, 0x00, 0x00, 0x00, 0x00, 0x00, 0x00, 0x00, 0x00, 0x00, 0x00,
  0x00, 0x00, 0x00, 0x00, 0x00, 0x00, 0x00, 0x00, 0x00, 0x00, 0x00, 0x00,
  0x00, 0x00, 0x00, 0x00, 0x00, 0x00, 0x00, 0x00, 0x00, 0x00, 0x00, 0x00,
  0x00, 0x00, 0x00, 0x00, 0x00, 0x00, 0x00, 0x00, 0x00, 0x00, 0x00, 0x00,
  0x30, 0x00, 0x00, 0x00, 0x4d, 0xff, 0xa2, 0x2e, 0x44, 0xe7, 0x84, 0x38,
  0xb3, 0x1a, 0x87, 0x38, 0x4d, 0xff, 0xa2, 0x2e, 0x78, 0x45, 0x2c, 0x38,
  0x8a, 0xa3, 0x15, 0x38, 0x5d, 0x47, 0x3f, 0x38, 0x3c, 0x7e, 0xb3, 0x38,
  0x4d, 0xff, 0xa2, 0x2e, 0xe2, 0xb3, 0xa0, 0x38, 0x4d, 0xff, 0xa2, 0x2e,
  0x60, 0x92, 0x32, 0x38, 0x4d, 0xff, 0xa2, 0x2e, 0xe1, 0x22, 0x23, 0x38,
  0x42, 0xdd, 0x92, 0x38, 0x7e, 0x25, 0xb0, 0x38, 0x4d, 0xff, 0xa2, 0x2e,
  0x03, 0x61, 0x27, 0x38, 0x49, 0x52, 0x62, 0x38, 0x85, 0xac, 0x2d, 0x38,
  0x74, 0x15, 0x52, 0x38, 0x4c, 0x3d, 0xe5, 0x38, 0x0a, 0xb3, 0x86, 0x38,
  0x22, 0x85, 0x96, 0x38, 0x3a, 0x2a, 0x43, 0x38, 0x79, 0x27, 0xbc, 0x38,
  0x4d, 0xff, 0xa2, 0x2e, 0x4d, 0xff, 0xa2, 0x2e, 0x9e, 0x3a, 0xaa, 0x38,
  0xeb, 0x0e, 0xde, 0x38, 0x0e, 0x1c, 0x8f, 0x38, 0x4d, 0xff, 0xa2, 0x2e,
  0xc1, 0xdd, 0x4b, 0x38, 0xe8, 0x77, 0x7c, 0x38, 0x64, 0x71, 0x90, 0x38,
  0xc9, 0x11, 0xd8, 0x38, 0x4d, 0xff, 0xa2, 0x2e, 0x4d, 0xff, 0xa2, 0x2e,
  0xd1, 0x80, 0x9e, 0x38, 0x52, 0x97, 0xf3, 0x38, 0x4d, 0xff, 0xa2, 0x2e,
  0x4d, 0xff, 0xa2, 0x2e, 0x13, 0xf4, 0xd5, 0x38, 0x27, 0x9c, 0x5a, 0x38,
  0x4d, 0xff, 0xa2, 0x2e, 0x0d, 0x9f, 0xb5, 0x38, 0x4d, 0xff, 0xa2, 0x2e,
  0x4d, 0xff, 0xa2, 0x2e, 0x12, 0x00, 0x00, 0x00, 0x74, 0x66, 0x6c, 0x2e,
  0x70, 0x73, 0x65, 0x75, 0x64, 0x6f, 0x5f, 0x71, 0x63, 0x6f, 0x6e, 0x73,
  0x74, 0x34, 0x00, 0x00, 0x01, 0x00, 0x00, 0x00, 0x30, 0x00, 0x00, 0x00,
  0x3a, 0xfb, 0xff, 0xff, 0x00, 0x00, 0x00, 0x01, 0x14, 0x00, 0x00, 0x00,
  0xd8, 0x01, 0x00, 0x00, 0x06, 0x00, 0x00, 0x00, 0x00, 0x00, 0x00, 0x09,
  0xe4, 0x01, 0x00, 0x00, 0xb4, 0xfa, 0xff, 0xff, 0x08, 0x00, 0x00, 0x00,
  0x2c, 0x01, 0x00, 0x00, 0x24, 0x00, 0x00, 0x00, 0x00, 0x00, 0x00, 0x00,
  0x00, 0x00, 0x00, 0x00, 0x00, 0x00, 0x00, 0x00, 0x00, 0x00, 0x00, 0x00,
  0x00, 0x00, 0x00, 0x00, 0x00, 0x00, 0x00, 0x00, 0x00, 0x00, 0x00, 0x00,
  0x00, 0x00, 0x00, 0x00, 0x00, 0x00, 0x00, 0x00, 0x00, 0x00, 0x00, 0x00,
  0x00, 0x00, 0x00, 0x00, 0x00, 0x00, 0x00, 0x00, 0x00, 0x00, 0x00, 0x00,
  0x00, 0x00, 0x00, 0x00, 0x00, 0x00, 0x00, 0x00, 0x00, 0x00, 0x00, 0x00,
  0x00, 0x00, 0x00, 0x00, 0x00, 0x00, 0x00, 0x00, 0x00, 0x00, 0x00, 0x00,
  0x00, 0x00, 0x00, 0x00, 0x00, 0x00, 0x00, 0x00, 0x00, 0x00, 0x00, 0x00,
  0x00, 0x00, 0x00, 0x00, 0x00, 0x00, 0x00, 0x00, 0x00, 0x00, 0x00, 0x00,
  0x00, 0x00, 0x00, 0x00, 0x00, 0x00, 0x00, 0x00, 0x00, 0x00, 0x00, 0x00,
  0x00, 0x00, 0x00, 0x00, 0x00, 0x00, 0x00, 0x00, 0x00, 0x00, 0x00, 0x00,
  0x00, 0x00, 0x00, 0x00, 0x00, 0x00, 0x00, 0x00, 0x00, 0x00, 0x00, 0x00,
  0x00, 0x00, 0x00, 0x00, 0x00, 0x00, 0x00, 0x00, 0x00, 0x00, 0x00, 0x00,
  0x00, 0x00, 0x00, 0x00, 0x00, 0x00, 0x00, 0x00, 0x00, 0x00, 0x00, 0x00,
  0x00, 0x00, 0x00, 0x00, 0x00, 0x00, 0x00, 0x00, 0x00, 0x00, 0x00, 0x00,
  0x00, 0x00, 0x00, 0x00, 0x00, 0x00, 0x00, 0x00, 0x00, 0x00, 0x00, 0x00,
  0x00, 0x00, 0x00, 0x00, 0x00, 0x00, 0x00, 0x00, 0x00, 0x00, 0x00, 0x00,
  0x00, 0x00, 0x00, 0x00, 0x00, 0x00, 0x00, 0x00, 0x00, 0x00, 0x00, 0x00,
  0x00, 0x00, 0x00, 0x00, 0x00, 0x00, 0x00, 0x00, 0x00, 0x00, 0x00, 0x00,
  0x00, 0x00, 0x00, 0x00, 0x00, 0x00, 0x00, 0x00, 0x00, 0x00, 0x00, 0x00,
  0x00, 0x00, 0x00, 0x00, 0x00, 0x00, 0x00, 0x00, 0x00, 0x00, 0x00, 0x00,
  0x00, 0x00, 0x00, 0x00, 0x00, 0x00, 0x00, 0x00, 0x00, 0x00, 0x00, 0x00,
  0x00, 0x00, 0x00, 0x00, 0x00, 0x00, 0x00, 0x00, 0x00, 0x00, 0x00, 0x00,
  0x00, 0x00, 0x00, 0x00, 0x00, 0x00, 0x00, 0x00, 0x00, 0x00, 0x00, 0x00,
  0x00, 0x00, 0x00, 0x00, 0x00, 0x00, 0x00, 0x00, 0x00, 0x00, 0x00, 0x00,
  0x24, 0x00, 0x00, 0x00, 0x4a, 0x46, 0x87, 0x31, 0x4a, 0x46, 0x87, 0x31,
  0x4a, 0x46, 0x87, 0x31, 0xfd, 0xfe, 0xb1, 0x3b, 0x43, 0x92, 0x77, 0x3b,
  0x4a, 0x46, 0x87, 0x31, 0xcb, 0x36, 0x79, 0x3b, 0x4a, 0x46, 0x87, 0x31,
  0x4a, 0x46, 0x87, 0x31, 0xc2, 0xa5, 0x64, 0x3b, 0xa0, 0xc0, 0x89, 0x3b,
  0x33, 0xec, 0xb1, 0x3b, 0xde, 0xb8, 0x95, 0x3b, 0x3a, 0xca, 0x38, 0x38,
  0xec, 0x40, 0xb8, 0x3a, 0x8c, 0x7e, 0x97, 0x3b, 0xe8, 0xf1, 0xfa, 0x3b,
  0xf0, 0x6e, 0x33, 0x3b, 0x4a, 0x46, 0x87, 0x31, 0x4a, 0x46, 0x87, 0x31,
  0x4a, 0x46, 0x87, 0x31, 0xdf, 0x66, 0x22, 0x3b, 0x4a, 0x46, 0x87, 0x31,
  0xce, 0x06, 0xb1, 0x3b, 0x2d, 0x5a, 0x96, 0x3b, 0xad, 0x0d, 0x63, 0x3b,
  0x15, 0xbd, 0x90, 0x3b, 0x4a, 0x46, 0x87, 0x31, 0x4a, 0x46, 0x87, 0x31,
  0xc9, 0xf2, 0x9a, 0x3b, 0x4a, 0x46, 0x87, 0x31, 0x4a, 0x46, 0x87, 0x31,
  0xea, 0xa3, 0xad, 0x3b, 0x4a, 0x46, 0x87, 0x31, 0x9e, 0x0f, 0x8a, 0x3b,
  0x0f, 0x75, 0xb1, 0x3b, 0x12, 0x00, 0x00, 0x00, 0x74, 0x66, 0x6c, 0x2e,
  0x70, 0x73, 0x65, 0x75, 0x64, 0x6f, 0x5f, 0x71, 0x63, 0x6f, 0x6e, 0x73,
  0x74, 0x33, 0x00, 0x00, 0x02, 0x00, 0x00, 0x00, 0x24, 0x00, 0x00, 0x00,
  0x30, 0x00, 0x00, 0x00, 0x42, 0xfd, 0xff, 0xff, 0x00, 0x00, 0x00, 0x01,
  0x14, 0x00, 0x00, 0x00, 0xd4, 0x01, 0x00, 0x00, 0x05, 0x00, 0x00, 0x00,
  0x00, 0x00, 0x00, 0x02, 0xe0, 0x01, 0x00, 0x00, 0xbc, 0xfc, 0xff, 0xff,
  0x08, 0x00, 0x00, 0x00, 0x28, 0x01, 0x00, 0x00, 0x24, 0x00, 0x00, 0x00,
  0x00, 0x00, 0x00, 0x00, 0x00, 0x00, 0x00, 0x00, 0x00, 0x00, 0x00, 0x00,
  0x00, 0x00, 0x00, 0x00, 0x00, 0x00, 0x00, 0x00, 0x00, 0x00, 0x00, 0x00,
  0x00, 0x00, 0x00, 0x00, 0x00, 0x00, 0x00, 0x00, 0x00, 0x00, 0x00, 0x00,
  0x00, 0x00, 0x00, 0x00, 0x00, 0x00, 0x00, 0x00, 0x00, 0x00, 0x00, 0x00,
  0x00, 0x00, 0x00, 0x00, 0x00, 0x00, 0x00, 0x00, 0x00, 0x00, 0x00, 0x00,
  0x00, 0x00, 0x00, 0x00, 0x00, 0x00, 0x00, 0x00, 0x00, 0x00, 0x00, 0x00,
  0x00, 0x00, 0x00, 0x00, 0x00, 0x00, 0x00, 0x00, 0x00, 0x00, 0x00, 0x00,
  0x00, 0x00, 0x00, 0x00, 0x00, 0x00, 0x00, 0x00, 0x00, 0x00, 0x00, 0x00,
  0x00, 0x00, 0x00, 0x00, 0x00, 0x00, 0x00, 0x00, 0x00, 0x00, 0x00, 0x00,
  0x00, 0x00, 0x00, 0x00, 0x00, 0x00, 0x00, 0x00, 0x00, 0x00, 0x00, 0x00,
  0x00, 0x00, 0x00, 0x00, 0x00, 0x00, 0x00, 0x00, 0x00, 0x00, 0x00, 0x00,
  0x00, 0x00, 0x00, 0x00, 0x00, 0x00, 0x00, 0x00, 0x00, 0x00, 0x00, 0x00,
  0x00, 0x00, 0x00, 0x00, 0x00, 0x00, 0x00, 0x00, 0x00, 0x00, 0x00, 0x00,
  0x00, 0x00, 0x00, 0x00, 0x00, 0x00, 0x00, 0x00, 0x00, 0x00, 0x00, 0x00,
  0x00, 0x00, 0x00, 0x00, 0x00, 0x00, 0x00, 0x00, 0x00, 0x00, 0x00, 0x00,
  0x00, 0x00, 0x00, 0x00, 0x00, 0x00, 0x00, 0x00, 0x00, 0x00, 0x00, 0x00,
  0x00, 0x00, 0x00, 0x00, 0x00, 0x00, 0x00, 0x00, 0x00, 0x00, 0x00, 0x00,
  0x00, 0x00, 0x00, 0x00, 0x00, 0x00, 0x00, 0x00, 0x00, 0x00, 0x00, 0x00,
  0x00, 0x00, 0x00, 0x00, 0x00, 0x00, 0x00, 0x00, 0x00, 0x00, 0x00, 0x00,
  0x00, 0x00, 0x00, 0x00, 0x00, 0x00, 0x00, 0x00, 0x00, 0x00, 0x00, 0x00,
  0x00, 0x00, 0x00, 0x00, 0x00, 0x00, 0x00, 0x00, 0x00, 0x00, 0x00, 0x00,
  0x00, 0x00, 0x00, 0x00, 0x00, 0x00, 0x00, 0x00, 0x00, 0x00, 0x00, 0x00,
  0x00, 0x00, 0x00, 0x00, 0x00, 0x00, 0x00, 0x00, 0x00, 0x00, 0x00, 0x00,
  0x00, 0x00, 0x00, 0x00, 0x00, 0x00, 0x00, 0x00, 0x00, 0x00, 0x00, 0x00,
  0x24, 0x00, 0x00, 0x00, 0x27, 0x9e, 0x55, 0x2e, 0x27, 0x9e, 0x55, 0x2e,
  0x27, 0x9e, 0x55, 0x2e, 0x61, 0x8a, 0x8c, 0x38, 0xa5, 0x79, 0x43, 0x38,
  0x27, 0x9e, 0x55, 0x2e, 0xaf, 0xc5, 0x44, 0x38, 0x27, 0x9e, 0x55, 0x2e,
  0x27, 0x9e, 0x55, 0x2e, 0x90, 0x88, 0x34, 0x38, 0xdc, 0x87, 0x59, 0x38,
  0x8b, 0x7b, 0x8c, 0x38, 0xbb, 0x6e, 0x6c, 0x38, 0xa1, 0xe7, 0x11, 0x35,
  0x38, 0x7b, 0x91, 0x37, 0x28, 0x3b, 0x6f, 0x38, 0x8e, 0x23, 0xc6, 0x38,
  0xe6, 0xac, 0x0d, 0x38, 0x27, 0x9e, 0x55, 0x2e, 0x27, 0x9e, 0x55, 0x2e,
  0x27, 0x9e, 0x55, 0x2e, 0x51, 0x3a, 0x00, 0x38, 0x27, 0x9e, 0x55, 0x2e,
  0x6b, 0xc6, 0x8b, 0x38, 0x76, 0x6d, 0x6d, 0x38, 0x5b, 0x46, 0x33, 0x38,
  0x16, 0x90, 0x64, 0x38, 0x27, 0x9e, 0x55, 0x2e, 0x27, 0x9e, 0x55, 0x2e,
  0x7f, 0xaf, 0x74, 0x38, 0x27, 0x9e, 0x55, 0x2e, 0x27, 0x9e, 0x55, 0x2e,
  0xf2, 0x19, 0x89, 0x38, 0x27, 0x9e, 0x55, 0x2e, 0x99, 0x04, 0x5a, 0x38,
  0x79, 0x1d, 0x8c, 0x38, 0x12, 0x00, 0x00, 0x00, 0x74, 0x66, 0x6c, 0x2e,
  0x70, 0x73, 0x65, 0x75, 0x64, 0x6f, 0x5f, 0x71, 0x63, 0x6f, 0x6e, 0x73,
  0x74, 0x32, 0x00, 0x00, 0x01, 0x00, 0x00, 0x00, 0x24, 0x00, 0x00, 0x00,
  0x42, 0xff, 0xff, 0xff, 0x00, 0x00, 0x00, 0x01, 0x14, 0x00, 0x00, 0x00,
  0x30, 0x00, 0x00, 0x00, 0x04, 0x00, 0x00, 0x00, 0x00, 0x00, 0x00, 0x09,
  0x3c, 0x00, 0x00, 0x00, 0xbc, 0xfe, 0xff, 0xff, 0x08, 0x00, 0x00, 0x00,
  0x10, 0x00, 0x00, 0x00, 0x01, 0x00, 0x00, 0x00, 0x00, 0x00, 0x00, 0x00,
  0x00, 0x00, 0x00, 0x00, 0x01, 0x00, 0x00, 0x00, 0x78, 0x8c, 0xe1, 0x3b,
  0x12, 0x00, 0x00, 0x00, 0x74, 0x66, 0x6c, 0x2e, 0x70, 0x73, 0x65, 0x75,
  0x64, 0x6f, 0x5f, 0x71, 0x63, 0x6f, 0x6e, 0x73, 0x74, 0x31, 0x00, 0x00,
  0x02, 0x00, 0x00, 0x00, 0x01, 0x00, 0x00, 0x00, 0x24, 0x00, 0x00, 0x00,
  0xa2, 0xff, 0xff, 0xff, 0x00, 0x00, 0x00, 0x01, 0x14, 0x00, 0x00, 0x00,
  0x30, 0x00, 0x00, 0x00, 0x03, 0x00, 0x00, 0x00, 0x00, 0x00, 0x00, 0x02,
  0x3c, 0x00, 0x00, 0x00, 0x1c, 0xff, 0xff, 0xff, 0x08, 0x00, 0x00, 0x00,
  0x10, 0x00, 0x00, 0x00, 0x01, 0x00, 0x00, 0x00, 0x00, 0x00, 0x00, 0x00,
  0x00, 0x00, 0x00, 0x00, 0x01, 0x00, 0x00, 0x00, 0x23, 0x10, 0xf9, 0x37,
  0x11, 0x00, 0x00, 0x00, 0x74, 0x66, 0x6c, 0x2e, 0x70, 0x73, 0x65, 0x75,
  0x64, 0x6f, 0x5f, 0x71, 0x63, 0x6f, 0x6e, 0x73, 0x74, 0x00, 0x00, 0x00,
  0x01, 0x00, 0x00, 0x00, 0x01, 0x00, 0x00, 0x00, 0x00, 0x00, 0x16, 0x00,
  0x1c, 0x00, 0x18, 0x00, 0x17, 0x00, 0x10, 0x00, 0x0c, 0x00, 0x08, 0x00,
  0x00, 0x00, 0x00, 0x00, 0x00, 0x00, 0x07, 0x00, 0x16, 0x00, 0x00, 0x00,
  0x00, 0x00, 0x00, 0x01, 0x18, 0x00, 0x00, 0x00, 0x18, 0x00, 0x00, 0x00,
  0x02, 0x00, 0x00, 0x00, 0x00, 0x00, 0x00, 0x02, 0x20, 0x00, 0x00, 0x00,
  0x04, 0x00, 0x04, 0x00, 0x04, 0x00, 0x00, 0x00, 0x0e, 0x00, 0x00, 0x00,
  0x61, 0x72, 0x69, 0x74, 0x68, 0x2e, 0x63, 0x6f, 0x6e, 0x73, 0x74, 0x61,
  0x6e, 0x74, 0x00, 0x00, 0x01, 0x00, 0x00, 0x00, 0x02, 0x00, 0x00, 0x00,
  0x00, 0x00, 0x16, 0x00, 0x20, 0x00, 0x1c, 0x00, 0x1b, 0x00, 0x14, 0x00,
  0x10, 0x00, 0x0c, 0x00, 0x00, 0x00, 0x00, 0x00, 0x08, 0x00, 0x07, 0x00,
  0x16, 0x00, 0x00, 0x00, 0x00, 0x00, 0x00, 0x01, 0x18, 0x00, 0x00, 0x00,
  0x34, 0x00, 0x00, 0x00, 0x54, 0x00, 0x00, 0x00, 0x01, 0x00, 0x00, 0x00,
  0x00, 0x00, 0x00, 0x09, 0x6c, 0x00, 0x00, 0x00, 0x04, 0x00, 0x00, 0x00,
  0xff, 0xff, 0xff, 0xff, 0x60, 0x00, 0x00, 0x00, 0x60, 0x00, 0x00, 0x00,
  0x01, 0x00, 0x00, 0x00, 0x0c, 0x00, 0x0c, 0x00, 0x00, 0x00, 0x00, 0x00,
  0x08, 0x00, 0x04, 0x00, 0x0c, 0x00, 0x00, 0x00, 0x08, 0x00, 0x00, 0x00,
  0x14, 0x00, 0x00, 0x00, 0x01, 0x00, 0x00, 0x00, 0x80, 0xff, 0xff, 0xff,
  0xff, 0xff, 0xff, 0xff, 0x00, 0x00, 0x00, 0x00, 0x01, 0x00, 0x00, 0x00,
  0x81, 0x80, 0x80, 0x3b, 0x1e, 0x00, 0x00, 0x00, 0x73, 0x65, 0x72, 0x76,
  0x69, 0x6e, 0x67, 0x5f, 0x64, 0x65, 0x66, 0x61, 0x75, 0x6c, 0x74, 0x5f,
  0x6b, 0x65, 0x72, 0x61, 0x73, 0x5f, 0x74, 0x65, 0x6e, 0x73, 0x6f, 0x72,
  0x3a, 0x30, 0x00, 0x00, 0x04, 0x00, 0x00, 0x00, 0x01, 0x00, 0x00, 0x00,
  0x60, 0x00, 0x00, 0x00, 0x60, 0x00, 0x00, 0x00, 0x01, 0x00, 0x00, 0x00,
  0x05, 0x00, 0x00, 0x00, 0x60, 0x00, 0x00, 0x00, 0x40, 0x00, 0x00, 0x00,
  0x2c, 0x00, 0x00, 0x00, 0x18, 0x00, 0x00, 0x00, 0x04, 0x00, 0x00, 0x00,
  0xc0, 0xff, 0xff, 0xff, 0x0e, 0x00, 0x00, 0x00, 0x02, 0x00, 0x00, 0x00,
  0x00, 0x00, 0x00, 0x0e, 0xd0, 0xff, 0xff, 0xff, 0x09, 0x00, 0x00, 0x00,
  0x04, 0x00, 0x00, 0x00, 0x00, 0x00, 0x00, 0x09, 0xe0, 0xff, 0xff, 0xff,
  0x28, 0x00, 0x00, 0x00, 0x02, 0x00, 0x00, 0x00, 0x00, 0x00, 0x00, 0x28,
  0xf0, 0xff, 0xff, 0xff, 0x11, 0x00, 0x00, 0x00, 0x02, 0x00, 0x00, 0x00,
  0x00, 0x00, 0x00, 0x11, 0x0c, 0x00, 0x10, 0x00, 0x0f, 0x00, 0x00, 0x00,
  0x08, 0x00, 0x04, 0x00, 0x0c, 0x00, 0x00, 0x00, 0x03, 0x00, 0x00, 0x00,
  0x03, 0x00, 0x00, 0x00, 0x00, 0x00, 0x00, 0x03
};
const unsigned int modelWeights_len = 36656;
